ply
format ascii 1.0
element vertex 6790
property float x
property float y
property float z
property uchar red
property uchar green
property uchar blue
end_header
-21.045422 11.880418 45.892925 186 187 173
-17.247208 11.873178 38.010601 93 98 94
-19.893314 12.043329 44.767109 181 185 170
-15.857642 11.438381 35.980114 179 181 170
-17.234823 11.706890 39.436207 189 195 183
-16.025803 11.373500 37.578445 184 189 182
-19.771379 12.335256 46.597000 174 180 170
-15.883080 11.641191 37.785618 93 99 99
-20.261427 -11.213332 48.486832 126 115 111
-15.758115 11.467727 38.407494 189 194 187
-14.963533 11.320057 37.069668 85 97 95
-12.342432 11.052164 30.676674 135 143 132
-6.944926 10.433237 17.291492 192 206 206
-6.532571 10.293312 16.364641 129 149 147
-6.532571 10.293312 16.364641 129 149 147
-18.822262 11.903241 47.194687 181 187 177
-6.391763 10.339272 16.060884 127 147 145
-14.904760 11.598089 37.480358 181 189 178
-15.267483 11.423078 38.380142 181 187 177
-14.714863 11.391311 37.565666 92 101 100
-14.714863 11.391311 37.565666 92 101 100
-7.123998 10.387717 18.267473 204 219 214
-19.433186 -0.406859 49.947418 216 224 227
-14.698570 11.351611 38.318802 179 187 176
-7.658042 10.569650 20.384714 154 165 157
-14.088496 11.217204 38.075642 173 183 172
-14.121243 11.686701 38.362232 177 187 178
-10.940014 -4.596399 30.015203 172 154 142
-11.710917 2.421533 32.271080 125 120 116
-7.133305 -2.978034 20.470112 115 102 93
-13.741820 11.596957 39.651173 123 126 115
-6.842333 -2.243275 19.866589 119 109 99
-12.891659 11.242012 37.522125 184 188 174
-4.058662 -5.873771 11.975230 87 82 86
-3.929770 -5.313547 11.763801 173 169 168
-3.738741 -5.158053 11.311728 127 123 120
-3.184726 -5.625431 9.825505 96 94 99
-3.086885 -5.573365 9.603354 84 82 87
-3.117309 -4.926494 9.720662 110 112 111
-3.138541 -4.442200 9.818560 179 175 176
-3.729491 -3.363561 11.688848 194 184 183
-3.088622 -4.946397 9.762084 140 145 151
-3.605098 -2.122866 11.423268 206 198 195
-3.044993 -4.327491 9.723445 93 92 98
-3.016124 -4.940503 9.677862 64 71 79
-2.991706 -2.535694 9.897122 106 100 100
-2.991706 -2.535694 9.897122 106 100 100
-3.207987 -1.360527 10.648694 212 211 207
-2.952751 -2.006466 9.966812 190 187 180
-2.844242 -5.619566 9.648159 135 131 130
-2.955047 -0.471605 10.252628 141 127 127
-2.804822 -1.983953 9.933267 168 169 161
-2.797839 -2.436686 9.990726 169 170 165
-2.813495 -0.204313 10.135393 150 134 135
-2.820955 -0.689867 10.196980 182 182 184
-2.849927 1.642194 10.307313 167 163 160
-2.687209 -5.671924 9.772987 133 132 137
-2.687209 -5.671924 9.772987 133 132 137
-2.668078 -5.903608 9.718984 132 131 136
-2.744856 -1.999268 10.074527 183 180 175
-2.650025 -5.507162 9.744246 112 119 125
-2.795271 1.086380 10.295471 182 177 171
-2.935230 4.150898 10.817807 70 71 65
-2.635952 -6.108381 9.738425 54 58 67
-2.663655 -4.449443 9.831307 159 160 155
-2.944046 5.113658 10.905030 169 164 160
-2.638315 -5.619074 9.808755 50 55 61
-2.938380 5.160161 10.917876 104 99 95
-2.938380 5.160161 10.917876 104 99 95
-2.960386 5.346870 11.017626 120 115 111
-2.901110 4.182201 10.800367 152 148 145
-2.735322 -0.218281 10.249027 141 127 127
-2.956864 6.104435 11.117534 171 173 170
-2.623183 -4.551950 9.869824 123 126 119
-2.919736 5.426028 11.002143 82 84 83
-2.735819 1.115129 10.341218 128 129 121
-2.577338 -5.531287 9.789567 141 150 155
-2.914940 5.415380 11.134871 167 163 160
-2.556692 -5.687181 9.808611 112 117 121
-2.865359 5.481558 10.981602 140 144 145
-2.574645 -5.637130 9.886111 93 102 107
-2.931473 6.914237 11.280560 118 116 117
-2.565938 -4.624881 9.865836 147 149 144
-2.827198 5.389019 10.962420 76 76 76
-2.879547 6.706738 11.189532 75 76 78
-2.900429 7.407162 11.343472 73 74 76
-2.514097 -5.641426 9.865025 53 58 62
-2.795861 5.356996 11.025618 158 159 154
-2.535880 -2.235714 10.100874 165 156 151
-2.749051 4.867683 10.987004 151 148 143
-2.570364 -0.234479 10.372638 142 130 132
-2.456323 -3.723778 10.043181 120 119 124
-2.467819 -2.469368 10.112664 164 165 160
-2.685122 5.361426 11.026742 160 158 161
-2.701172 5.818473 11.147197 108 96 98
-2.402718 -4.452895 9.945047 154 156 155
-2.402718 -4.452895 9.945047 154 156 155
-2.509166 -1.104250 10.375380 165 151 148
-2.381693 -4.717180 9.932550 159 160 155
-2.404748 -3.676244 10.023688 70 68 71
-2.412157 -2.644222 10.153433 142 133 134
-2.397909 -3.258990 10.105956 135 126 127
-2.368853 -3.620131 10.013934 146 147 151
-2.371581 -3.778193 10.057117 59 60 65
-2.450605 0.464303 10.436718 172 168 169
-2.425739 -0.706228 10.344551 173 173 173
-2.455812 1.583935 10.498878 72 66 66
-2.590406 5.351345 11.079801 153 152 148
-2.338699 -4.430088 10.033052 48 49 54
-2.338699 -4.430088 10.033052 48 49 54
-2.345282 -3.658026 10.064984 53 58 64
-2.303988 -4.805478 10.005262 138 139 143
-2.290935 -4.910206 9.969862 124 132 134
-2.314381 -3.715541 10.090377 171 176 180
-2.314381 -3.715541 10.090377 171 176 180
-2.460758 3.772482 10.841697 153 144 137
-2.460758 3.772482 10.841697 153 144 137
-2.311338 -2.491526 10.224862 69 70 72
-2.236398 -5.567878 9.947382 106 115 120
-2.273765 -3.255266 10.182229 134 134 136
-2.485597 5.366506 11.134824 147 142 136
-2.302473 -1.996192 10.319682 58 62 63
-2.309103 -1.035282 10.377915 161 151 149
-2.295302 -2.559371 10.319074 188 189 193
-2.229714 -3.728680 10.080978 163 168 171
-2.482670 6.337734 11.264299 134 129 125
-2.277575 -1.975839 10.365741 49 54 57
-2.295859 -0.122319 10.468429 161 156 153
-2.293000 -0.797337 10.457329 62 58 55
-2.210624 -4.443284 10.098359 59 59 67
-2.427489 5.310964 11.170438 146 139 133
-2.275306 -0.004303 10.509228 168 158 157
-2.265429 0.451818 10.467419 186 182 181
-2.275996 0.254283 10.546973 155 145 143
-2.245992 -0.729927 10.491672 173 175 174
-2.236938 -0.179727 10.466161 64 60 61
-2.254309 -0.143886 10.555999 49 45 46
-2.331151 4.102518 10.964067 61 60 58
-2.125402 -5.593973 10.023499 105 110 114
-2.245157 0.391644 10.598518 55 51 52
-2.147589 -3.256764 10.154901 132 123 126
-2.293727 3.831722 10.861478 127 120 114
-2.293727 3.831722 10.861478 127 120 114
-2.293727 3.831722 10.861478 127 120 114
-2.202892 -0.828838 10.440780 185 179 179
-2.263398 2.729871 10.759274 129 101 100
-2.198013 -0.739780 10.491326 157 163 159
-2.197073 -0.738463 10.491159 157 163 159
-2.220466 1.020217 10.605408 60 56 55
-2.090211 -5.698146 10.047127 30 40 42
-2.145043 -1.984703 10.323243 62 62 64
-2.278396 3.988369 10.982260 160 153 147
-2.278396 3.988369 10.982260 160 153 147
-2.180995 0.437926 10.650388 175 174 172
-2.163426 1.061462 10.626051 162 158 157
-2.082141 -3.208879 10.229271 58 53 57
-2.228582 4.048929 10.986355 153 150 143
-2.007774 -5.702986 9.992449 116 117 122
-2.246114 4.861508 11.191610 139 136 131
-2.188225 4.097950 11.044732 64 64 62
-2.211628 5.025840 11.227310 162 161 157
-2.186097 4.779715 11.162732 64 56 54
-2.131973 3.506332 10.917049 147 143 142
-1.989372 -3.261074 10.223472 122 110 112
-2.167754 4.831936 11.149153 39 39 37
-1.955481 -5.631509 10.095359 99 108 113
-2.215151 6.618387 11.415961 116 111 108
-2.113316 3.987141 10.960245 141 136 132
-2.142536 4.985590 11.234075 124 122 123
-2.042108 3.100161 10.748298 149 149 141
-2.128365 5.048153 11.222725 127 121 121
-2.126919 5.453686 11.330391 148 148 148
-1.894779 -4.342686 10.159419 145 150 153
-2.157452 7.536695 11.629744 62 64 61
-1.880302 -4.849771 10.151099 70 65 71
-1.930843 -0.844068 10.507032 133 117 118
-2.105075 6.639710 11.496094 141 129 131
-1.885523 -2.221176 10.419855 165 146 148
-1.890638 -1.152703 10.529742 115 99 99
-2.030029 6.634779 11.396546 62 56 58
-1.862259 -3.003087 10.440333 138 126 128
-1.811459 -4.500670 10.167433 122 117 123
-1.783442 -0.266867 10.612190 162 143 145
-1.678322 -5.581996 10.105097 94 99 105
-1.797389 -0.507440 10.790696 141 126 129
-1.797389 -0.507440 10.790696 141 126 129
-1.694826 -5.766416 10.205611 100 98 99
-1.665696 -5.150115 10.234164 115 116 118
-1.665696 -5.150115 10.234164 115 116 118
-1.668972 -3.767765 10.319942 133 131 136
-1.707208 -0.871011 10.677254 135 123 125
-1.627252 -3.932695 10.274606 113 106 113
-1.627252 -3.932695 10.274606 113 106 113
-1.627495 -4.352873 10.273744 123 122 127
-1.636028 -5.135424 10.353762 48 52 55
-1.629658 -3.954674 10.339017 122 115 122
-1.629658 -3.954674 10.339017 122 115 122
-1.593900 -5.521029 10.235179 30 29 35
-1.628711 -3.181188 10.431541 130 130 130
-1.614738 -2.567096 10.465197 155 155 153
-1.563988 -5.741633 10.264759 39 40 44
-1.575015 -3.873165 10.363570 54 53 58
-1.545728 -5.582668 10.205005 107 112 116
-1.556242 -4.427936 10.311511 42 50 52
-1.556242 -4.427936 10.311511 42 50 52
-1.550015 -4.292989 10.315649 43 42 47
-1.569297 -3.190087 10.451341 144 148 149
-1.568224 -2.922812 10.522053 128 108 109
-1.715882 6.656525 11.635110 119 109 107
-1.571092 -1.530639 10.660830 149 134 129
-1.679625 5.429566 11.433093 134 130 129
-1.555316 -2.676295 10.608549 67 63 64
-1.629619 4.328809 11.314865 127 116 112
-1.526364 -1.690382 10.619860 167 157 155
-1.502236 -3.188716 10.490656 157 158 160
-1.481864 -3.831738 10.451863 131 135 138
-1.534632 -0.762586 10.820827 167 159 157
-1.471105 -3.291722 10.413078 127 118 123
-1.524914 -1.455688 10.840918 64 59 55
-1.553600 3.932766 11.178711 125 105 106
-1.497086 -0.707262 10.829509 52 44 41
-1.492699 -0.809092 10.829108 36 32 31
-1.504458 0.891858 10.927508 136 121 118
-1.446100 -2.618637 10.628062 148 150 149
-1.505027 2.076502 11.048602 125 104 101
-1.494521 2.220428 11.006756 194 198 199
-1.479120 -0.245266 10.905462 64 60 59
-1.446899 -1.958373 10.689954 175 179 178
-1.479166 1.486711 11.018619 141 120 117
-1.465876 0.508526 10.976009 73 63 62
-1.456944 2.236068 10.924926 128 118 117
-1.406959 -1.656243 10.630913 124 110 110
-1.406862 -1.479563 10.655558 67 53 53
-1.433329 -0.306630 10.883753 173 159 158
-1.457926 3.338261 11.179648 119 94 90
-1.423994 0.416775 10.923283 171 172 167
-1.364710 -3.321864 10.481353 121 116 120
-1.440946 1.560937 11.056598 46 41 38
-1.425821 0.919746 10.989598 53 47 47
-1.443726 2.834197 11.163301 160 160 158
-1.379204 -1.475280 10.727480 137 123 123
-1.399018 0.982058 10.968612 168 167 165
-1.393636 -0.192741 10.973348 165 167 166
-1.393610 0.838753 10.969739 192 184 182
-1.422251 4.106576 11.317357 143 141 142
-1.344647 -1.977678 10.724109 164 168 167
-1.411554 3.404510 11.242963 51 44 38
-1.383901 2.082621 11.078106 165 157 154
-1.338708 -0.775877 10.838371 161 156 153
-1.387216 4.044538 11.302563 57 49 47
-1.437978 6.143552 11.750898 140 136 137
-1.408486 5.423008 11.567389 146 140 140
-1.341483 2.069009 11.015563 107 89 89
-1.355331 2.885253 11.145350 168 160 158
-1.268139 -2.978553 10.511652 126 117 120
-1.268139 -2.978553 10.511652 126 117 120
-1.393832 5.699144 11.588889 136 121 116
-1.383030 4.712100 11.487759 47 41 41
-1.395854 7.236778 11.829727 115 97 97
-1.383780 6.744913 11.784101 140 134 134
-1.319986 4.113145 11.304111 140 132 130
-1.348212 5.981369 11.634131 51 42 43
-1.317147 5.728683 11.630202 140 125 122
-1.333082 6.695226 11.770687 51 40 46
-1.333082 6.695226 11.770687 51 40 46
-1.305841 5.875001 11.589296 150 136 133
-1.249478 3.348911 11.116185 50 46 47
-1.324732 7.168574 11.849814 51 47 46
-1.290429 6.070338 11.695525 135 134 132
-1.250419 4.703688 11.512522 48 43 40
-1.282222 7.390909 11.946053 124 120 117
-1.261815 7.138493 11.791222 121 113 111
-1.221717 4.647879 11.532021 117 99 97
-1.240012 6.044823 11.770021 39 34 30
-1.068159 -5.794872 10.369320 82 76 78
-1.227399 7.326454 11.905481 59 49 47
-1.070883 -4.408890 10.456952 113 115 114
-1.023333 -2.575110 10.639670 134 134 134
-0.990555 -5.813202 10.516434 28 27 33
-1.005037 -1.524463 10.910899 123 109 109
-0.966576 -3.970098 10.620753 111 99 101
-0.993650 -0.199287 11.086873 159 159 159
-0.933152 -4.440176 10.547587 109 110 112
-0.873711 -5.894175 10.479143 99 97 100
-0.935504 0.878161 11.202415 174 156 152
-0.890294 -3.375481 10.773220 118 114 115
-0.894665 -0.902251 10.999450 129 109 111
-0.897921 1.141746 11.208127 222 199 193
-0.864196 -2.699522 10.841144 45 45 45
-0.824476 -5.188723 10.562338 103 94 99
-0.826881 -3.829934 10.655332 122 118 119
-0.809420 -3.647208 10.698130 137 133 132
-0.800276 -4.603960 10.769276 35 35 37
-0.799073 -3.380783 10.753146 132 128 127
-0.799073 -3.380783 10.753146 132 128 127
-0.810610 -1.530639 10.982597 122 108 108
-0.775633 -5.147506 10.627213 6 4 9
-0.772384 -5.803821 10.612803 35 36 41
-0.772384 -5.803821 10.612803 35 36 41
-0.792762 -2.781974 10.870439 118 106 110
-0.774078 -3.783568 10.718371 35 35 33
-0.812402 0.831220 11.231401 170 152 142
-0.836634 5.390309 11.748485 129 128 126
-0.778553 -2.137153 10.914441 136 126 127
-0.778553 -2.137153 10.914441 136 126 127
-0.766721 -2.677868 10.900983 34 34 34
-0.770897 -0.213915 11.172949 172 172 172
-0.727589 -4.970440 10.625030 115 114 119
-0.728374 -3.767627 10.725771 151 151 149
-0.717782 -3.825438 10.669077 152 154 151
-0.748752 -2.066132 11.048368 39 39 37
-0.724855 -3.716149 10.755738 151 151 149
-0.713149 -5.071347 10.631599 111 108 115
-0.734970 -1.413790 11.080892 147 147 145
-0.735113 -1.426113 11.150801 144 144 142
-0.740249 2.049521 11.318285 120 101 97
-0.686319 -4.542617 10.755770 97 101 104
-0.714539 -1.352041 11.139972 144 138 138
-0.674707 -5.182523 10.588003 100 96 97
-0.682091 -3.646479 10.729886 156 155 151
-0.704373 -1.261216 11.091887 142 130 132
-0.713064 0.265200 11.281619 119 103 103
-0.659195 -3.990665 10.668966 105 93 95
-0.695639 0.206629 11.229080 124 110 107
-0.680316 -2.064329 11.033587 43 45 42
-0.673082 -1.476257 11.086910 38 34 31
-0.673082 -1.476257 11.086910 38 34 31
-0.682556 -0.219915 11.254159 160 156 155
-0.676329 -0.838883 11.157068 140 136 133
-0.688934 1.437512 11.378772 130 107 99
-0.681482 1.157628 11.389134 136 111 106
-0.683546 2.656774 11.417721 129 100 94
-0.676631 2.180278 11.423099 155 155 155
-0.626271 -3.842341 10.695381 121 123 120
-0.659022 0.841682 11.262077 158 145 136
-0.673181 4.056311 11.564243 136 127 128
-0.655907 -0.280876 11.290762 51 39 39
-0.655907 -0.280876 11.290762 51 39 39
-0.638297 -1.403216 11.103618 177 172 169
-0.613366 -5.261171 10.765138 104 100 101
-0.646497 1.014142 11.406281 40 40 38
-0.646814 1.502653 11.423575 57 44 38
-0.642244 0.302992 11.350925 40 36 35
-0.647187 2.124613 11.432503 41 35 35
-0.647187 2.124613 11.432503 41 35 35
-0.608449 -3.323075 10.828209 41 37 36
-0.644476 4.560730 11.596788 125 104 101
-0.643364 3.908935 11.598100 117 93 89
-0.630021 2.171256 11.445493 35 35 35
-0.579095 -4.612700 10.663309 111 105 105
-0.588954 -3.724334 10.809819 82 74 72
-0.609955 0.226569 11.276000 180 170 169
-0.616242 2.716847 11.476951 56 46 47
-0.607759 2.047531 11.361426 123 104 100
-0.602214 -0.213410 11.296799 135 134 132
-0.601187 0.989585 11.350775 153 158 152
-0.612820 3.858423 11.544185 120 96 92
-0.590064 -0.864374 11.233589 139 140 135
-0.627830 7.967224 12.206899 51 47 48
-0.631291 8.075355 12.310633 44 43 48
-0.586248 1.469211 11.427946 160 150 148
-0.579617 2.461572 11.451907 160 145 140
-0.587118 4.740123 11.746715 139 138 134
-0.570724 5.228871 11.737264 113 100 94
-0.562610 3.375431 11.513426 47 37 36
-0.562610 3.375431 11.513426 47 37 36
-0.542530 -0.090199 11.328129 119 100 96
-0.563557 4.686918 11.754462 45 37 35
-0.538073 2.500315 11.454226 108 89 82
-0.493682 -5.928314 10.721995 78 71 78
-0.544765 4.759292 11.785255 34 33 29
-0.539178 4.862673 11.827019 36 35 33
-0.518425 3.417634 11.520493 147 142 139
-0.513978 0.842930 11.392405 165 155 145
-0.523265 5.074050 11.814709 26 22 23
-0.483494 2.731203 11.548709 48 39 40
-0.483212 4.692901 11.670233 144 140 139
-0.489575 6.034220 12.001057 33 29 28
-0.477566 5.224694 11.873075 137 127 126
-0.470291 5.122418 11.798595 132 131 126
-0.475620 7.954872 12.312595 43 40 35
-0.448633 1.480470 11.513112 154 139 134
-0.427386 -0.088483 11.311571 153 140 134
-0.427386 -0.088483 11.311571 153 140 134
-0.454245 7.829464 12.269862 56 48 46
-0.433039 5.177120 11.831673 75 60 55
-0.430774 3.351143 11.878548 150 122 111
-0.407817 0.393569 11.456563 105 94 92
-0.409642 7.314823 12.162396 138 130 127
-0.407793 7.867985 12.278084 135 130 127
-0.354335 -3.895290 10.874030 120 119 117
-0.358773 0.844084 11.317259 161 151 142
-0.331881 -5.233569 10.733878 105 101 100
-0.367801 4.573947 11.726304 117 96 91
-0.369573 5.261999 11.953190 125 107 105
-0.359343 3.027645 11.560263 141 114 103
-0.364454 6.582923 12.067657 44 39 36
-0.343125 0.230819 11.346617 120 99 96
-0.349584 4.717860 11.838476 140 136 133
-0.339065 7.944726 12.311227 65 64 60
-0.298839 -1.898764 11.119367 163 158 162
-0.298839 -1.898764 11.119367 163 158 162
-0.306239 5.180116 11.875213 136 119 112
-0.278594 5.349912 11.938446 125 125 123
-0.223054 -2.201373 11.157922 115 105 106
-0.200767 -1.849576 11.134686 140 141 143
-0.200767 -1.849576 11.134686 140 141 143
-0.192654 -4.710073 10.883531 64 54 53
-0.178602 -4.310685 10.658566 100 98 103
-0.180683 5.135467 11.817178 121 98 92
-0.148599 -4.767390 10.890491 159 165 165
-0.148599 -4.767390 10.890491 159 165 165
-0.147503 -4.981762 10.866058 143 143 145
-0.146103 -2.791970 11.075871 107 105 106
-0.148094 0.223183 11.484090 127 109 105
-0.132866 -5.174647 10.917723 73 72 77
-0.140290 5.988910 12.082163 124 120 117
-0.118665 -0.967708 11.257195 120 108 108
-0.111055 8.080684 12.536180 122 123 125
-0.092776 -5.140882 10.901382 71 70 75
-0.069380 7.964210 12.416519 45 43 46
-0.069380 7.964210 12.416519 45 43 46
-0.054268 -2.756516 11.141069 30 30 30
-0.025764 -5.268143 10.968734 24 22 27
-0.020116 -2.187606 11.144459 132 133 138
-0.013332 -4.549925 11.026557 86 90 93
-0.013553 -4.051240 11.000123 101 92 95
-0.003398 -5.700906 10.892374 23 22 27
-0.003398 -5.700906 10.892374 23 22 27
0.019409 -2.853170 11.131344 103 99 100
0.019409 -2.853170 11.131344 103 99 100
0.043198 -5.500690 10.964584 90 85 91
0.049666 -5.239343 10.988609 20 19 24
0.050454 -1.606309 11.370431 119 110 111
0.061780 -5.297324 10.958884 72 67 71
0.064953 -4.484092 11.076378 14 14 14
0.064953 -4.484092 11.076378 14 14 14
0.060535 -4.015337 11.074658 31 29 30
0.068977 4.043606 11.891037 139 138 136
0.081398 0.797032 11.699687 150 131 127
0.083627 1.999132 11.764534 121 109 109
0.090347 -0.901702 11.404602 44 43 41
0.097427 -0.853639 11.481335 39 38 36
0.099208 0.330518 11.646762 156 155 153
0.105720 -0.346205 11.619221 41 31 30
0.105237 -0.777541 11.505750 42 33 34
0.123635 -5.928563 11.018860 7 6 11
0.127360 -2.069006 11.312422 140 144 145
0.132357 -1.523935 11.488017 35 37 34
0.131463 -1.591654 11.359017 172 170 173
0.142342 0.279476 11.613761 40 35 32
0.142724 -5.292927 11.087991 22 21 26
0.144863 2.036700 11.733816 112 100 100
0.152600 -0.770896 11.554142 148 139 140
0.157528 -0.847388 11.545706 119 118 116
0.161130 -0.471339 11.529107 163 159 156
0.164493 1.482275 11.753532 46 41 38
0.171870 -4.497749 11.047073 108 108 110
0.184192 0.344627 11.654851 150 145 142
0.184192 0.344627 11.654851 150 145 142
0.194904 2.101627 11.923983 43 39 40
0.193226 -0.443110 11.515448 59 39 38
0.188499 -3.931381 11.105945 108 110 107
0.211228 2.753047 11.810335 35 35 35
0.205086 -1.642667 11.337194 134 140 140
0.213031 4.428054 11.877648 114 90 86
0.214986 0.748873 11.669302 152 153 147
0.215766 0.822022 11.715845 141 131 130
0.223588 3.317027 11.858901 39 33 33
0.226468 0.898952 11.752386 158 164 162
0.220588 -2.787100 11.231041 25 20 24
0.271367 6.516890 12.360442 116 97 93
0.258965 2.799511 11.858569 146 152 148
0.268667 5.248218 12.097281 37 33 32
0.268667 5.248218 12.097281 37 33 32
0.259591 -0.345770 11.625463 40 30 29
0.256230 -1.587584 11.341000 130 128 129
0.266288 -2.016973 11.298333 88 86 91
0.297732 5.439857 12.199546 32 24 22
0.300016 5.907278 12.277638 32 28 27
0.308980 6.597193 12.275665 116 105 103
0.296081 3.371163 11.899195 135 137 134
0.298533 -4.616158 11.223177 87 87 87
0.323385 5.376643 12.179029 129 119 118
0.315169 0.907485 11.745556 148 150 147
0.324019 1.423786 11.816127 147 128 122
0.310339 -4.710342 11.112643 91 81 82
0.328544 0.172153 11.603681 117 93 91
0.323514 -1.797661 11.430717 91 91 93
0.340912 2.618104 11.880118 128 119 112
0.369995 7.197806 12.466916 32 26 26
0.370246 5.973818 12.333779 126 125 123
0.346831 -4.655323 11.196353 14 12 13
0.353606 -5.233819 11.203759 66 65 70
0.356622 -1.653384 11.373928 77 57 56
0.425999 7.280308 12.500847 121 117 114
0.440939 7.114595 12.478065 131 117 116
0.459551 7.916521 12.630745 46 40 40
0.460779 6.977165 12.406854 73 54 48
0.439645 2.759156 11.961794 160 162 161
0.419863 -2.854557 11.319494 105 96 97
0.467280 6.655896 12.368177 134 123 119
0.443358 0.777552 11.791054 124 106 104
0.487986 7.938331 12.592393 123 122 118
0.463430 1.406463 11.819701 141 126 119
0.498154 7.272386 12.531696 113 109 106
0.496058 5.852829 12.319956 130 111 107
0.512517 7.236368 12.570871 59 51 49
0.483357 -1.637506 11.442038 122 108 107
0.552841 8.036876 12.694469 30 29 27
0.552841 8.036876 12.694469 30 29 27
0.557000 7.912172 12.617806 47 45 46
0.512255 -4.587578 11.255087 93 97 98
0.526938 -2.547352 11.533818 100 104 105
0.559033 -0.898007 11.654812 132 128 127
0.609421 -2.872912 11.403390 104 95 96
0.686418 7.856492 12.551433 130 126 125
0.648108 -1.750552 11.608670 128 115 109
0.638310 -6.047537 11.340294 15 10 14
0.693693 -1.008351 11.645836 119 109 108
0.680973 -3.345095 11.344183 102 102 104
0.732838 2.648466 12.104850 111 83 79
0.727339 0.777298 11.882449 113 94 88
0.727541 -2.276828 11.582817 107 107 109
0.718489 -3.275852 11.358336 59 57 60
0.742451 -3.990625 11.377750 87 87 89
0.774287 -0.970824 11.779142 20 16 15
0.793164 -1.457017 11.675269 147 146 142
0.819214 -1.112115 11.746385 140 137 130
0.819214 -1.112115 11.746385 140 137 130
0.814455 -1.315910 11.682612 162 162 154
0.858620 2.634209 12.115149 116 101 96
0.840974 -0.912173 11.729834 125 124 122
0.863668 -0.371081 11.915789 45 40 37
0.883348 3.237880 12.116153 106 82 78
0.891786 2.118599 12.193805 148 150 149
0.849957 -2.304843 11.534302 103 98 102
0.877493 0.167238 11.891009 151 144 138
0.855768 -2.915195 11.516362 112 103 106
0.853910 -3.964609 11.387045 109 110 112
0.860603 -2.621573 11.500905 135 135 137
0.896265 -0.037351 11.864620 169 158 152
0.910570 1.376029 12.038400 139 123 110
0.910578 1.379251 12.025976 139 123 110
0.910578 1.379251 12.025976 139 123 110
0.893403 -1.567468 11.715420 33 33 33
0.937227 2.590470 12.134709 121 106 101
0.891699 -2.694997 11.532533 13 13 15
0.902495 -2.225804 11.625534 37 36 34
0.918464 -1.000836 11.835137 38 34 31
0.890270 -5.225767 11.346437 134 135 139
0.948269 2.429222 12.164037 114 101 95
0.943181 0.889175 12.016750 33 31 32
0.945753 -0.071319 11.917472 44 36 34
0.945753 -0.071319 11.917472 44 36 34
0.936765 -0.929604 11.777915 143 142 140
0.978489 2.743051 12.259048 141 141 143
0.960950 -0.973355 11.876522 21 20 18
0.995765 2.668433 12.277477 36 31 28
0.988357 2.370277 12.158624 45 37 34
0.944098 -2.689795 11.586324 123 123 125
0.995202 3.351869 12.216666 135 135 137
0.983933 1.465564 11.968591 159 164 160
1.062923 7.957044 12.856894 119 120 115
0.959880 -2.755061 11.590280 125 131 131
0.964192 -2.290244 11.632966 133 129 130
1.009072 1.027552 12.055830 149 145 142
1.007020 0.887712 12.014041 158 154 151
1.014467 0.887675 12.077531 157 156 152
1.042645 5.125319 12.422123 110 105 101
1.026101 2.093855 12.140412 153 155 152
1.026101 2.093855 12.140412 153 155 152
1.090608 8.166656 12.857197 118 111 103
1.048745 5.099672 12.379230 117 112 108
1.050826 3.928399 12.313582 32 32 34
1.110531 7.950057 12.901069 129 129 129
1.048486 3.444502 12.230413 42 34 31
1.063106 0.067587 12.217635 102 89 83
1.074897 4.623837 12.367270 17 17 15
1.074409 2.711222 12.229817 137 141 140
1.074409 2.711222 12.229817 137 141 140
1.081697 3.399609 12.259065 145 140 134
1.101763 5.184842 12.444409 32 28 29
1.071460 1.957735 12.087292 142 135 127
1.088971 3.660927 12.207006 138 130 128
1.138479 6.451236 12.623549 100 82 80
1.096610 1.889433 12.185391 95 84 78
1.163255 7.792786 12.810934 46 44 47
1.034930 -3.497696 11.459305 91 87 88
1.146636 5.833925 12.588053 114 96 92
1.115920 3.366063 12.233244 133 132 128
1.135272 4.609207 12.356361 131 130 128
1.178526 7.780434 12.723608 34 35 39
1.140906 1.471749 12.200648 138 142 141
1.154714 1.331469 12.096101 82 73 68
1.207968 5.981516 12.595998 134 124 125
1.109053 -3.468165 11.569874 18 13 17
1.258808 7.746627 12.909068 114 106 104
1.189727 1.423418 12.212490 41 37 38
1.263027 7.226912 12.763745 120 121 123
1.318455 6.521707 12.747907 28 22 22
1.197674 -6.112173 11.540405 74 69 66
1.209713 -2.767352 11.678766 103 109 109
1.349277 5.180814 12.373202 115 113 114
1.275098 -6.069188 11.591542 10 5 9
1.323789 -2.150321 11.741100 112 111 109
1.415905 4.451535 12.401361 99 78 73
1.322965 -4.011794 11.543878 85 85 83
1.450655 5.775495 12.613527 108 96 96
1.455083 -1.436529 11.857416 74 60 57
1.437086 -4.004055 11.591294 80 79 77
1.556861 1.356709 12.436860 104 91 85
1.508850 -2.074569 11.895266 96 92 91
1.655125 6.563350 12.893415 123 117 117
1.576454 0.715658 12.262748 108 88 87
1.544312 -3.448904 11.781570 84 84 86
1.566703 -4.781078 11.769019 23 19 18
1.637826 1.552066 12.320898 132 124 122
1.755037 7.851656 13.099684 48 44 45
1.755037 7.851656 13.099684 48 44 45
1.725796 6.509880 12.814407 130 129 127
1.772148 8.273671 13.136235 36 40 43
1.588857 -6.025194 11.763073 69 67 68
1.773721 8.277870 13.143218 36 40 43
1.713720 5.758122 12.709369 122 104 100
1.591042 -2.149512 11.746531 96 94 95
1.626261 -5.524889 11.881116 18 16 19
1.618134 -4.714055 11.769743 73 71 72
1.625595 -2.973301 11.844222 76 64 66
1.773601 5.843361 12.822489 30 25 21
1.676665 -0.510624 12.127661 126 123 116
1.784899 5.866638 12.880054 30 25 21
1.671640 -0.801840 12.065962 136 131 128
1.638595 -5.609787 11.756816 11 6 3
1.638595 -5.609787 11.756816 11 6 3
1.651412 -2.334110 11.866182 116 106 105
1.656404 -3.475706 11.886332 87 87 87
1.859418 8.479868 13.273383 105 109 112
1.741377 1.940866 12.435675 113 100 94
1.853954 7.934916 13.172459 119 119 119
1.703339 -1.020600 12.110644 26 24 25
1.703339 -1.020600 12.110644 26 24 25
1.703339 -1.020600 12.110644 26 24 25
1.735130 0.741453 12.339266 95 74 71
1.767074 3.224681 12.488173 103 82 81
1.674844 -4.178992 11.803654 27 21 21
1.697348 -2.110459 11.940147 26 22 23
1.694879 -2.909978 11.912084 23 25 24
1.740219 -0.460267 12.221737 30 22 20
1.702127 -2.238637 11.910123 30 29 27
1.785330 1.323269 12.467166 112 101 97
1.777334 1.403601 12.363980 35 31 30
1.705644 -4.688644 11.827455 17 13 12
1.686539 -5.746592 11.682489 80 75 71
1.700336 -5.994304 11.762362 72 68 67
1.801398 0.775044 12.405316 33 31 32
1.834370 4.446880 12.644341 101 81 80
1.793565 0.235502 12.315505 143 145 142
1.803638 1.592619 12.388903 36 25 23
1.830772 2.002524 12.534076 29 30 25
1.851090 3.972234 12.672696 127 127 127
1.872699 5.231575 12.785439 122 120 121
1.832050 2.648254 12.497897 37 31 33
1.888767 5.724040 12.808211 105 85 78
1.740621 -2.944546 11.798471 126 128 127
1.864816 4.355458 12.619528 113 98 91
1.818895 0.613076 12.274764 146 140 140
1.758669 -3.433439 11.822733 107 105 106
1.833509 0.708858 12.324828 135 134 132
1.828729 -0.550051 12.228751 80 61 57
1.873689 1.943747 12.505510 135 131 128
1.815325 -1.628948 12.079932 108 110 105
1.905362 3.245757 12.661103 29 27 28
1.817159 -2.866357 12.044713 95 99 98
1.876608 0.811252 12.445858 119 121 120
1.876608 0.811252 12.445858 119 121 120
1.897889 3.944776 12.582623 14 12 15
1.931281 4.528010 12.756928 32 31 27
1.791272 -2.308529 11.805207 105 95 94
1.906058 2.053849 12.579258 115 119 120
1.959283 5.808703 12.900170 27 25 26
1.988575 6.567047 13.028945 137 135 136
1.881466 0.666331 12.327906 72 54 54
2.003557 5.731090 12.891706 130 120 119
2.017442 6.578708 12.968911 31 25 25
1.950925 3.167036 12.559166 111 101 102
1.885224 -0.516336 12.098737 112 96 96
1.871616 -2.922883 11.967158 29 29 29
2.037716 5.885128 12.962765 132 131 129
1.887041 -4.122783 11.929770 71 73 70
2.083092 7.041225 13.131271 26 20 20
1.924649 -2.092940 12.068412 112 100 102
1.964391 -0.498216 12.274353 102 97 94
2.040306 4.525157 12.728297 19 20 15
2.100274 6.525462 13.035937 141 135 135
1.960837 -2.091028 12.047139 15 6 7
2.022178 0.092015 12.403543 115 95 88
1.991226 -2.180568 12.058716 111 111 109
2.080859 3.150800 12.599970 102 88 88
2.088402 2.564750 12.614686 108 91 84
2.074231 0.716444 12.428556 105 95 96
2.051113 -1.603925 12.215469 104 106 105
2.223668 7.027995 13.094065 113 103 102
2.040232 -4.091060 11.960065 74 73 71
2.028209 -4.064011 11.896843 79 75 72
2.289695 7.912117 13.367710 113 114 118
2.158549 0.817795 12.508210 94 90 91
2.337228 5.896625 13.122386 139 135 134
2.384326 7.874784 13.336672 113 114 116
2.232007 -2.304296 12.093391 11 10 8
2.299500 -1.805829 12.350576 109 99 98
2.374578 0.389567 12.575459 111 105 105
2.395018 1.892463 12.560830 103 85 83
2.347841 -3.663242 12.138176 84 75 76
2.366367 -2.321110 12.219589 13 9 8
2.397598 -3.562358 12.330964 74 73 71
2.568535 5.913997 13.179360 111 106 103
2.391857 -4.174149 12.198010 65 64 62
2.664346 7.815331 13.414830 130 132 131
2.587520 4.540310 12.907002 127 127 127
2.467658 -1.632264 12.291689 102 101 99
2.555403 1.261824 12.713284 113 105 103
2.481816 -3.633640 12.247478 22 18 17
2.682334 6.977516 13.201323 113 104 99
2.701673 6.564915 13.274635 125 117 114
2.519930 -1.786534 12.350593 98 90 88
2.553666 -0.481021 12.487225 29 23 23
2.620138 2.471597 12.816376 115 104 100
2.481724 -4.200480 12.116400 12 8 7
2.589200 0.743135 12.606006 21 21 23
2.526664 -2.428711 12.294763 101 97 96
2.611873 0.117827 12.705198 24 18 18
2.584174 -0.291125 12.553876 19 9 7
2.533845 -1.701896 12.291828 14 14 14
2.533845 -1.701896 12.291828 14 14 14
2.624739 0.888085 12.717555 16 16 14
2.636460 1.342401 12.783494 38 37 35
2.527960 -4.149483 12.179663 80 78 79
2.564549 -1.602225 12.368102 11 5 7
2.660245 3.473915 12.839446 121 108 100
2.574522 -2.371439 12.379171 21 21 19
2.783478 6.541225 13.350269 124 119 116
2.649362 0.801588 12.682133 129 135 135
2.544618 -3.672771 12.163567 113 103 102
2.655373 0.804594 12.694832 129 135 135
2.779361 6.990342 13.252501 108 100 97
2.578313 -2.652909 12.299636 12 7 4
2.578313 -2.652909 12.299636 12 7 4
2.597171 -1.635534 12.365678 121 117 118
2.656916 1.006474 12.640355 149 155 151
2.731630 3.860277 12.980057 28 24 25
2.778577 5.147609 13.187193 39 35 34
2.574121 -4.959911 12.193078 72 62 63
2.632703 -1.133979 12.439126 100 96 95
2.870625 7.840103 13.546168 131 132 134
2.592834 -2.892878 12.239491 101 106 102
2.704579 2.461920 12.758853 145 144 140
2.847559 7.104908 13.377881 35 34 32
2.718416 2.027153 12.776579 132 128 127
2.609380 -2.958089 12.249351 32 28 25
2.751798 3.303556 12.916651 137 133 132
2.901671 7.762127 13.518028 48 48 48
2.766294 3.777849 12.886179 115 97 93
2.832001 5.185017 13.116917 113 117 116
2.680542 -2.316297 12.418151 86 82 81
2.954776 7.893080 13.651418 40 44 45
2.810855 2.657357 12.958460 121 125 124
2.930394 7.656992 13.445291 130 128 129
2.906756 6.410971 13.324793 31 29 30
2.687519 -3.675135 12.236346 88 76 76
3.014824 7.871566 13.631747 117 121 122
3.014824 7.871566 13.631747 117 121 122
2.954951 6.356756 13.347622 109 100 101
2.750981 -2.430854 12.426790 80 70 69
2.743121 -2.921654 12.296375 85 84 82
2.767792 -3.003748 12.405599 15 10 7
3.021884 6.529630 13.490483 127 126 124
2.850580 -2.292021 12.425146 84 84 84
2.953502 1.288095 12.844590 98 80 78
3.100073 7.023887 13.451948 109 101 98
2.952029 0.047781 12.670606 91 81 80
3.159950 7.079111 13.501529 32 28 27
3.175178 7.038262 13.520706 99 89 87
2.991948 0.210237 12.636590 120 116 115
3.221696 7.047680 13.483711 34 30 27
3.471001 9.024270 13.937834 148 152 155
3.471001 9.024270 13.937834 148 152 155
3.439174 6.981507 13.546594 114 102 102
3.525309 8.146778 13.831038 55 54 52
3.277097 -3.574695 12.550737 74 66 63
3.302745 -4.332870 12.614184 13 9 10
3.437337 1.841332 13.140399 110 97 91
3.366827 -0.711792 12.817431 101 90 88
3.364479 -0.824365 12.768704 105 94 92
3.383441 0.083318 12.799815 26 24 25
3.383441 0.083318 12.799815 26 24 25
3.401515 -0.548381 12.846651 33 29 26
3.484165 1.625403 13.142305 122 101 98
3.489345 1.464033 13.154832 108 90 90
3.393191 -1.717767 12.748247 90 84 86
3.472617 0.679929 13.042151 33 32 28
3.544131 3.205128 13.307587 37 33 32
3.411998 -3.085086 12.785645 20 19 17
3.531176 3.839193 13.218642 23 21 22
3.524255 1.921998 13.190242 27 26 24
3.600091 5.432345 13.463995 108 99 100
3.595558 4.065537 13.405480 19 16 11
3.707780 7.027166 13.786605 113 99 96
3.650198 5.744434 13.573960 27 26 24
3.434732 -1.093639 12.765875 120 115 112
3.681407 6.473310 13.663986 110 109 104
3.441490 -3.580592 12.762032 22 14 12
3.674876 5.697291 13.620862 46 42 39
3.479176 0.132663 12.905663 107 103 102
3.538116 1.840231 13.102568 137 133 132
3.548876 1.382853 13.094543 142 137 134
3.615880 4.036714 13.311068 120 109 105
3.435465 -2.245741 12.635081 97 87 88
3.589694 2.639007 13.197639 123 124 126
3.444510 -2.317985 12.648972 92 88 87
3.659956 4.524998 13.443143 132 130 131
3.659956 4.524998 13.443143 132 130 131
3.588433 2.769686 13.174534 127 123 120
3.465954 -3.624147 12.706567 78 74 73
3.723122 6.413435 13.647932 36 30 30
3.602907 1.998147 13.214575 112 113 115
3.669696 5.230490 13.441797 128 124 123
3.684940 5.179439 13.479616 114 114 114
3.578207 0.730016 13.056575 115 117 114
3.524780 -4.463604 12.751637 90 81 82
3.511531 -2.397932 12.677001 18 14 11
3.719607 4.465358 13.405523 19 15 16
3.528499 -2.260287 12.664595 80 74 74
3.848162 7.003502 13.813892 119 110 111
3.803956 5.719132 13.626101 122 114 112
3.711084 3.191677 13.258161 21 22 17
3.844877 6.512161 13.731595 106 108 105
3.591376 -1.857153 12.740161 89 75 72
3.736846 -0.026377 13.007833 92 75 68
4.189183 7.779854 14.060252 35 38 43
3.888175 0.590040 12.961699 106 92 89
4.186422 6.414784 13.913537 30 25 22
3.887033 -1.864382 12.898825 82 72 71
3.892749 -4.387991 12.889955 10 6 5
4.261395 7.943043 14.096999 108 108 110
4.291184 7.844788 14.134905 123 127 128
4.014853 0.191914 13.139215 108 97 91
4.037261 0.312447 13.193774 110 97 89
4.053948 0.490123 13.205394 112 103 96
4.053948 0.490123 13.205394 112 103 96
4.092052 -3.782686 13.084204 9 5 4
4.429596 6.494794 14.060542 119 119 121
4.105999 -2.367632 12.953310 84 82 83
4.308653 2.585557 13.444112 129 130 125
4.254017 1.177534 13.271157 101 93 90
4.245706 -3.840672 13.230857 19 15 12
4.458148 5.086566 13.887090 101 87 87
4.458148 5.086566 13.887090 101 87 87
4.226577 -3.982896 13.131248 75 64 62
4.356985 2.199603 13.535336 98 88 86
4.361084 1.268320 13.499403 30 28 29
4.404597 3.697704 13.626016 111 97 96
4.329601 0.010355 13.391868 29 24 21
4.559779 6.320639 14.080489 122 112 110
4.510574 5.185830 13.922400 126 125 123
4.386351 1.958125 13.515517 10 10 8
4.299982 -0.577018 13.238948 35 30 27
4.411263 2.531137 13.586166 31 27 26
4.412990 3.184784 13.591793 14 13 11
4.556158 5.855908 14.009866 119 124 120
4.274767 -1.823887 13.123535 21 15 15
4.423305 3.258759 13.584365 20 11 12
4.516149 4.626832 13.825006 17 12 8
4.593746 6.061856 14.062179 127 124 119
4.385234 -0.027424 13.391641 104 94 92
4.340753 -2.414815 13.244923 83 79 78
4.291684 -3.848709 13.088805 90 82 80
4.291684 -3.848709 13.088805 90 82 80
4.356419 -0.525591 13.278765 108 107 105
4.696280 7.679205 14.278938 107 107 107
4.696280 7.679205 14.278938 107 107 107
4.330273 -1.772944 13.140695 84 79 76
4.602763 5.767784 13.959280 29 23 23
4.602763 5.767784 13.959280 29 23 23
4.574167 5.001245 13.867641 121 113 111
4.555075 4.551134 13.801731 125 124 120
4.485313 3.225017 13.591290 112 108 107
4.457845 1.335763 13.509239 112 113 115
4.489316 3.357566 13.598097 123 113 112
4.447221 1.975644 13.458277 118 117 115
4.406413 -1.152500 13.337166 87 87 87
4.355475 -1.896441 13.139627 90 82 80
4.716616 7.706223 14.224074 42 43 45
4.716616 7.706223 14.224074 42 43 45
4.334579 -3.052226 13.047668 67 67 67
4.501696 2.397975 13.546155 98 95 90
4.501696 2.397975 13.546155 98 95 90
4.675391 6.322982 14.042632 110 109 107
4.430366 -0.590894 13.294601 27 22 19
4.381063 -1.778482 13.086299 85 80 77
4.395372 -2.576106 13.139770 56 51 48
4.803032 7.765346 14.317472 43 45 42
4.787917 6.452414 14.221120 35 31 30
4.896754 9.282579 14.493516 107 121 124
4.575071 2.506282 13.515058 33 31 32
4.543628 0.467697 13.374764 163 153 151
4.897201 7.790807 14.335632 117 119 116
4.877115 7.763932 14.277730 117 119 116
4.632118 1.175925 13.470756 105 93 93
4.876051 7.064098 14.132371 124 124 126
5.205716 5.723532 14.263783 100 87 81
5.236787 6.454840 14.311182 124 123 119
4.914455 -2.456592 13.395621 80 74 76
5.005054 0.659300 13.545294 112 107 111
5.441550 7.780524 14.638535 34 34 36
5.463156 8.361917 14.638078 52 52 54
5.270429 4.390594 14.112967 95 79 79
5.270429 4.390594 14.112967 95 79 79
5.066576 -2.003052 13.532126 77 67 68
5.297947 5.130010 14.134695 130 124 126
5.195855 1.772405 13.856600 111 106 102
5.200929 1.305238 13.853580 115 114 110
5.135352 -1.218933 13.668762 82 80 81
5.140627 -0.582075 13.667352 99 101 96
5.423882 5.761926 14.396299 34 30 27
5.278015 3.796118 13.976980 30 26 27
5.278015 3.796118 13.976980 30 26 27
5.239828 0.591467 13.838696 23 14 15
5.277956 1.866549 13.938569 33 27 27
5.371287 4.424375 14.162093 24 18 18
5.245330 1.252523 13.822288 29 25 24
5.226117 -0.026734 13.762767 27 17 16
5.493469 5.709716 14.427344 102 93 94
5.208649 -1.931373 13.663157 20 16 15
5.511251 6.432867 14.437606 36 32 31
5.412141 4.331309 14.169841 107 99 96
5.514110 6.563499 14.424226 36 30 30
5.437683 5.259716 14.225218 104 98 98
5.216569 -3.240869 13.612836 15 10 7
5.183608 -2.548556 13.518556 4 0 0
5.301027 1.319453 13.827022 118 114 111
5.296072 1.422332 13.818769 125 115 113
5.334507 1.789552 13.914818 109 105 106
5.246354 -0.937970 13.674797 89 78 76
5.274553 -0.794159 13.745678 103 98 94
5.239054 -0.711535 13.653143 98 93 89
5.355412 3.839211 13.933782 116 108 106
5.402368 3.214893 14.018173 122 120 121
5.319231 -0.594337 13.800679 92 92 90
5.278353 -1.224540 13.690407 84 83 81
5.273626 -2.496210 13.654755 72 64 62
5.328656 0.049814 13.785026 108 107 105
5.443275 3.736751 14.079093 109 89 88
5.588768 6.941324 14.449535 107 103 100
5.236514 -2.000390 13.512383 72 61 59
5.553372 6.379330 14.310432 113 113 111
5.355590 -1.938134 13.744627 20 14 14
5.547564 4.445499 14.217232 29 25 26
5.385770 -0.657145 13.796738 30 26 23
5.657823 7.015704 14.481426 47 47 45
5.386381 0.008188 13.668736 86 78 76
5.700155 5.096385 14.465712 86 82 83
5.462326 0.530421 13.840107 93 77 78
5.620573 3.711305 14.121943 98 80 76
5.556017 -3.987518 13.800600 70 59 57
5.946945 7.774151 14.741020 103 107 108
6.048185 7.883546 14.972471 106 111 114
6.012223 7.775184 14.808499 109 112 117
6.183379 9.552028 15.130946 128 143 148
6.125065 9.335274 14.975934 40 53 59
6.080386 7.746684 14.835798 36 37 42
5.753739 -0.597904 14.016466 84 81 76
5.782849 -1.914838 13.978133 76 71 68
6.142805 7.754321 14.789781 111 114 119
6.172828 7.786047 14.858596 120 123 128
5.776947 -0.671175 13.909908 23 19 16
5.911881 -0.621601 14.098539 97 96 92
6.197522 5.123968 14.684093 24 20 19
6.051806 2.379546 14.319312 98 87 85
6.337851 7.731285 14.958542 36 36 38
5.983484 -0.016201 14.065033 84 80 79
6.135139 3.201777 14.397602 119 117 118
6.017459 1.152444 14.106526 86 76 75
5.944654 -3.992329 13.915197 67 59 56
6.357629 7.055410 14.869611 30 24 26
6.049285 -1.942179 14.150910 77 73 70
6.151996 3.676933 14.390298 113 103 102
6.140483 3.734752 14.311827 27 23 24
6.174375 3.144849 14.389444 15 9 9
6.211607 2.495460 14.460774 32 31 29
6.150639 1.977256 14.280913 26 22 23
6.207276 3.359366 14.383854 32 16 16
6.160690 1.197564 14.256539 23 19 20
6.347832 5.737336 14.685496 33 29 26
6.178443 3.648193 14.248673 109 99 98
6.171038 1.905443 14.229094 104 100 99
6.287702 3.207477 14.485541 102 98 97
6.412676 6.021643 14.769977 30 21 22
6.174538 -0.099002 14.221335 28 24 23
6.279426 3.205924 14.460458 99 95 92
6.208894 1.269579 14.263221 104 104 104
6.122880 -1.353495 14.050113 16 12 11
6.375286 4.539818 14.626307 99 100 95
6.223409 3.584602 14.242146 114 110 101
6.260478 3.407066 14.316142 118 107 101
6.710453 7.868675 15.227870 115 119 122
6.479211 5.008401 14.633247 111 106 102
6.709434 7.747462 15.123293 43 44 46
6.749149 9.194482 15.154189 47 60 66
6.749149 9.194482 15.154189 47 60 66
6.423027 -4.081161 14.404009 7 1 3
6.392556 -2.592215 14.287526 73 67 67
6.462894 1.260455 14.434047 105 103 104
6.745778 8.245181 15.039271 92 97 100
6.493788 -2.691437 14.254717 14 8 8
6.953574 9.720745 15.102131 156 175 179
6.932348 4.455991 14.893506 28 23 20
7.033502 6.370296 15.043081 36 36 36
7.046381 4.436137 14.880958 27 23 24
7.309883 7.815223 15.435307 120 121 123
7.218102 6.491814 15.230560 103 107 106
7.174232 5.695971 15.073619 24 18 18
6.897418 -1.349000 14.479533 76 76 74
6.901151 -2.721605 14.461840 19 14 11
7.083473 3.879747 14.790447 44 39 36
7.143255 3.113935 14.897701 28 22 22
7.198843 5.106448 15.008628 26 25 23
7.341828 7.026347 15.295313 47 47 47
7.067982 1.192329 14.723294 22 18 19
7.059211 2.678632 14.702859 42 30 32
7.201718 5.434916 14.979201 107 102 99
7.144204 1.642111 14.838787 28 20 17
7.098478 1.889070 14.716306 121 122 117
6.954518 -0.926501 14.416801 18 14 11
7.117444 2.999007 14.720413 85 75 74
7.297861 5.192541 15.061955 98 94 91
7.076864 -2.618152 14.598188 12 4 2
7.200888 1.537405 14.822318 103 94 89
7.111194 1.342864 14.641695 112 98 95
7.555803 7.822700 15.549801 115 117 114
7.175428 1.241645 14.727156 110 109 104
7.345224 1.834129 14.973131 24 23 21
-24.755241 6.554390 53.181896 119 102 84
-24.642467 10.464382 54.004601 116 97 83
-24.659779 11.908990 54.294224 121 109 95
-24.097309 5.496796 53.059200 118 97 80
-24.511147 9.402050 54.551960 167 158 141
-21.780029 -12.411154 47.215782 146 136 126
-22.519758 12.506544 52.046860 189 190 174
-23.772762 11.432546 55.332226 182 166 151
-23.561386 12.501845 55.299648 187 188 172
-16.512409 2.077080 37.016586 69 88 86
-23.133644 9.465394 54.354836 110 103 87
-15.376752 11.233951 36.480492 99 105 95
-22.847145 12.467301 55.560902 185 189 172
-22.076853 12.813917 54.424915 187 189 175
-15.057505 11.423159 36.793720 184 195 179
-23.937855 8.460406 58.625420 160 157 140
-14.453074 11.289366 35.823765 147 154 138
-9.988797 10.542917 24.786541 163 174 160
-23.794554 8.052234 60.593021 109 105 93
-23.319969 9.132510 59.701633 93 90 75
-22.939405 6.815605 58.557453 98 90 79
-7.014278 10.109095 17.491467 146 166 155
-6.658631 10.007746 16.608599 145 166 157
-5.610160 8.807644 13.970743 139 156 146
-6.175140 2.427379 15.132530 187 188 172
-5.698407 9.996261 14.369449 193 213 204
-23.503235 -1.990497 62.007633 98 111 101
-14.040259 11.669873 40.053513 172 179 163
-25.821409 -5.007195 64.210129 184 182 169
-5.132920 9.961068 14.530418 157 170 160
-2.646353 0.513391 6.199027 82 97 92
-1.095890 0.552452 2.488282 135 155 146
-1.058043 0.830080 2.838076 143 163 152
-2.290292 3.931541 8.177700 195 209 196
-0.709340 0.310964 3.230803 34 23 17
-3.854482 5.363322 14.257211 84 84 76
-3.605768 1.986867 12.940512 174 170 158
-3.098206 -3.858833 10.095600 86 92 92
-2.906091 -1.054950 10.134759 223 216 206
-2.899756 -0.672565 10.227491 168 167 163
-2.820037 2.355541 10.575692 171 157 146
-2.712980 5.350336 10.901387 67 72 68
-2.678329 6.005203 10.953065 140 145 138
-2.732287 4.064747 10.785513 175 173 161
-2.818043 -0.660500 10.247870 112 113 108
-2.928010 -3.809103 10.029116 73 78 81
-2.908789 -3.287832 10.128944 152 147 144
-2.782526 -0.116093 10.329341 183 180 175
-2.909590 -4.501073 9.927114 167 167 159
-2.706690 1.116284 10.500972 184 190 180
-2.861248 -4.363227 9.976612 138 143 146
-2.680646 1.067316 10.486519 178 179 171
-2.538396 6.018939 11.043874 141 144 137
-2.708472 -0.801851 10.236496 152 141 137
-2.737693 -3.137742 10.110458 155 159 158
-2.685085 -2.510016 10.156832 165 170 163
-2.617778 -1.420622 10.137805 143 125 125
-2.541474 1.550542 10.584719 185 181 170
-2.359039 7.908374 11.328253 64 77 70
-2.648500 -2.623501 10.130334 147 138 139
-1.632663 0.809582 4.941854 155 161 151
-1.662456 1.783749 7.101943 150 142 131
-2.623895 -1.916137 10.248199 160 157 152
-2.597115 -2.503943 10.152937 172 175 166
-2.596033 -2.501689 10.149673 172 175 166
-2.284816 7.922316 11.335053 120 126 122
-2.617014 -3.743213 10.089943 142 143 145
-2.488494 -0.702444 10.350314 172 173 168
-2.427136 1.058825 10.633413 160 160 152
-2.464236 -1.412996 10.280812 140 129 127
-2.378313 1.651589 10.677317 171 168 161
-2.279211 4.885083 11.061207 144 141 134
-2.361717 1.555794 10.686744 191 187 178
-2.351294 1.050288 10.633346 161 160 155
-2.163603 7.279500 11.312001 131 133 130
-2.225164 5.287834 11.148903 133 133 125
-2.264414 3.528364 10.924460 156 147 138
-2.316118 1.597243 10.702202 52 53 47
-2.200895 5.022693 11.055706 165 162 155
-2.367454 -0.885311 10.405229 154 141 135
-2.287591 1.493936 10.653798 178 174 165
-2.180056 5.369506 11.205890 59 62 55
-2.179094 4.749031 11.083760 62 59 54
-2.280300 1.362247 10.711768 177 174 167
-2.419214 -3.291916 10.212202 137 134 129
-2.236307 2.350323 10.793543 142 123 117
-2.371747 -2.049686 10.311295 177 174 169
-2.377669 -2.492434 10.214194 160 163 154
-2.122638 5.984820 11.198421 45 46 40
-2.293380 0.340420 10.564664 147 136 132
-2.065058 7.901475 11.434371 133 142 137
-2.067001 7.787449 11.414165 131 133 128
-2.273274 1.063107 10.674139 169 166 161
-2.273274 1.063107 10.674139 169 166 161
-2.223777 2.821108 10.930736 58 57 52
-2.073987 7.335991 11.407593 126 127 122
-2.275909 0.178387 10.527717 163 153 144
-2.402595 -3.593187 10.168482 152 154 151
-2.343357 -2.206547 10.294509 188 189 183
-2.331480 -2.147890 10.274413 186 187 181
-2.062989 6.653997 11.290787 142 143 137
-2.435059 -4.971439 10.075132 129 139 138
-2.149670 3.842423 11.006643 163 159 148
-2.108241 4.789740 11.092440 150 149 145
-2.405823 -4.598690 10.086157 158 159 153
-2.142104 3.700900 10.998401 163 156 146
-2.148531 3.533086 11.025522 172 168 165
-2.125469 4.144468 11.085211 152 157 151
-2.125469 4.144468 11.085211 152 157 151
-2.317133 -2.449094 10.284408 58 60 57
-2.396307 -4.719277 10.087759 144 149 142
-2.163491 2.501754 10.868042 159 151 148
-2.191372 1.408802 10.746731 174 169 163
-2.303544 -2.648924 10.204926 149 140 141
-2.160270 2.254308 10.857533 167 164 159
-2.179817 1.508203 10.757728 165 160 154
-2.216093 0.013854 10.587000 174 163 159
-2.210691 0.073611 10.588552 172 161 157
-2.367576 -4.878261 10.092578 55 60 63
-2.088616 4.115148 11.174520 59 60 54
-2.196614 0.129002 10.606444 169 155 152
-2.155187 0.953782 10.638620 137 123 120
-2.189230 -0.111275 10.560784 121 111 109
-2.181072 -0.257245 10.536735 156 145 143
-2.241782 -1.973872 10.426787 151 160 155
-2.293037 -4.579416 10.162374 134 128 128
-2.286856 -4.448612 10.215715 128 138 139
-2.126068 -0.834431 10.489121 143 125 123
-2.034469 1.035274 10.742499 145 137 134
-2.035508 -0.857302 10.494232 137 117 116
-2.045454 -1.297765 10.477621 134 130 127
-2.071868 -2.520489 10.333889 145 141 140
-1.704749 8.105235 11.569678 124 123 119
-2.116263 -3.800374 10.315988 146 151 147
-1.711235 7.958371 11.632129 118 117 113
-2.115477 -4.571936 10.202044 123 117 119
-2.095777 -4.617497 10.207990 140 134 136
-2.003087 -2.629584 10.427577 67 66 64
-1.802830 2.960079 11.032086 159 152 146
-1.968265 -2.083474 10.443864 133 121 121
-1.803069 1.606923 10.853017 156 152 149
-2.005372 -3.837864 10.426643 136 141 137
-1.916377 -2.252746 10.439998 101 85 85
-1.713302 2.850212 11.070704 165 160 156
-1.832747 -0.735821 10.634209 180 176 175
-1.796754 -0.846125 10.550000 141 129 131
-1.944902 -4.676029 10.258411 173 164 165
-1.900306 -3.831515 10.415458 128 134 134
-1.732011 0.432840 10.805679 163 162 157
-1.610275 2.137117 11.022099 129 105 103
-1.764188 -2.578908 10.489645 154 153 149
-1.801759 -3.845703 10.492793 124 129 125
-1.553939 2.196388 11.012473 158 154 151
-1.640305 -0.281152 10.737836 145 116 110
-1.380276 6.641802 11.570156 130 127 122
-1.458654 4.616850 11.422673 121 103 99
-1.395628 5.733504 11.447647 134 120 109
-1.696595 -2.599407 10.532744 124 126 121
-1.338150 7.259006 11.750293 52 52 44
-1.304078 7.987354 11.829908 120 117 112
-1.302828 7.982492 11.822816 120 117 112
-1.501688 2.338905 11.154618 117 112 106
-1.495410 2.332016 11.121599 117 112 106
-1.421395 4.231745 11.333350 128 115 109
-1.318908 6.659536 11.596148 39 34 28
-1.452729 2.932025 11.152587 128 117 113
-1.645574 -2.669299 10.452939 121 110 108
-1.397265 4.062109 11.381003 46 45 40
-1.557948 -0.855313 10.637087 136 118 116
-1.457053 1.863527 11.021879 148 133 130
-1.237898 7.815762 11.774824 117 106 102
-1.226179 7.908305 11.838772 46 43 38
-1.314540 5.389868 11.487496 141 138 133
-1.708451 -5.079915 10.433990 109 119 118
-1.185048 8.049348 11.744188 60 55 51
-1.543568 -1.613283 10.643931 168 164 155
-1.466312 0.376925 10.886395 51 48 43
-1.360296 3.129501 11.242405 144 135 128
-1.412922 1.603116 11.034159 157 153 150
-1.350765 3.271842 11.285534 144 140 131
-1.169952 8.052813 11.841549 124 119 115
-1.341006 3.443995 11.331505 136 143 136
-1.491816 -0.801289 10.766814 44 39 36
-1.470556 -0.331187 10.806500 37 28 23
-1.559794 -2.703749 10.530536 116 102 102
-1.394799 1.628015 11.088098 141 133 130
-1.373199 2.186869 11.167982 160 162 157
-1.373199 2.186869 11.167982 160 162 157
-1.433122 0.481375 10.906153 177 169 167
-1.141672 8.262769 11.833365 119 118 114
-1.451404 -0.219444 10.940295 47 46 42
-1.454634 -0.660225 10.789368 195 186 181
-1.435516 -0.415978 10.827168 185 174 170
-1.443740 -0.776538 10.794227 182 179 174
-1.407296 -0.676637 10.781575 121 110 106
-1.322139 1.492462 11.031208 143 130 122
-1.481581 -2.727302 10.604491 153 153 151
-1.511470 -4.429310 10.491501 126 132 130
-1.271662 0.886012 11.022530 149 130 124
-1.317932 -1.471596 10.768206 125 111 108
-1.266090 -0.300539 10.879127 131 117 114
-1.207924 0.910051 11.059149 72 54 50
-1.237662 -0.678235 10.832661 172 158 155
-1.143279 1.484820 11.107449 140 121 117
-1.099642 1.034459 11.042493 106 91 84
-1.261121 -3.856687 10.599636 113 113 111
-1.237489 -3.348264 10.609264 122 118 119
-1.178997 -1.959811 10.773150 143 148 142
-0.966501 2.793306 11.333560 153 150 145
-1.125294 -1.380119 10.848075 151 144 138
-1.124582 -1.381882 10.841801 151 144 138
-1.098163 -0.876825 10.879114 116 98 94
-1.031814 -0.302716 11.003837 126 108 106
-0.927333 2.048215 11.246443 131 114 107
-0.487925 12.821961 21.912109 46 39 31
-0.627704 7.853559 12.011031 52 49 40
-0.899143 1.138994 11.139341 202 180 169
-0.739935 3.945464 11.557278 118 98 91
-0.562486 7.848665 12.056623 49 44 38
-1.027167 -3.259522 10.722106 132 132 130
-0.951803 -2.137162 10.884843 124 116 114
-0.530605 7.267846 11.983912 134 133 128
-0.514220 7.343966 11.970151 120 116 107
-0.564194 6.003341 11.875332 136 139 132
-0.556168 5.960816 11.793021 136 139 132
-0.960320 -3.904482 10.754156 99 98 94
-1.131364 1.256805 18.831669 42 42 34
-0.602603 4.055357 11.642097 150 145 141
-0.640512 2.977354 11.408066 143 114 106
-0.990933 -5.221574 10.589463 112 104 101
-0.605971 3.460988 11.568436 130 121 116
-0.690987 0.974996 11.260971 155 156 150
-0.917775 -4.367074 10.625994 111 113 110
-0.426572 6.475670 11.947086 126 115 111
-0.698800 -0.124426 11.108235 123 115 112
-0.586943 2.360346 11.411294 159 150 141
-0.526503 3.694964 11.663345 151 144 138
-0.529929 3.597281 11.618957 149 145 136
-0.570051 2.648206 11.469997 147 137 128
-0.341280 7.835012 12.122376 65 65 55
-0.684961 0.043101 11.112069 122 111 109
-0.717813 -0.916686 11.021198 132 108 106
-0.550509 2.787747 11.553545 131 136 132
-0.701532 -1.018729 11.037198 132 118 115
-0.541306 2.499140 11.469459 108 89 82
-0.653100 -0.138369 11.143788 36 31 27
-0.652431 -0.139038 11.135882 36 31 27
-0.748030 -2.401430 10.890785 131 122 117
-0.664398 -0.895004 11.116343 47 46 41
-0.691842 -1.551266 11.007895 124 108 108
-0.712912 -2.098381 10.997585 44 43 39
-0.721494 -2.468670 10.914789 37 32 28
-0.282129 1.192981 5.454830 139 138 133
-0.821028 -5.076032 10.601541 89 88 86
-0.662059 -2.163369 10.995633 140 136 133
-0.715243 -3.420586 10.871813 162 162 154
-0.282991 5.822299 11.940090 127 105 94
-0.512292 0.305710 11.214788 47 40 34
-0.507196 0.245911 11.199691 130 115 110
-0.363320 3.177607 11.605320 150 124 111
-0.410530 2.053481 11.491068 124 101 95
-0.706778 -4.559505 10.934008 103 104 106
-0.127389 7.947977 12.291445 130 129 124
-0.129195 7.921966 12.246101 131 130 125
-0.613820 -2.681991 11.008392 124 124 122
-0.501628 -0.233717 11.154973 157 156 152
-0.175052 6.609652 12.063885 123 120 115
-0.491618 -0.336609 11.148584 126 105 104
-0.428187 0.956856 11.304390 142 142 134
-0.138204 6.577225 12.071377 124 123 118
-0.037217 8.235869 12.251720 52 51 46
-0.037217 8.235869 12.251720 52 51 46
-0.642897 -5.232762 10.831501 29 28 26
0.000649 7.904250 12.291405 109 102 96
-0.441388 -3.939371 10.978511 104 105 100
-0.215459 0.850483 11.420404 161 147 138
0.075932 6.503137 12.110517 42 29 23
-0.166783 0.891988 11.431824 42 37 31
-0.282982 -1.550993 11.166426 103 93 94
-0.556129 -0.221927 3.861830 191 189 177
0.100906 6.693767 11.405660 46 39 31
-0.275846 -2.267022 11.126276 132 128 127
-0.390897 -4.668671 10.883075 88 81 73
-0.179982 -1.580352 11.187888 110 98 100
-0.303705 -4.551944 10.975981 103 105 104
0.231751 5.805079 12.201367 111 91 82
-0.117078 -1.562324 11.155965 110 100 101
-0.406567 3.136184 17.511402 133 123 121
0.207069 4.352990 11.938431 119 99 90
0.168787 3.277702 11.841460 109 84 79
0.153172 2.762249 11.831255 147 150 143
0.097415 1.511596 11.602475 157 159 154
0.181456 2.869516 11.823907 118 100 96
0.020853 -0.401822 11.439533 113 87 86
0.387944 6.677356 12.351149 120 113 105
0.015422 -0.842525 11.333624 141 140 136
0.347712 5.309283 12.189891 131 126 122
0.287823 4.043036 11.996065 144 149 142
-0.147958 -4.569273 11.000989 99 103 102
-0.063164 -1.267163 10.168083 144 146 143
0.135681 0.854016 11.598885 43 40 35
0.135681 0.854016 11.598885 43 40 35
0.100622 0.206405 11.413898 111 92 85
0.270047 3.233552 11.888313 153 143 133
0.351804 4.676302 12.133640 143 146 139
0.191940 1.656996 11.661633 155 157 154
0.187128 1.527888 11.649671 164 166 163
0.065825 -1.536038 11.351177 35 31 28
0.212761 1.409357 11.611654 152 139 131
0.308279 2.763047 11.827441 147 150 143
0.417434 4.606643 12.147464 39 38 34
0.158253 -0.399597 11.496141 130 121 116
0.604056 7.959132 12.545164 113 114 106
-0.011536 -4.069358 11.044707 101 96 93
0.639171 8.259915 12.608057 111 108 103
0.197264 -0.289390 11.580592 123 130 122
0.081704 -2.741845 11.276301 111 116 112
0.282517 0.853400 11.699097 50 36 33
0.057175 -3.472273 11.129629 93 85 83
0.283359 0.851199 11.656482 50 36 33
0.080812 -3.263002 11.187988 40 42 39
0.054383 -3.947347 11.091948 100 105 99
0.106644 -3.324555 11.192784 134 139 135
0.108928 -1.128546 8.860916 130 137 129
0.296726 -0.269019 11.548453 132 134 129
0.103925 -4.318772 11.079428 109 110 105
0.483897 2.621723 11.884245 126 120 108
0.483416 2.615102 11.858293 126 120 108
0.251180 -1.888390 11.385498 155 161 159
0.251180 -1.888390 11.385498 155 161 159
0.235384 -2.820007 11.313361 23 22 20
0.742955 5.931766 12.392091 133 129 120
0.338496 -2.257146 11.432760 104 103 101
0.381413 -2.778038 11.459740 104 109 105
0.839073 5.886245 12.338714 135 126 119
0.415836 -2.111131 11.414947 110 109 107
0.266872 -4.968712 11.066688 153 145 142
0.294855 -5.320584 11.063148 117 113 112
0.318624 -5.616779 11.096155 66 66 68
0.442259 -3.338376 11.279135 102 104 101
0.382707 -4.556487 11.177286 94 99 95
0.425741 -4.723093 11.163483 86 78 75
0.801658 1.974859 11.966030 135 125 115
0.904014 2.664965 12.118403 35 27 24
0.528777 -3.979449 11.295612 99 104 98
1.022723 4.631539 12.376179 140 141 136
1.207057 7.613760 12.816854 58 49 42
0.723685 -0.923739 11.730685 122 118 115
1.203426 7.284374 12.732088 44 41 34
1.197432 7.138922 12.676789 30 30 20
0.993453 3.459790 12.207525 148 130 126
1.064662 4.593480 12.395178 23 22 18
1.011167 3.723955 12.246917 111 96 91
1.236194 7.793953 12.672252 133 134 126
1.158633 5.887073 12.572570 37 30 24
1.160301 5.138064 12.485795 127 117 115
1.236467 6.405978 12.623940 127 116 110
1.144812 4.631554 12.429651 136 138 133
1.216284 5.891232 12.555946 132 119 113
1.009207 2.133075 12.109544 157 158 152
1.028446 2.439023 12.134431 148 149 143
1.115309 3.857256 12.318880 133 126 118
0.614604 -4.828136 11.210694 92 82 80
0.890132 -0.180528 11.752099 132 108 106
0.879948 -1.377916 11.710965 143 142 137
1.203432 3.941749 12.433001 15 12 7
1.010308 -0.291830 11.836082 86 82 79
0.971822 -1.277014 11.836787 126 115 113
0.990425 -1.072361 11.852190 137 134 127
0.990425 -1.072361 11.852190 137 134 127
1.117288 1.367602 11.998331 111 104 98
0.819825 -3.958965 11.436640 29 31 26
0.978611 -1.404244 11.804489 113 104 99
1.052406 0.077895 11.766675 123 108 105
1.114071 -0.106379 12.189310 118 107 105
0.880669 -3.540894 11.543999 119 115 112
1.074397 -0.432698 11.890814 106 91 88
0.767035 -6.044260 11.278485 67 62 58
0.767035 -6.044260 11.278485 67 62 58
1.138814 0.162906 11.927043 107 92 89
0.951337 -3.209652 11.548169 97 93 92
0.874939 -5.048371 11.315268 82 77 74
0.886544 -5.193352 11.297471 120 122 119
1.292023 1.336011 12.101699 111 101 92
1.004927 -3.819795 11.504963 88 86 87
0.935791 -5.221169 11.304281 66 66 64
1.442341 2.693384 12.289540 145 144 140
1.184611 -2.958451 11.624605 100 96 93
1.443276 1.299660 12.113873 121 117 106
1.242858 -2.321152 11.790327 110 105 102
1.654127 3.545130 12.444819 139 114 109
1.826334 5.764682 12.784497 111 97 88
1.403588 -1.609299 12.069009 122 117 113
1.842801 5.877189 12.826659 132 128 119
1.758444 4.576245 12.639369 129 130 125
1.165884 -5.272561 11.352426 11 7 6
1.159037 -5.944331 11.403520 13 9 8
1.521358 -0.365404 12.148381 97 93 90
1.391291 -3.012888 11.966028 77 72 69
1.469871 -1.576259 11.991933 112 107 103
-0.266602 -0.108563 2.192247 146 132 121
1.747435 1.694491 12.375515 113 99 88
1.984885 5.283364 12.840260 132 127 121
1.984885 5.283364 12.840260 132 127 121
1.751626 1.457499 12.399507 125 122 113
1.912801 3.927228 12.683699 28 27 23
2.102960 6.865085 13.041496 107 96 90
1.765748 1.545303 12.383389 109 99 90
2.122630 7.045743 13.092993 117 112 106
1.720075 0.564899 12.288664 137 120 112
2.004920 4.492579 12.794092 128 119 112
1.908553 2.690816 12.533191 134 135 130
1.875987 1.944665 12.520093 144 139 136
2.007319 3.332555 12.807388 131 136 130
1.668043 -1.743573 12.121256 89 78 74
1.662304 -1.732291 12.064855 89 78 74
1.622213 -2.918350 12.000199 12 13 8
2.069521 3.949974 12.776086 127 130 123
2.315559 7.781236 13.237368 39 41 30
2.315559 7.781236 13.237368 39 41 30
1.793713 -0.507176 12.273659 98 93 89
1.795157 -0.554016 12.284183 127 123 114
1.791436 -0.880462 12.263718 138 137 133
1.787779 -0.987714 12.241819 122 123 118
1.543228 -4.002801 11.564570 78 81 74
1.824796 -0.841787 12.277858 69 66 61
1.310162 6.427940 13.412056 143 140 133
1.545060 -5.441097 11.505466 69 64 60
1.712105 -3.411973 11.886045 10 9 5
1.583372 -5.402529 11.642469 16 12 11
2.086955 1.472632 12.533787 132 129 124
2.104464 1.452699 12.594151 105 104 100
2.099998 1.269232 12.497095 130 127 120
1.752896 -4.231923 11.781739 87 82 78
1.723261 -4.687854 11.723512 59 58 56
1.653794 -5.529686 11.517043 89 84 78
1.663838 -5.672794 11.552188 72 65 55
0.967018 2.889135 9.690034 123 103 102
1.655025 -6.157582 11.500578 93 85 83
1.655025 -6.157582 11.500578 93 85 83
2.146955 0.677713 12.432451 113 105 102
2.080143 -1.015871 12.319323 94 86 83
2.056839 -2.145310 12.319584 108 100 97
2.332936 0.806413 12.596737 114 109 105
2.793620 7.145389 13.349410 108 111 102
2.345795 0.093529 12.521151 95 81 78
2.446054 1.319890 12.722906 108 101 95
2.525231 2.058269 12.840047 122 123 117
2.759049 5.750009 13.214150 101 92 87
2.702423 4.613510 13.116062 129 126 121
2.622343 2.551074 12.955106 114 105 98
2.751654 4.860061 13.095783 103 90 84
2.762129 4.568601 13.144122 32 29 24
2.522168 0.798490 12.752888 126 125 120
2.692666 3.592339 12.960547 111 97 84
3.006835 7.849591 13.575881 116 121 114
2.907587 5.980909 13.354181 21 14 6
2.850310 5.091588 13.202305 104 96 93
2.592994 0.791941 12.809553 119 118 113
2.601081 1.111837 12.764565 118 109 102
2.729922 2.593527 12.988128 27 26 21
2.559002 -0.466638 12.727738 110 113 106
2.799574 3.416815 13.077896 118 103 100
2.720645 0.928940 12.868813 149 148 143
2.733978 1.283154 12.863686 142 142 134
2.459611 -2.867076 12.309748 85 80 74
2.705110 -0.439663 12.765892 101 100 96
2.719651 -1.250189 12.734732 130 123 115
2.679005 -1.736118 12.639092 12 9 4
2.767676 -1.116393 12.862867 110 113 106
2.607587 -2.860190 12.395016 19 12 6
2.650795 -2.721239 12.408607 97 90 84
2.511554 -3.997813 12.057119 87 82 78
2.579945 -3.570440 12.244745 73 72 68
2.579945 -3.570440 12.244745 73 72 68
2.657616 -2.809752 12.410860 91 82 77
2.804148 -1.136758 12.700977 30 29 24
3.441128 7.821135 13.726649 122 125 118
2.441309 -5.106314 11.875674 14 9 6
2.831228 -1.896356 12.757823 84 69 64
3.596591 8.958286 13.964829 51 58 51
2.865631 -2.425473 12.600969 17 16 11
0.077563 0.261926 2.492069 176 171 167
0.272142 2.320878 3.472132 61 53 50
3.197862 1.266723 13.083345 87 72 67
2.920243 -2.455035 12.458725 75 64 60
3.613212 5.710266 13.617719 94 85 80
2.605349 4.068468 8.937701 104 107 98
3.564774 4.459819 13.487796 103 90 84
3.556982 4.086654 13.413897 100 87 81
3.815225 7.101828 13.900896 31 31 19
1.142191 3.022223 5.422946 39 41 30
3.630035 4.520067 13.553371 23 22 17
3.673019 5.316835 13.572233 30 26 17
3.197653 -1.866821 12.823717 81 70 64
3.678542 5.459733 13.451020 110 105 99
3.894519 7.171328 13.945377 118 124 112
3.521693 1.381599 13.384544 125 126 120
3.666469 4.423974 13.486236 113 109 100
3.806960 5.800588 13.713379 22 19 12
1.523054 1.067133 7.570117 48 41 35
3.215280 -2.338827 12.711008 72 71 66
3.008944 -4.215204 12.259680 12 9 4
3.547486 1.332198 13.276294 20 19 15
3.320671 -1.740263 12.898148 73 68 62
3.660421 3.146592 13.372860 115 116 110
3.629093 1.867873 13.386695 128 127 122
3.474281 -0.651146 13.156343 73 60 54
3.507657 -1.200015 13.150737 24 19 15
3.508828 -1.174661 13.148712 12 9 4
3.527547 -0.910523 13.164065 26 21 17
3.527547 -0.910523 13.164065 26 21 17
3.699684 0.745659 13.468375 107 110 103
3.733902 1.475039 13.397356 72 54 50
3.526192 -1.881772 12.948905 103 94 89
3.432285 -3.129962 12.622916 73 70 63
3.404670 -4.407434 12.372303 75 68 62
4.409952 6.486246 14.143605 36 33 24
3.390139 -4.672350 12.348672 80 72 69
4.545660 7.646274 14.163825 103 103 95
4.641006 7.121444 14.221590 24 21 14
4.465395 5.150317 13.929765 23 20 11
4.559972 5.101020 13.953552 33 33 23
4.950201 8.441911 14.529747 101 102 97
4.659580 5.200000 14.039716 105 111 101
0.916370 0.404316 3.848610 25 22 17
4.704990 5.825070 14.034592 111 114 103
4.429641 1.922340 13.610771 23 23 15
4.574162 3.731534 13.799494 116 106 96
4.507956 2.380775 13.693665 114 114 106
4.552125 2.502766 13.778800 102 103 97
4.335893 -0.550760 13.446549 84 85 77
4.523736 1.230181 13.747795 104 103 98
4.423687 -0.074299 13.602861 24 17 11
4.469025 -0.459042 13.576192 94 81 73
4.343219 -1.732578 13.270973 25 14 8
5.121599 7.174589 14.439520 109 114 108
4.429491 -1.334914 13.436236 85 74 68
4.095188 -4.011056 12.727059 74 63 59
4.777019 3.741890 13.775487 99 82 75
5.428174 7.954604 14.788438 105 108 99
5.453518 7.839242 14.602887 39 44 37
5.484630 7.668622 14.610370 97 92 86
5.469207 6.493287 14.498347 124 125 117
5.328473 3.897010 14.221619 117 118 110
5.521014 5.828588 14.456031 118 119 113
5.117350 1.338123 13.857072 108 105 98
5.303946 2.592537 14.152214 98 94 91
5.506289 5.200692 14.412314 105 102 93
0.366253 1.559779 2.475425 61 53 50
5.235038 1.571517 13.939633 112 105 95
5.834817 7.772923 14.735414 112 117 111
5.048104 -0.724004 13.581714 90 75 70
0.534005 -0.327505 2.609760 120 112 110
5.365861 2.583024 14.025816 106 105 101
5.319239 1.390102 14.011199 32 30 18
0.205153 0.156059 1.794694 55 61 57
6.235216 9.182036 15.098546 109 115 111
6.317499 7.102534 14.870697 108 109 103
0.503312 0.653040 2.410157 157 159 154
0.324633 0.745712 1.168123 40 42 39
0.760189 0.526999 2.492422 99 84 79
-8.234159 1.932563 15.955759 47 47 47
-8.314601 2.784933 16.239855 121 105 90
-7.917848 0.336295 15.175807 189 201 197
-7.917848 0.336295 15.175807 189 201 197
-8.184260 1.892345 15.934113 123 124 118
-8.137519 1.574790 15.804043 91 89 76
-8.137519 1.574790 15.804043 91 89 76
-8.152226 1.690264 15.852391 103 96 86
-8.287368 3.070329 16.307533 125 118 102
-8.022649 0.925792 15.499016 94 104 103
-8.201624 2.216293 16.050621 150 134 121
-8.283459 3.411353 16.381145 120 111 96
-8.133101 1.777284 15.883847 105 115 107
-7.997787 1.013253 15.539083 129 144 137
-8.058644 1.605245 15.806681 163 157 145
-7.903587 0.801675 15.425944 99 109 110
-8.155396 5.379281 16.528370 185 186 168
-8.014499 1.549649 15.778688 114 112 99
-7.834433 0.541496 15.284043 61 67 65
-7.999049 1.722666 15.845376 199 209 200
-8.026747 1.969056 15.940404 155 139 124
-7.876028 1.009396 15.525018 123 138 131
-7.891203 1.136391 15.585776 153 159 145
-7.935375 1.587552 15.784215 158 154 142
-7.935375 1.587552 15.784215 158 154 142
-7.928218 1.676730 15.818455 123 118 112
-8.072841 4.098728 16.445908 116 106 94
-7.875062 1.402857 15.701057 155 166 158
-7.875062 1.402857 15.701057 155 166 158
-7.926393 1.803444 15.866403 132 119 110
-7.745179 0.993041 15.504049 128 141 134
-7.783322 1.351487 15.668593 102 119 113
-7.858386 2.126687 15.970308 111 92 78
-7.633094 0.567153 15.281275 66 72 68
-7.777719 1.479007 15.720951 156 162 150
-7.827227 2.720220 16.140039 122 116 100
-7.513255 0.445533 15.206687 113 119 115
-7.671923 1.476447 15.706975 160 163 154
-7.793521 4.822166 16.431984 184 188 173
-7.638982 1.525898 15.722646 110 110 98
-7.638982 1.525898 15.722646 110 110 98
-7.616891 1.416161 15.675794 127 132 128
-7.616891 1.416161 15.675794 127 132 128
-7.599527 1.470158 15.695543 158 161 152
-7.612292 1.583901 15.741970 163 159 148
-7.612292 1.583901 15.741970 163 159 148
-6.388302 -2.853406 12.442342 144 134 124
-7.548539 1.629904 15.751355 124 120 109
-7.534630 1.522196 15.708087 111 113 100
-7.516980 1.417997 15.664424 117 122 116
-7.539151 1.682345 15.769794 176 183 176
-7.467971 1.127149 15.535889 178 182 167
-7.471288 1.267562 15.596830 109 125 122
-7.487175 1.475073 15.683590 172 178 168
-7.440600 1.508020 15.690688 117 120 109
-7.440600 1.508020 15.690688 117 120 109
-7.464749 1.760955 15.788497 146 142 133
-7.298662 0.885519 15.408480 64 75 71
-7.498618 3.309127 16.209005 109 103 91
-7.341089 1.601580 15.713580 168 174 162
-7.311283 1.448683 15.651248 159 165 155
-7.283854 1.746475 15.758541 138 138 128
-7.082555 0.511115 15.205605 55 59 58
-7.186514 1.280398 15.568686 107 117 116
-7.186514 1.280398 15.568686 107 117 116
-7.194279 1.500863 15.656559 103 107 93
-7.194279 1.500863 15.656559 103 107 93
-7.200212 1.603238 15.695614 120 126 114
-7.131828 1.437967 15.624514 157 163 153
-7.131828 1.437967 15.624514 157 163 153
-7.145710 1.686245 15.718265 99 106 98
-7.218220 4.565140 16.280373 178 185 169
-7.049878 1.485139 15.632006 105 111 99
-7.049878 1.485139 15.632006 105 111 99
-7.115062 4.645410 16.256594 108 114 104
-7.115062 4.645410 16.256594 108 114 104
-7.028812 5.345139 16.219267 106 116 107
-6.998639 5.502601 16.199535 144 151 135
-7.053724 4.683704 16.241623 168 171 160
-6.911182 6.006847 16.117319 148 154 140
-6.911182 6.006847 16.117319 148 154 140
-6.937423 1.419789 15.592860 154 160 150
-6.941807 1.477632 15.615186 107 113 101
-6.941807 1.477632 15.615186 107 113 101
-6.880725 6.134483 16.088516 147 153 139
-6.814657 6.490842 16.002146 152 163 149
-6.814657 6.490842 16.002146 152 163 149
-6.920212 1.530299 15.631778 158 161 150
-6.688635 7.001087 15.835336 160 171 157
-6.843487 1.470798 15.599830 100 106 94
-6.130854 -2.129070 13.287100 67 63 62
-6.810064 1.262149 15.515912 112 122 121
-6.491107 7.642612 15.550124 148 160 148
-6.491107 7.642612 15.550124 148 160 148
-6.809694 1.407012 15.571679 153 158 151
-6.376285 7.985738 15.362302 152 164 152
-6.207792 8.527267 15.020649 201 217 206
-6.295073 8.191310 15.232581 125 138 128
-6.193406 8.455915 15.052451 134 152 140
-6.193406 8.455915 15.052451 134 152 140
-6.171666 8.498567 15.019308 143 161 149
-6.109701 8.658145 14.900175 137 157 145
-6.210690 8.261655 15.160492 189 202 192
-5.734861 9.530783 14.093962 192 212 203
-5.985012 8.925933 14.674103 129 146 136
-6.117140 8.509761 14.987513 189 209 197
-5.928374 9.043442 14.566900 135 152 142
-5.928374 9.043442 14.566900 135 152 142
-5.903979 9.090022 14.522108 132 149 141
-5.634615 9.671721 13.913414 185 205 196
-5.830468 9.236919 14.377628 130 150 141
-5.830468 9.236919 14.377628 130 150 141
-6.735201 4.333801 16.152617 177 179 165
-5.689909 9.491678 14.099968 127 150 142
-5.689909 9.491678 14.099968 127 150 142
-5.663833 9.536453 14.047491 132 153 146
-5.663833 9.536453 14.047491 132 153 146
-6.636961 1.398343 15.546141 156 161 154
-6.728281 3.311062 16.054289 146 142 130
-6.634234 1.458131 15.567664 106 112 100
-6.634234 1.458131 15.567664 106 112 100
-5.539309 9.730140 13.802052 118 139 130
-5.539309 9.730140 13.802052 118 139 130
-5.716057 9.346041 14.231424 190 210 201
-5.826261 9.052554 14.506855 204 221 213
-6.578781 1.229784 15.474842 96 106 105
-5.899511 -2.256634 13.175750 43 54 60
-6.669324 3.920531 16.112072 113 109 98
-6.189040 -1.126419 14.146323 72 82 84
-6.189040 -1.126419 14.146323 72 82 84
-6.445867 0.293324 15.040718 209 224 221
-5.953499 8.594454 14.861440 195 213 201
-5.505267 9.702311 13.806360 176 197 190
-6.414971 0.171676 14.974972 44 59 56
-6.443200 0.485472 15.136131 54 64 63
-5.573617 9.444446 14.070955 207 223 213
-6.592081 2.604771 15.895891 98 95 80
-6.458719 0.836638 15.299014 53 64 58
-6.493840 1.383819 15.522152 151 154 145
-6.493840 1.383819 15.522152 151 154 145
-6.560073 3.174637 15.998852 93 91 78
-5.410942 -3.311645 11.991319 98 98 96
-6.258829 -0.181639 14.769138 92 101 98
-6.436549 1.443967 15.536260 111 114 103
-6.116899 -0.850728 14.341969 82 92 91
-6.501766 2.912943 15.942225 105 101 89
-6.383035 1.257429 15.460979 203 216 209
-6.413109 1.777404 15.644486 164 155 146
-5.903611 8.039162 15.131572 161 171 160
-6.293719 0.778919 15.256226 87 94 87
-6.376039 1.724313 15.622249 118 111 103
-6.380104 4.477572 16.066849 172 175 164
-6.284328 0.837171 15.280367 65 71 67
-5.998311 -1.004409 14.232374 57 71 71
-6.209826 0.283403 15.016010 68 78 77
-6.314858 5.190710 16.026182 100 107 99
-6.314858 5.190710 16.026182 100 107 99
-6.147627 -0.087324 14.815397 65 74 69
-6.102312 -0.297111 14.692810 60 72 68
-6.250516 0.826878 15.272276 81 87 83
-6.250516 0.826878 15.272276 81 87 83
-6.296977 1.362297 15.488488 98 101 92
-6.296977 1.362297 15.488488 98 101 92
-6.296977 1.362297 15.488488 98 101 92
-6.195691 0.413787 15.078953 73 82 79
-6.327923 4.504692 16.053583 110 113 102
-6.141675 0.049599 14.889544 64 74 66
-6.353022 3.134943 15.950616 114 112 99
-6.271458 1.608937 15.569832 89 92 83
-6.286175 2.943439 15.905746 157 159 146
-6.236921 1.649284 15.577986 140 136 125
-6.259547 2.273021 15.759331 120 114 102
-6.196801 5.118646 15.997540 107 114 98
-6.274704 3.123392 15.932892 177 183 171
-6.274704 3.123392 15.932892 177 183 171
-6.272255 3.189276 15.942251 190 198 185
-6.237510 4.421306 16.029781 116 118 104
-6.237510 4.421306 16.029781 116 118 104
-6.255624 2.808313 15.875390 136 136 124
-6.255624 2.808313 15.875390 136 136 124
-6.253644 3.467597 15.974558 201 207 195
-6.237932 3.738573 15.997976 206 209 202
-6.115946 0.712075 15.208217 157 151 139
-6.216858 4.139233 16.017746 177 181 167
-6.159473 1.272832 15.438065 156 147 138
-6.116035 0.830950 15.259225 159 143 128
-6.194129 4.326838 16.017458 185 186 172
-6.130977 1.083111 15.362988 156 146 137
-5.905010 -0.654686 14.464618 179 156 138
-6.174190 4.533839 16.013571 184 187 176
-6.200754 2.443745 15.789715 176 163 147
-6.147159 1.489111 15.512432 84 84 74
-6.147159 1.489111 15.512432 84 84 74
-6.201764 2.828315 15.868749 171 161 151
-6.145672 1.557370 15.534988 75 75 67
-6.187835 2.569604 15.814999 169 153 140
-6.174049 2.235290 15.735413 166 149 133
-5.643057 -1.817139 13.598980 136 113 97
-6.123888 1.356701 15.463513 98 96 83
-5.759912 -1.296287 14.016999 136 113 95
-5.726983 -1.446509 13.901877 182 157 137
-6.141662 1.651957 15.565001 175 159 144
-5.810897 -1.029809 14.211057 137 116 95
-6.151851 4.297134 16.006222 122 120 107
-6.145612 4.370119 16.005749 130 128 116
-5.847331 -0.750865 14.400537 140 119 100
-5.847331 -0.750865 14.400537 140 119 100
-6.092735 1.210613 15.406592 101 92 83
-6.159632 3.414162 15.947955 83 85 74
-6.159632 3.414162 15.947955 83 85 74
-5.948738 -0.050709 14.821751 193 176 160
-6.137501 2.078047 15.688737 175 156 142
-5.899204 -0.323303 14.665951 188 161 142
-6.108463 1.765623 15.595309 183 171 155
-5.797258 -0.902863 14.298160 201 176 156
-5.779065 -0.996046 14.233954 197 176 157
-5.524195 -2.124585 13.327944 151 132 117
-5.808392 -0.800230 14.366930 211 189 168
-5.635330 -1.611851 13.771143 156 133 117
-6.066261 1.475755 15.496677 169 165 153
-6.061044 4.788506 15.977570 179 180 166
-6.023008 1.162023 15.379663 188 172 157
-5.668046 -1.362573 13.966806 163 138 116
-6.020822 4.949602 15.958532 175 176 162
-5.975022 0.882893 15.264863 194 182 168
-5.709239 -1.040847 14.201413 200 182 162
-5.665765 -1.262019 14.042134 211 188 170
-4.783037 -4.026344 11.015794 152 150 138
-5.752388 -0.772269 14.383334 135 117 97
-5.936270 0.593450 15.137270 185 169 153
-5.691105 -1.091711 14.165408 130 112 90
-5.884231 0.210525 14.952111 208 195 176
-5.996776 1.542446 15.508912 81 83 62
-5.996776 1.542446 15.508912 81 83 62
-5.996776 1.542446 15.508912 81 83 62
-5.977295 1.273095 15.414365 192 179 162
-5.540128 -1.748534 13.660331 224 207 189
-5.486161 -1.974736 13.466606 164 143 126
-6.027914 2.314732 15.729531 174 165 150
-5.652490 -1.174844 14.105595 212 191 170
-5.970404 1.358894 15.443643 178 159 142
-5.818568 -0.098512 14.786768 213 196 178
-5.998372 2.002407 15.645814 176 166 154
-5.595063 -1.411691 13.929471 146 124 103
-5.606871 -1.350082 13.976243 232 214 192
-5.744132 -0.538836 14.529728 221 200 181
-5.958925 1.668347 15.543227 172 164 151
-5.219840 -2.807206 12.652205 188 166 153
-5.980642 2.445526 15.750735 183 171 155
-5.351787 -2.317636 13.154169 186 169 151
-5.621865 -1.078226 14.173691 220 202 182
-5.425043 -1.995537 13.450668 237 216 199
-5.811871 0.256023 14.968281 211 195 180
-5.671418 -0.746337 14.397161 229 214 195
-5.407481 -2.047853 13.404470 173 152 135
-5.243813 -2.625727 12.848820 201 182 168
-5.751146 -0.132976 14.763423 151 130 111
-5.918344 1.748494 15.561346 183 171 157
-5.515580 -1.471731 13.883627 140 122 102
-5.815816 0.564154 15.111979 151 134 118
-5.521590 -1.425675 13.918990 225 208 188
-5.278851 -2.433752 13.044498 252 235 217
-5.685425 -0.431263 14.591005 219 203 187
-5.473770 -1.620654 13.766676 232 211 194
-5.806735 0.630490 15.140151 208 192 176
-5.129132 -2.916241 12.538239 181 165 150
-4.879152 9.419432 13.674518 150 162 152
-4.879152 9.419432 13.674518 150 162 152
-5.424995 -1.792619 13.626379 166 145 128
-5.477119 -1.544194 13.827425 245 227 207
-5.477119 -1.544194 13.827425 245 227 207
-5.751660 0.237114 14.953815 164 143 126
-5.423225 -1.753886 13.658800 230 213 195
-5.595331 -0.777720 14.374266 228 217 199
-5.739098 0.293922 14.980109 211 198 179
-5.319253 -2.139337 13.325341 165 146 129
-5.243747 -2.431886 13.049118 196 181 162
-5.326584 -2.088459 13.371539 234 215 198
-5.562927 -0.885119 14.303355 221 195 180
-5.747951 0.634317 15.135608 170 153 137
-5.667160 -0.070004 14.791178 233 220 201
-5.806177 1.491377 15.465138 198 182 166
-5.806177 1.491377 15.465138 198 182 166
-5.617525 -0.424002 14.591531 232 219 202
-5.552794 -0.834495 14.336148 136 119 103
-5.354990 -1.865757 13.566508 170 149 132
-5.113234 -2.774244 12.701112 199 181 167
-5.021894 -3.046807 12.398043 202 189 173
-5.477334 -1.153902 14.118161 219 200 183
-5.267344 -2.151078 13.317283 238 221 203
-5.459943 -1.207624 14.079795 138 117 100
-5.670657 0.278280 14.966475 155 142 123
-5.786796 1.989269 15.607847 200 185 166
-5.504801 -0.904191 14.289035 218 190 176
-5.570745 -0.469904 14.562152 163 144 127
-5.320554 -1.847375 13.583192 247 228 211
-5.136279 -2.549784 12.938269 197 182 163
-5.044315 -2.853948 12.619948 191 178 162
-5.044315 -2.853948 12.619948 191 178 162
-5.417627 -1.269868 14.034575 229 208 191
-4.958752 -3.120107 12.317973 201 187 174
-5.493434 -0.802377 14.354795 223 210 194
-5.591556 -0.093990 14.772989 144 126 106
-5.669247 0.704805 15.157023 160 147 128
-5.348895 -1.546703 13.826679 228 216 200
-5.336571 -1.600557 13.784595 186 164 151
-5.263900 -1.937140 13.508299 177 164 147
-5.386478 -1.294894 14.016158 224 203 186
-5.172193 -2.293136 13.189758 178 163 144
-5.172193 -2.293136 13.189758 178 163 144
-5.259506 -1.901746 13.538873 233 221 205
-4.821968 -3.437961 11.928916 207 199 188
-4.821968 -3.437961 11.928916 207 199 188
-5.598608 0.319851 14.979519 149 131 117
-5.386155 -1.211186 14.076340 240 224 208
-5.629550 0.684500 15.144176 229 212 194
-4.588901 -3.997184 11.127326 244 240 231
-5.372634 -1.254533 14.045212 161 142 127
-5.595146 0.384930 15.009322 231 222 205
-4.542634 -4.088707 10.979901 171 166 160
-5.595347 0.388741 15.011086 225 217 198
-5.421761 -0.931953 14.268273 231 209 195
-5.486308 -0.481433 14.550868 141 125 109
-5.655442 1.243679 15.361263 218 205 188
-4.875906 -3.210710 12.217948 183 171 159
-4.775343 -3.498265 11.854629 190 182 171
-5.635663 1.198331 15.342771 157 144 127
-5.377613 -1.077116 14.169666 231 214 198
-5.335272 -1.277573 14.028271 145 128 112
-5.332144 -1.279682 14.026721 145 128 112
-4.778064 -3.448742 11.922567 248 240 229
-4.778064 -3.448742 11.922567 248 240 229
-5.063369 -2.510471 12.984511 243 227 211
-5.255461 -1.656736 13.741160 150 134 121
-4.794907 -3.390021 11.998903 240 232 221
-5.095429 -2.363819 13.126992 196 180 164
-5.396466 -0.822180 14.338652 226 217 202
-4.834963 -3.260572 12.161286 203 193 183
-5.237194 -1.710387 13.698445 236 218 204
-5.253215 -1.619011 13.771071 241 227 214
-5.652292 2.538427 15.709422 154 138 122
-5.431680 -0.521959 14.524206 222 205 187
-4.723496 -3.559397 11.778996 169 161 150
-5.377260 -0.887519 14.295959 129 116 100
-5.377260 -0.887519 14.295959 129 116 100
-5.640230 2.219746 15.639740 210 197 181
-5.640230 2.219746 15.639740 210 197 181
-5.169886 -1.984776 13.470507 252 240 226
-5.088527 -2.330705 13.159310 241 225 209
-5.472459 -0.074093 14.774610 127 111 95
-5.479187 -0.005076 14.810621 229 220 203
-5.479187 -0.005076 14.810621 229 220 203
-5.144186 -2.051578 13.413002 162 149 132
-5.555510 0.873841 15.212295 227 211 196
-5.555510 0.873841 15.212295 227 211 196
-5.555510 0.873841 15.212295 227 211 196
-5.281254 -1.345893 13.978276 217 198 183
-5.122565 -2.104056 13.367262 240 224 208
-5.596157 1.808204 15.528348 217 205 189
-5.596157 1.808204 15.528348 217 205 189
-5.614167 2.756191 15.741461 215 199 184
-5.614167 2.756191 15.741461 215 199 184
-4.857660 -3.064758 12.399464 189 176 167
-5.032768 -2.425972 13.070940 146 130 115
-5.032768 -2.425972 13.070940 146 130 115
-5.493516 0.429110 15.019406 220 208 192
-5.446614 -0.025485 14.797667 233 224 207
-5.196015 -1.656069 13.742559 243 231 217
-5.037589 -2.380718 13.114651 241 225 209
-5.385724 -0.478018 14.547372 126 115 97
-5.385724 -0.478018 14.547372 126 115 97
-5.550050 1.309335 15.369315 170 154 138
-5.143409 -1.899064 13.544889 236 224 210
-5.108919 -2.037721 13.426699 229 218 200
-5.571287 2.340242 15.654154 223 207 192
-5.538579 1.404204 15.398868 215 207 188
-5.538579 1.404204 15.398868 215 207 188
-5.205204 -1.524118 13.845090 237 224 208
-5.413019 -0.114144 14.749321 226 207 190
-4.783107 -3.233094 12.204521 242 234 223
-4.729571 -3.390895 12.009625 156 148 137
-5.565274 2.255689 15.634657 159 140 125
-5.565274 2.255689 15.634657 159 140 125
-5.291594 -0.956600 14.248233 223 207 191
-4.902906 -2.804677 12.690705 157 143 132
-5.074122 -2.109376 13.364772 164 148 132
-5.074122 -2.109376 13.364772 164 148 132
-5.451199 0.399431 15.001918 137 124 108
-5.151056 -1.727919 13.685915 156 140 127
-5.151056 -1.727919 13.685915 156 140 127
-5.223852 -1.326307 13.992144 150 132 118
-4.794618 -3.139544 12.318444 182 172 162
-5.293788 -0.844640 14.320647 237 231 217
-5.436399 0.458429 15.026698 217 208 191
-4.892560 -2.770540 12.728918 235 221 210
-4.958132 -2.498828 13.004655 148 132 119
-5.460777 0.943681 15.227626 218 211 195
-5.184887 -1.391247 13.944592 220 201 184
-5.327296 -0.438662 14.566647 213 206 190
-5.025674 -2.190984 13.293518 231 212 197
-5.515893 2.423662 15.661313 217 206 188
-4.614794 -3.608160 11.732244 223 215 204
-4.957762 -2.453025 13.049962 240 224 211
-5.107791 -1.754839 13.665032 148 134 121
-5.107791 -1.754839 13.665032 148 134 121
-5.116253 -1.706311 13.703849 244 232 218
-4.585645 -3.674213 11.642621 212 203 194
-4.662619 -3.454971 11.936079 151 143 132
-4.662619 -3.454971 11.936079 151 143 132
-4.559678 -3.738953 11.552049 156 147 138
-5.359071 -0.038689 14.784109 130 121 104
-5.298202 -0.548541 14.501616 227 210 192
-5.296360 -0.541234 14.505793 227 212 193
-4.838989 -2.873854 12.621579 152 140 128
-4.845448 -2.828815 12.670584 225 211 200
-4.807405 -2.949947 12.539736 228 214 205
-5.425582 0.912712 15.211601 133 120 104
-5.473137 1.934341 15.541981 205 196 181
-5.471941 3.517833 15.804440 210 198 184
-5.471941 3.517833 15.804440 210 198 184
-5.478046 3.004866 15.751402 212 199 182
-4.716992 -3.220388 12.230814 181 172 163
-5.462718 2.009873 15.559233 223 217 201
-5.462718 2.009873 15.559233 223 217 201
-5.075575 7.199046 15.143473 210 216 206
-4.513152 -3.794080 11.479156 152 145 135
-4.977109 -2.188310 13.298481 149 137 123
-4.977109 -2.188310 13.298481 149 137 123
-5.042058 -1.846853 13.591385 232 216 201
-5.421298 1.446450 15.395408 143 130 114
-5.443791 2.131128 15.585014 168 150 138
-5.447972 2.444296 15.652797 171 153 139
-5.115697 -1.429072 13.916541 231 219 205
-5.355735 0.507286 15.039672 228 223 204
-5.253120 -0.483777 14.536654 128 117 99
-5.429336 3.623000 15.801987 218 206 192
-5.131683 -1.304120 14.007254 235 228 212
-4.769477 -2.947385 12.547306 147 133 124
-4.965933 -2.148383 13.335014 223 211 197
-4.574572 -3.564157 11.803053 165 158 148
-4.875236 -2.532850 12.977347 231 215 200
-4.783049 -2.888920 12.611294 219 205 194
-5.405213 1.525383 15.417274 218 209 194
-5.405213 1.525383 15.417274 218 209 194
-5.038937 -1.757238 13.664447 217 207 195
-5.243455 -0.424299 14.569835 237 231 217
-5.244239 -0.417552 14.573671 233 227 213
-5.331557 0.455106 15.014569 135 123 107
-5.279660 -0.083145 14.755293 211 195 180
-5.026502 -1.802195 13.628347 122 110 98
-4.852711 -2.591309 12.920374 157 141 126
-4.852711 -2.591309 12.920374 157 141 126
-4.989091 7.374873 15.034605 207 213 203
-4.451772 -3.864147 11.385306 138 131 123
-3.960041 -4.826332 9.587768 115 112 103
-4.823602 -2.660954 12.851588 226 210 195
-5.402214 2.637480 15.679682 213 199 186
-5.402214 2.637480 15.679682 213 199 186
-5.315187 0.531234 15.045643 224 221 204
-4.534948 -3.610605 11.745721 157 150 140
-4.637244 -3.302619 12.140292 149 141 130
-5.135740 -0.987416 14.223459 214 200 187
-5.333105 1.038450 15.246433 223 216 200
-4.927131 -2.125511 13.357203 176 164 150
-5.210731 -0.303053 14.634663 214 205 190
-5.210731 -0.303053 14.634663 214 205 190
-4.989022 -1.765463 13.658793 229 219 207
-5.361393 2.151176 15.575211 224 212 196
-4.962434 -1.856359 13.585590 122 110 96
-5.303080 0.990986 15.225435 147 131 118
-4.874201 -2.259713 13.238875 136 120 105
-4.778607 -2.657475 12.859303 145 131 118
-5.163349 -0.482278 14.532388 139 127 111
-5.334367 3.308366 15.755179 220 208 194
-4.598017 -3.298584 12.151846 203 196 186
-5.265635 0.617175 15.076204 181 169 155
-5.103261 -0.900117 14.278613 229 223 209
-4.847072 -2.317299 13.187211 202 183 168
-5.089844 -0.951750 14.245152 125 113 99
-5.210380 0.077132 14.829382 217 214 199
-5.199915 0.001498 14.791507 116 106 94
-4.927029 -1.906120 13.545433 215 203 191
-4.940089 -1.824886 13.611836 215 205 193
-4.768632 -2.622235 12.896242 218 206 194
-4.451089 -3.694953 11.642414 135 128 120
-5.129578 -0.527613 14.504628 215 199 184
-5.129578 -0.527613 14.504628 215 199 184
-4.748219 -2.675130 12.843891 146 132 121
-5.177437 -0.056826 14.760633 209 193 180
-4.300038 -4.062784 11.100979 192 187 181
-4.327313 -3.995348 11.206663 107 102 96
-5.052965 -1.001512 14.211813 205 191 178
-5.118148 -0.438749 14.554208 225 219 207
-4.520350 -3.416243 12.013789 124 117 111
-5.258254 1.626599 15.424567 162 153 138
-5.198629 0.595311 15.059815 240 231 216
-5.194224 0.540518 15.036620 140 128 116
-4.616238 -3.045985 12.453970 200 190 180
-4.791409 -2.314459 13.193181 128 112 99
-4.791409 -2.314459 13.193181 128 112 99
-4.803124 -2.255358 13.246778 216 208 195
-4.873274 -1.901287 13.550934 138 126 114
-5.085482 -0.487240 14.525066 131 119 105
-4.585002 -3.124150 12.366905 137 128 119
-4.266695 -4.063728 11.109348 108 103 97
-5.233611 3.445557 15.744039 204 197 181
-5.205152 1.075530 15.242891 165 157 144
-5.002276 6.211253 15.436903 197 183 172
-5.002276 6.211253 15.436903 197 183 172
-4.945014 -1.403925 13.934134 221 212 197
-4.552120 -3.213145 12.264939 193 184 175
-5.237596 2.315799 15.588215 217 204 195
-4.469514 -3.473068 11.947980 124 119 113
-4.983162 -1.030050 14.191180 205 189 176
-4.324289 -3.866753 11.413899 191 186 180
-4.826368 -1.977792 13.488604 200 186 175
-5.209267 2.956672 15.688651 213 203 191
-5.199352 1.739320 15.446334 215 208 192
-5.206467 2.354068 15.590089 215 207 194
-4.458587 -3.441460 11.991795 193 186 180
-4.507113 -3.280629 12.188945 189 180 173
-4.293627 -3.916968 11.342993 199 194 188
-5.181665 3.536922 15.738316 214 206 195
-5.181665 3.536922 15.738316 214 206 195
-4.711219 -2.458450 13.062610 202 186 173
-5.180419 3.448709 15.731997 152 144 133
-4.645850 -2.715959 12.811237 201 191 181
-4.970693 -0.910387 14.267391 223 219 208
-5.026666 -0.434801 14.550805 215 209 195
-5.071777 0.019547 14.789682 127 111 96
-4.430365 -3.475176 11.952434 188 181 175
-4.302034 -3.854269 11.438818 134 129 123
-5.111734 0.596156 15.050527 145 132 123
-4.865895 -1.567376 13.813819 207 193 182
-5.174360 2.312804 15.575958 131 118 109
-5.057351 -0.027509 14.765490 138 122 107
-5.057351 -0.027509 14.765490 138 122 107
-4.793577 -1.959118 13.505263 145 133 121
-5.170371 2.408437 15.593808 216 206 196
-5.170371 2.408437 15.593808 216 206 196
-5.170371 2.408437 15.593808 216 206 196
-4.395293 -3.559803 11.845123 135 130 124
-4.395293 -3.559803 11.845123 135 130 124
-5.027324 5.322880 15.624583 193 185 174
-5.054097 0.122398 14.837261 211 207 196
-5.100339 4.237017 15.734055 201 195 183
-5.144814 3.049091 15.686245 210 206 194
-4.586340 -2.833255 12.693755 125 112 103
-5.077052 0.564765 15.033869 206 186 175
-5.109818 1.169277 15.262025 131 117 104
-4.969763 -0.532614 14.492760 204 188 175
-4.680878 -2.363599 13.154259 205 199 187
-5.120835 1.877365 15.469056 220 217 200
-4.908813 -0.946845 14.242198 220 216 205
-5.091047 1.240867 15.282906 217 211 199
-4.120494 -4.214843 10.889944 121 118 113
-5.048184 0.629648 15.056878 119 109 97
-5.100291 3.106982 15.683071 218 215 200
-4.333803 -3.616212 11.779721 131 126 120
-5.070750 3.852634 15.725248 160 140 131
-4.433723 -3.274436 12.208105 109 100 93
-4.433723 -3.274436 12.208105 109 100 93
-4.804785 -1.525065 13.845362 118 108 96
-4.804785 -1.525065 13.845362 118 108 96
-4.938904 -0.482445 14.519053 124 116 103
-4.725063 -1.976044 13.493259 191 181 171
-5.039118 4.239931 15.717716 136 128 117
-5.082255 1.834604 15.451953 132 120 108
-5.027791 4.351887 15.711618 199 195 183
-5.063422 1.347877 15.312774 171 153 141
-4.710264 -2.020426 13.456581 128 116 104
-4.645374 -2.349450 13.169522 192 186 174
-5.078502 3.051060 15.672163 152 140 126
-4.517457 -2.908398 12.620154 134 126 115
-4.517457 -2.908398 12.620154 134 126 115
-4.848348 -1.013346 14.197869 133 123 113
-5.026240 1.236593 15.272410 140 130 118
-5.019963 3.795753 15.711134 208 200 189
-4.566813 -2.565577 12.969453 181 164 156
-5.035574 2.593546 15.600267 197 187 177
-3.497038 -5.198418 8.655428 103 102 98
-4.346975 8.422291 14.154154 206 219 209
-4.735953 -1.609237 13.782934 194 180 171
-4.021227 -4.324811 10.720124 108 104 103
-4.021227 -4.324811 10.720124 108 104 103
-4.577075 -2.459001 13.071403 187 174 165
-4.872878 -0.520542 14.493900 192 176 163
-4.458889 -2.970985 12.558214 128 119 112
-5.011302 3.241112 15.676558 204 200 188
-4.342066 -3.366411 12.108459 133 124 117
-4.342066 -3.366411 12.108459 133 124 117
-4.967707 3.897763 15.700216 206 202 191
-4.908358 0.071671 14.800412 115 105 93
-4.995186 2.026169 15.482781 217 218 204
-4.269852 8.536843 14.032019 207 220 211
-4.988576 2.672166 15.603219 205 197 184
-4.956823 3.803818 15.695649 153 139 130
-4.712880 -1.519147 13.849595 206 202 190
-4.984966 2.111891 15.499857 160 148 136
-4.214692 -3.735042 11.636999 123 116 110
-4.098103 -4.063618 11.159082 112 107 103
-4.771084 -1.042163 14.176977 127 117 107
-4.974421 1.969754 15.466291 152 142 130
-4.609289 -2.087482 13.403428 109 99 90
-4.609289 -2.087482 13.403428 109 99 90
-4.890029 0.148088 14.834199 224 220 209
-4.929788 0.756325 15.092197 209 212 201
-4.972462 2.616305 15.591354 122 120 107
-4.972462 2.616305 15.591354 122 120 107
-4.923059 0.702000 15.070704 104 96 85
-4.616705 6.879394 15.078650 186 186 174
-4.616705 6.879394 15.078650 186 186 174
-4.934850 1.328815 15.288177 129 121 110
-4.948292 2.730209 15.603594 198 190 177
-3.751995 -4.778162 9.845879 130 126 125
-4.852169 4.688444 15.643311 204 200 189
-4.778954 -0.521405 14.487815 186 166 155
-4.150264 8.704252 13.839671 197 213 203
-4.778234 -0.472469 14.514647 106 100 88
-4.717399 -1.012041 14.194424 183 186 177
-4.905033 2.128569 15.489049 215 208 198
-4.619212 -1.676224 13.733172 199 185 176
-4.681416 5.964942 15.384482 197 193 181
-4.869307 3.455791 15.659795 211 201 192
-4.758254 -0.419604 14.541938 219 217 205
-4.868239 3.371702 15.654150 121 111 101
-4.336399 -3.043330 12.492533 179 172 166
-4.871152 2.939202 15.614639 149 137 125
-4.824466 4.126769 15.662814 201 195 181
-4.858607 1.457924 15.315022 212 210 198
-4.833598 0.874915 15.123853 165 158 148
-4.509112 -2.153021 13.351323 109 96 88
-4.208860 -3.479388 11.987174 133 126 120
-4.420745 -2.602993 12.944307 182 169 161
-4.512066 -2.096653 13.399252 192 183 174
-4.858665 2.108472 15.476469 116 103 95
-4.844617 1.411643 15.299517 128 119 104
-4.779244 0.178279 14.837438 209 207 195
-4.851873 2.784868 15.591245 140 130 120
-4.584228 -1.565894 13.815298 203 196 186
-4.290202 -3.109196 12.424028 107 98 93
-4.335293 7.679197 14.596620 178 175 166
-4.600694 6.101563 15.320832 196 192 180
-3.946116 -4.214961 10.946877 110 105 102
-3.946116 -4.214961 10.946877 110 105 102
-4.661335 5.535549 15.470512 195 193 181
-4.824351 2.878485 15.597398 193 191 178
-4.788454 0.771790 15.080719 107 103 94
-4.764674 4.221335 15.644567 207 201 189
-4.561102 -1.579666 13.805218 204 200 189
-4.742605 0.139725 14.816597 94 87 77
-4.774117 0.844497 15.105394 215 218 207
-3.949307 8.951037 13.516480 196 209 202
-4.451242 -2.147789 13.358141 197 187 178
-4.358805 -2.634141 12.918756 184 173 167
-4.237127 -3.158636 12.374414 115 104 100
-4.237127 -3.158636 12.374414 115 104 100
-4.778344 1.477652 15.308296 133 123 111
-4.668062 -0.411490 14.540247 209 211 200
-4.587183 -1.139984 14.108530 190 173 163
-4.772465 1.559570 15.329972 207 209 198
-3.887598 -4.271341 10.865758 109 104 101
-4.133401 -3.514534 11.955152 174 166 164
-4.652976 5.013839 15.550316 201 195 183
-4.106954 -3.593448 11.855969 113 108 102
-4.759563 2.965501 15.593536 210 202 191
-3.893806 9.022065 13.418514 202 215 208
-4.688133 4.356528 15.618249 206 204 191
-4.688133 4.356528 15.618249 206 204 191
-4.406133 6.846068 15.005382 194 187 177
-4.406133 6.846068 15.005382 194 187 177
-3.866271 -4.293333 10.833190 109 104 101
-3.866271 -4.293333 10.833190 109 104 101
-4.749081 2.278429 15.489948 209 205 196
-4.713909 3.690709 15.632330 197 185 173
-4.311208 -2.676123 12.881325 170 161 154
-4.403170 -2.176097 13.335882 209 199 190
-4.731276 3.000610 15.591121 196 192 181
-4.729425 1.520157 15.312466 108 101 91
-4.663191 0.116816 14.798765 183 164 157
-4.669015 4.283967 15.616270 118 110 99
-4.732763 2.216453 15.475149 132 118 109
-4.730030 2.377451 15.504154 149 136 127
-4.544114 -1.087743 14.140790 115 108 98
-4.544114 -1.087743 14.140790 115 108 98
-4.564228 -0.898928 14.258540 163 150 142
-3.827298 -4.326035 10.786820 108 104 103
-4.158737 -3.226224 12.306746 106 101 97
-4.158737 -3.226224 12.306746 106 101 97
-4.572746 5.125103 15.510321 193 193 181
-4.241756 -2.824357 12.738005 174 156 146
-4.582718 -0.410796 14.534812 207 210 201
-4.577221 -0.462615 14.507018 101 94 88
-4.623578 0.170504 14.818962 88 81 71
-4.682261 1.632331 15.334772 215 215 203
-4.680673 1.635379 15.335301 215 215 203
-4.645103 3.795524 15.617117 203 190 181
-4.595331 4.518981 15.582306 201 191 181
-4.598238 0.225736 14.840631 208 208 198
-4.538173 -0.532933 14.466708 185 163 152
-4.230205 -2.727173 12.837548 192 183 176
-4.418635 5.933085 15.299007 194 192 179
-4.377924 -1.781146 13.655738 185 165 156
-4.393653 -1.664996 13.742757 200 191 182
-3.986006 -3.695942 11.741071 97 89 86
-4.583222 3.910613 15.601755 200 194 182
-4.593428 0.898440 15.101045 102 95 87
-4.587017 0.826629 15.075190 180 163 156
-4.510521 -0.390462 14.540403 210 212 201
-3.974720 -3.661485 11.790397 187 179 176
-4.510989 4.633353 15.548732 198 190 179
-4.582856 0.968849 15.123534 213 216 205
-4.587155 3.174485 15.574827 202 202 190
-4.558558 3.846035 15.595396 137 124 115
-4.165220 -2.837721 12.731696 97 87 78
-4.594871 1.716327 15.341508 210 213 204
-4.052705 -3.315472 12.216673 110 103 97
-4.586360 1.646507 15.322743 107 96 90
-4.170947 7.216018 14.750081 186 177 168
-4.528513 0.157749 14.804076 204 186 176
-4.255622 -2.274122 13.257749 197 187 178
-4.227525 -2.394571 13.152672 179 156 150
-4.517704 4.017185 15.583426 198 189 180
-4.569391 2.409044 15.478205 126 114 102
-3.899805 8.342208 13.968604 185 180 174
-3.899805 8.342208 13.968604 185 180 174
-4.562572 2.475790 15.487534 208 205 196
-4.325970 -1.699451 13.717539 192 185 175
-4.462128 4.717729 15.526323 198 191 181
-4.124501 -2.871795 12.700603 109 98 92
-4.310321 -1.752209 13.678278 112 99 91
-3.789657 -4.145380 11.113544 112 102 100
-3.789657 -4.145380 11.113544 112 102 100
-4.548604 1.684991 15.326107 99 92 84
-4.518216 3.280500 15.566493 210 211 197
-4.518216 3.280500 15.566493 210 211 197
-3.649943 -4.493471 10.533025 100 90 91
-4.510947 0.937343 15.103316 100 93 83
-4.116304 -2.811630 12.762949 193 190 181
-4.266611 6.157338 15.182487 192 190 177
-3.891093 -3.732930 11.709850 176 169 163
-3.990764 -3.329005 12.209846 184 177 171
-4.450795 4.086559 15.563916 200 193 183
-4.495662 2.548229 15.484966 196 198 187
-4.384487 4.847892 15.488608 197 193 182
-4.048429 -3.017159 12.555421 178 165 159
-3.801521 8.455820 13.831176 185 181 172
-3.590607 -4.576807 10.388328 169 164 161
-3.590607 -4.576807 10.388328 169 164 161
-4.320857 -1.201583 14.061419 189 169 160
-3.863408 -3.761879 11.675574 173 166 160
-4.461292 3.371457 15.558329 209 202 194
-4.461292 3.371457 15.558329 209 202 194
-4.162506 -2.312494 13.228751 187 178 171
-4.474172 1.742860 15.327576 91 87 76
-4.230046 -1.838497 13.613747 183 164 158
-4.469167 2.501181 15.472674 110 100 88
-3.822140 -3.853752 11.554549 103 94 89
-3.822140 -3.853752 11.554549 103 94 89
-4.391685 4.174725 15.544756 205 198 188
-3.856444 8.059167 14.137412 137 133 122
-3.916430 -3.442436 12.083981 102 91 87
-4.219893 -1.735989 13.690999 202 198 189
-3.868372 7.975685 14.196776 186 184 172
-4.349862 -0.398464 14.524828 201 207 195
-4.378575 0.159726 14.790133 215 195 186
-3.548214 -4.588593 10.381905 123 120 115
-4.419329 2.618737 15.479130 210 207 200
-4.387990 3.472335 15.545148 208 199 194
-4.413958 2.554748 15.469229 131 127 116
-3.903923 -3.398417 12.139803 193 186 180
-3.811506 8.100891 14.086602 187 183 174
-3.789063 -3.846276 11.572827 173 164 159
-4.409717 1.793121 15.328209 87 84 79
-4.026388 7.001409 14.782578 196 192 181
-3.649691 -4.274991 10.937317 118 110 108
-4.175614 -1.760340 13.673189 203 198 192
-4.086567 -2.350066 13.199658 199 194 188
-4.072885 -2.433788 13.126219 113 100 92
-3.861691 -3.492145 12.031432 111 100 96
-3.812435 -3.672858 11.807308 127 118 113
-3.812435 -3.672858 11.807308 127 118 113
-3.745606 -3.915716 11.482347 101 90 86
-4.367862 1.082059 15.130316 206 216 205
-4.379009 1.901630 15.346791 207 212 205
-4.346913 3.425537 15.533331 150 143 135
-3.856981 -3.445655 12.089749 184 177 171
-4.358185 2.703674 15.477181 206 203 196
-4.306004 4.011063 15.527087 174 147 136
-4.135917 -1.815740 13.632075 109 102 96
-4.135917 -1.815740 13.632075 109 102 96
-3.609690 -4.305535 10.897091 111 106 103
-4.265995 -0.517323 14.457405 186 169 161
-3.596470 8.696304 13.520305 137 132 126
-3.596470 8.696304 13.520305 137 132 126
-3.345837 -4.933013 9.678503 100 95 92
-4.262274 4.354094 15.498840 204 200 188
-4.262274 4.354094 15.498840 204 200 188
-4.338310 2.518904 15.448689 171 148 134
-4.109948 -1.892291 13.574224 188 173 168
-3.910037 -3.107522 12.473649 181 170 166
-4.012381 -2.507598 13.063103 212 199 191
-4.105846 5.885000 15.198911 190 186 175
-4.105846 5.885000 15.198911 190 186 175
-4.286082 0.335442 14.853823 205 206 198
-3.787989 -3.595314 11.913571 176 167 162
-4.277289 3.607524 15.521453 201 202 194
-3.693994 -3.919399 11.489231 182 175 169
-4.231302 4.222652 15.498116 160 141 134
-3.303717 -4.968984 9.607270 101 96 93
-3.891762 -3.040729 12.547925 112 105 99
-3.905045 -2.967502 12.623713 206 201 197
-4.144014 -1.260383 14.018842 189 176 168
-3.784114 -3.509291 12.023230 186 181 175
-3.772235 -3.555127 11.967728 121 114 108
-4.072065 -1.792465 13.650030 222 217 211
-3.650511 8.214729 13.922679 120 126 114
-4.053623 5.872498 15.183290 134 130 119
-4.213342 4.013944 15.502060 156 136 125
-3.659834 -3.956602 11.442823 180 173 167
-4.195436 -0.383861 14.520872 208 203 197
-3.938612 6.651954 14.887889 191 187 178
-3.524913 -4.386086 10.782382 129 125 124
-3.296824 -4.945179 9.675992 163 155 153
-3.734509 -3.648885 11.854016 183 174 169
-4.265180 2.111798 15.367870 167 148 141
-4.104906 5.245527 15.340340 193 180 171
-4.247459 2.735865 15.457360 104 97 91
-4.247459 2.735865 15.457360 104 97 91
-4.206761 3.681990 15.504457 200 197 190
-4.202646 0.357728 14.853530 208 209 201
-3.240746 -5.017637 9.512239 112 108 107
-4.191013 0.306700 14.831861 85 81 72
-4.214806 1.094927 15.112289 76 78 67
-3.361070 -4.747384 10.124077 117 114 109
-3.722555 -3.560405 11.969810 177 172 166
-4.144232 -0.451862 14.482785 113 106 98
-4.081399 -1.186738 14.063749 109 102 94
-3.691447 -3.679621 11.821938 181 172 167
-4.044110 5.351898 15.299999 196 188 177
-4.167097 3.707945 15.494380 208 204 195
-3.704819 -3.612270 11.906995 115 106 101
-3.704819 -3.612270 11.906995 115 106 101
-3.794992 -3.186584 12.400854 181 176 170
-3.994911 -1.897743 13.571697 124 120 111
-3.994911 -1.897743 13.571697 124 120 111
-3.558304 8.265574 13.835567 184 186 173
-4.107337 4.423524 15.449112 218 216 204
-3.894829 -2.530039 13.050010 129 122 116
-3.244128 -4.965261 9.654692 134 126 124
-4.179809 1.179561 15.132261 208 211 204
-4.150410 0.253200 14.805789 182 165 157
-3.494787 8.455133 13.656332 170 171 163
-4.182101 1.921177 15.315544 172 152 143
-3.186969 -5.068103 9.402362 109 103 103
-4.171437 1.127260 15.115656 80 82 71
-3.529282 -4.182056 11.129328 191 183 180
-3.707654 7.441217 14.427091 173 164 155
-4.162185 1.069332 15.096921 215 202 193
-4.072474 4.453966 15.436364 210 208 196
-3.559077 -4.049293 11.329207 192 188 185
-3.973581 -1.733367 13.693817 189 182 176
-4.076791 -0.504577 14.451065 220 211 202
-3.408633 -4.506513 10.601088 125 117 115
-4.084403 3.962445 15.468844 203 199 188
-3.282902 -4.827802 9.978031 113 110 105
-3.282902 -4.827802 9.978031 113 110 105
-4.093455 3.779768 15.474966 204 197 189
-3.936157 5.662995 15.194338 180 170 160
-3.520749 8.177589 13.877995 177 181 167
-3.971574 -1.598628 13.789490 193 180 174
-4.070395 -0.374438 14.516068 209 209 199
-4.116947 2.941524 15.449077 201 207 197
-3.690466 -3.415249 12.152856 186 179 173
-3.404419 8.609803 13.477082 172 172 164
-3.437153 8.482074 13.601365 184 181 174
-4.129276 2.199360 15.357427 221 224 213
-3.733502 -3.176486 12.419756 168 168 160
-3.245146 -4.889932 9.848090 191 188 183
-3.419975 8.528866 13.553452 178 173 169
-3.522685 -4.087077 11.280927 190 189 184
-3.269322 9.034748 12.998392 173 172 170
-3.500270 -4.158085 11.175984 113 110 105
-4.114607 1.115839 15.103922 210 206 195
-3.128076 -5.114373 9.304795 109 104 101
-4.114726 2.009411 15.320541 93 84 75
-4.031297 -0.650908 14.371471 217 213 202
-3.835205 6.236327 14.993895 185 184 179
-4.058827 3.758567 15.466108 130 115 110
-4.001434 4.624417 15.398328 184 181 166
-3.464584 -4.253674 11.031162 188 184 181
-3.913227 -1.875335 13.589602 202 204 193
-4.028130 -0.629130 14.382850 212 208 197
-4.090856 0.635313 14.944504 205 196 189
-3.731602 -3.096782 12.506346 190 189 184
-3.603398 -3.716024 11.791076 102 94 91
-4.083645 0.575620 14.922206 206 195 191
-4.093533 0.994530 15.064157 209 202 192
-4.049652 3.674920 15.464096 184 167 160
-3.873937 -2.119367 13.401191 224 217 207
-3.899340 5.573802 15.202607 183 181 168
-3.373752 -4.508852 10.609828 189 186 181
-3.232098 9.055087 12.952271 161 160 158
-3.991525 4.454484 15.412603 206 198 187
-4.012111 4.152452 15.440752 208 202 190
-4.087125 2.071970 15.327009 211 211 203
-3.352133 -4.556290 10.527035 114 106 103
-3.343829 8.659262 13.397909 186 191 185
-3.699459 -3.166546 12.434848 107 108 100
-4.049915 0.230353 14.785719 181 161 152
-3.090427 -5.147697 9.228676 111 106 102
-3.459692 8.168677 13.850815 185 190 183
-3.211120 9.072825 12.919522 146 145 141
-3.658471 -3.327465 12.260177 190 183 175
-4.048179 2.878584 15.428155 222 225 216
-4.048179 2.878584 15.428155 222 225 216
-3.875017 -1.884827 13.582901 210 210 200
-3.655963 -3.324033 12.264470 193 186 180
-4.062315 1.975970 15.304435 180 162 150
-4.062315 1.975970 15.304435 180 162 150
-3.997639 -0.450664 14.472699 97 97 89
-3.997639 -0.450664 14.472699 97 97 89
-3.674486 -3.215127 12.384621 112 109 102
-3.770574 6.320101 14.940524 187 187 179
-3.666629 7.006326 14.623350 180 176 173
-3.810286 5.984041 15.062565 127 121 109
-3.877579 5.365747 15.240947 142 124 112
-3.880337 5.328845 15.249454 135 117 105
-3.880337 5.328845 15.249454 135 117 105
-3.511518 -3.939811 11.502599 182 175 169
-3.511518 -3.939811 11.502599 182 175 169
-3.774128 -2.565333 13.025558 220 215 209
-4.027783 3.015771 15.434654 204 203 198
-3.773778 -2.561689 13.028880 221 216 210
-3.678563 -3.138549 12.467730 194 193 188
-4.037132 2.578146 15.393974 209 201 190
-3.946025 4.478848 15.396905 127 113 104
-3.922922 -1.231929 14.030515 97 86 82
-3.922922 -1.231929 14.030515 97 86 82
-4.039633 1.192236 15.114841 94 81 72
-3.062231 -5.165498 9.193546 102 98 97
-4.014647 0.287824 14.804958 180 161 154
-3.339680 8.507588 13.523095 107 102 98
-3.949798 4.320217 15.411846 129 112 104
-3.137204 -5.016512 9.583091 191 193 188
-3.308336 -4.593285 10.471890 116 108 105
-4.027065 0.881887 15.019361 219 202 194
-3.367265 -4.411857 10.790457 189 185 182
-3.967319 -0.516044 14.437490 203 196 188
-4.013910 2.956336 15.426965 86 85 80
-3.953968 4.181870 15.422699 120 106 97
-4.031511 2.110443 15.323307 196 196 188
-4.026684 1.029025 15.065146 216 199 189
-3.904522 -1.307606 13.982250 202 184 180
-3.903067 -1.303471 13.984843 201 183 181
-3.963884 3.912289 15.437866 193 190 183
-3.954246 3.992444 15.432419 139 122 115
-3.830979 -1.941011 13.541115 123 120 113
-3.726135 -2.711391 12.893823 190 179 175
-3.400397 -4.254358 11.049370 110 109 107
-3.967372 -0.151011 14.613400 217 200 190
-3.938588 4.071982 15.424532 122 103 96
-3.307966 -4.548467 10.559363 193 192 187
-3.167543 9.020685 12.943336 74 74 74
-3.167543 9.020685 12.943336 74 74 74
-3.909546 4.490320 15.384973 134 117 110
-3.628117 6.959841 14.627506 71 70 65
-3.521175 7.569493 14.266348 72 71 66
-3.606025 7.084571 14.559809 114 110 107
-3.529667 -3.727272 11.790698 197 192 188
-3.966419 -0.000602 14.680177 157 139 129
-3.980186 0.415028 14.850339 198 199 191
-3.772944 5.791285 15.102884 110 100 91
-3.052080 -5.137969 9.288761 177 178 173
-3.940221 -0.243698 14.568277 151 131 122
-3.940221 -0.243698 14.568277 151 131 122
-3.148795 -4.923303 9.819237 164 160 157
-3.978008 2.144608 15.318892 179 174 168
-3.483690 7.599611 14.230483 127 128 123
-3.968390 0.750916 14.968528 133 118 111
-3.962267 2.766055 15.398552 131 120 114
-3.966235 0.882603 15.011186 131 106 101
-3.851313 4.719272 15.341130 85 80 76
-3.910025 3.855286 15.425007 63 53 54
-3.608731 -3.196785 12.413054 186 186 178
-3.966280 2.296808 15.340940 133 116 109
-3.379328 -4.216013 11.117855 181 180 178
-3.962563 1.061104 15.065413 139 102 93
-3.784454 -1.930602 13.549596 200 197 190
-3.963463 2.070715 15.303330 80 75 69
-3.108075 9.031793 12.890945 133 137 136
-3.842136 -1.150205 14.078000 187 186 181
-3.663809 6.257645 14.919742 68 65 58
-3.731987 -2.225373 13.319880 149 134 129
-3.674706 -2.615466 12.986393 188 187 183
-3.572210 -3.239673 12.370609 102 97 91
-3.231956 -4.622780 10.444454 174 173 171
-3.636591 6.318880 14.887797 141 141 133
-3.783626 4.822347 15.305881 181 168 160
-3.854349 -0.464814 14.454980 99 88 84
-3.781723 -1.305917 13.979914 162 146 146
-3.701273 5.420274 15.168677 171 169 157
-3.673410 -2.313543 13.249405 148 127 124
-3.185445 8.531413 13.410416 116 106 104
-3.318363 -4.236072 11.103265 159 159 159
-3.040214 -5.004268 9.676306 163 162 157
-3.384437 -3.869214 11.630026 169 161 158
-3.781788 3.899646 15.388948 169 158 154
-3.637701 5.606885 15.101973 109 95 92
-3.846169 1.277512 15.108276 174 170 159
-3.670170 -1.991228 13.505419 66 65 63
-3.169334 -4.631243 10.453219 149 150 152
-3.827717 1.212489 15.087978 70 59 55
-3.390038 -3.766612 11.766427 180 184 183
-2.981635 -5.099994 9.452424 122 120 123
-3.550954 -2.737256 12.882670 187 184 177
-3.513396 6.282148 14.851564 134 131 124
-3.117993 -4.697003 10.342693 168 160 158
-3.579839 5.530942 15.100174 140 132 129
-3.754359 0.266513 14.767554 170 159 153
-3.751939 0.423644 14.826488 145 135 134
-3.527129 -2.622179 12.989836 180 176 175
-3.096439 -4.633579 10.478030 148 146 147
-2.983917 -4.952076 9.840642 152 158 156
-3.076157 -4.690434 10.373825 152 146 146
-3.225049 7.534658 14.139950 138 137 132
-2.944080 -5.018221 9.698050 160 159 154
-3.652817 0.413694 14.810898 160 155 152
-3.579353 -1.123641 14.083359 119 118 114
-3.622207 3.028417 15.340886 101 88 80
-3.342962 -3.215193 12.425582 165 166 161
-3.621349 0.278715 14.757077 162 148 145
-3.557760 3.869134 15.328908 158 154 153
-3.028522 -4.652282 10.468884 53 54 56
-3.241862 6.896493 14.485029 127 126 124
-3.580252 2.857564 15.320374 155 135 126
-2.793947 -5.224141 9.217876 126 131 135
-2.909274 -4.905714 9.989865 153 144 137
-2.886040 -4.963054 9.867990 146 147 149
-3.548458 1.316379 15.070395 178 181 174
-3.488632 -0.410043 14.452518 172 169 164
-3.447925 -1.142835 14.066548 172 171 167
-3.296575 5.470822 15.014009 132 131 129
-3.367210 -1.955824 13.535185 63 63 61
-3.410481 3.856915 15.288854 152 141 139
-3.244663 -3.082365 12.574384 153 149 140
-3.244663 -3.082365 12.574384 153 149 140
-2.721550 8.843683 12.818317 55 61 59
-3.104651 -3.870658 11.686729 170 161 156
-3.406783 -0.408145 14.446579 185 182 177
-3.220732 5.452576 14.991395 137 136 134
-2.978588 -4.231524 11.205568 148 148 146
-2.923563 7.428461 14.051765 134 133 128
-2.618662 8.854102 12.735720 134 140 136
-3.044344 6.456484 14.592012 138 128 119
-3.132010 5.310421 14.994797 161 157 145
-3.153318 -2.700832 12.943206 168 165 158
-2.759091 7.953225 13.616801 134 133 128
-3.093172 5.427939 14.951734 139 138 134
-3.213260 -1.298000 13.966015 151 136 133
-2.773736 -4.648921 10.574321 131 132 134
-3.097551 4.498081 15.136564 131 113 109
-2.749127 -4.728102 10.434782 168 169 161
-2.475051 8.842066 12.646801 130 136 132
-3.148017 -1.289367 13.968634 156 143 137
-3.043761 -2.701520 12.949409 184 181 174
-3.180943 -0.160626 14.534840 191 178 172
-3.180943 -0.160626 14.534840 191 178 172
-3.180943 -0.160626 14.534840 191 178 172
-3.181406 1.125214 14.963282 135 114 109
-2.465809 -5.463761 8.670086 125 127 126
-2.778162 -4.377099 11.036276 142 137 141
-2.709985 -4.649690 10.596780 145 145 145
-2.989842 -2.699899 12.954092 184 181 174
-2.862015 -3.782181 11.846535 143 142 140
-2.408729 8.748153 12.699609 127 131 130
-3.112838 1.128086 14.952992 134 115 109
-3.093405 0.272849 14.692368 139 129 127
-3.043888 2.798901 15.191814 140 120 113
-2.813432 -3.865723 11.750971 164 156 153
-2.456158 -5.331809 9.146766 129 133 134
-3.008440 -1.251274 13.985041 84 76 73
-2.477350 -5.263696 9.335818 122 127 131
-2.348466 8.652481 12.756528 122 123 118
-2.348466 8.652481 12.756528 122 123 118
-2.409797 -5.427729 8.864637 116 121 124
-2.448052 -5.314303 9.207411 117 118 120
-3.006809 -0.534294 14.354862 140 128 128
-2.368362 -5.495347 8.648459 112 116 117
-2.427721 -5.359190 9.082658 120 120 122
-2.608941 -4.726082 10.494390 147 146 141
-2.949999 -1.294896 13.957484 148 137 133
-2.280952 8.697322 12.663067 122 124 123
-2.888438 3.555833 15.158616 132 103 97
-2.646337 -4.363995 11.094897 145 140 144
-2.781856 4.957500 14.952497 168 160 149
-2.959599 0.390780 14.716143 175 170 167
-2.441458 7.783885 13.561742 50 49 44
-2.753499 5.226592 14.880511 148 144 135
-2.617885 6.514570 14.382361 163 160 153
-2.770075 4.740141 14.991733 165 156 147
-2.780018 4.421339 15.047663 137 119 115
-2.697982 -3.706966 11.965690 171 159 159
-2.697982 -3.706966 11.965690 171 159 159
-2.456674 7.300204 13.892154 42 41 37
-2.456674 7.300204 13.892154 42 41 37
-2.867167 -1.146469 14.037107 177 182 175
-2.388672 -5.270541 9.379251 119 124 127
-2.601480 6.079846 14.555174 43 35 32
-2.453224 7.251822 13.919692 45 45 43
-2.857349 -0.566650 14.327570 154 140 140
-2.765786 3.711866 15.116793 146 147 142
-2.511335 6.555335 14.316304 144 143 138
-2.765669 3.513893 15.126770 55 50 47
-2.796922 -1.901553 13.574063 158 153 150
-2.705543 -3.193011 12.518908 167 167 157
-2.716754 -3.048606 12.657399 179 175 166
-2.811667 -1.412226 13.883715 157 140 133
-2.520770 6.378108 14.399862 141 136 132
-2.721542 -2.920332 12.775851 186 186 178
-2.716602 -2.963601 12.736674 181 181 173
-2.780949 2.841560 15.130974 54 53 48
-2.780949 2.841560 15.130974 54 53 48
-2.799858 -1.202648 14.002821 60 61 56
-2.643959 4.862292 14.925287 159 149 140
-2.374864 7.290846 13.855897 133 130 125
-2.144172 8.608574 12.659647 57 62 58
-2.605252 -3.840510 11.821387 50 56 56
-2.137989 8.604385 12.659662 57 62 58
-2.598079 5.144219 14.845293 145 136 129
-2.699014 3.562034 15.106380 154 151 146
-2.739237 -1.871389 13.593967 63 65 62
-2.739237 -1.871389 13.593967 63 65 62
-2.741962 -1.804935 13.637949 62 61 59
-2.741962 -1.804935 13.637949 62 61 59
-2.752954 1.867870 15.034659 173 164 159
-2.734686 -1.743051 13.678013 70 70 68
-2.760915 1.378891 14.950301 185 178 168
-2.730319 -1.681470 13.717174 61 58 53
-2.667614 3.481972 15.101269 111 102 97
-2.751603 -0.281160 14.442114 175 163 163
-2.621139 -3.155554 12.563879 179 179 179
-2.739244 0.247600 14.639741 160 150 149
-2.513472 -4.154896 11.432947 184 184 182
-2.379019 -4.936563 10.179449 62 64 63
-2.644245 -2.722281 12.954712 187 183 184
-2.722338 0.373567 14.679489 181 180 175
-2.679789 -1.880133 13.587647 183 184 179
-2.690014 -1.527432 13.811058 169 160 155
-2.716389 0.094103 14.583123 183 168 163
-2.600173 3.624235 15.075502 65 62 57
-2.642719 -2.021373 13.491761 138 124 124
-2.679439 -0.572975 14.309690 157 141 141
-2.673719 1.141793 14.884001 46 36 34
-2.375238 -4.757610 10.526484 144 144 144
-2.508950 -3.782212 11.908473 146 148 145
-2.328575 -4.955981 10.162678 145 145 147
-2.661074 0.414695 14.684498 125 108 101
-2.651087 0.314396 14.650841 62 53 48
-2.422934 -4.288823 11.266898 66 66 68
-2.549207 -2.616611 13.047236 57 62 58
-2.611530 -0.562561 14.308491 148 138 136
-2.596777 -1.160236 14.015374 175 180 173
-2.434194 4.338622 14.950236 137 114 106
-2.508554 -2.608979 13.055197 53 55 50
-2.545007 0.226927 14.608180 138 119 115
-2.291572 -4.710026 10.642089 63 61 62
-1.903742 8.564553 12.535775 47 47 45
-2.538450 -0.576916 14.295753 149 133 134
-2.278506 -4.675549 10.706042 135 141 141
-1.881363 8.537275 12.548760 61 62 57
-2.448023 -2.700450 12.983234 137 127 128
-2.409555 2.718145 15.036402 131 111 102
-1.845542 8.552045 12.507424 53 52 48
-2.471221 -0.405632 14.363042 140 135 132
-2.449696 -1.818301 13.625098 169 161 159
-2.449696 -1.818301 13.625098 169 161 159
-2.440615 -1.293701 13.935156 136 118 114
-2.389405 -2.697416 12.988584 134 124 125
-2.200863 -4.668552 10.744407 124 128 129
-2.408560 -0.421057 14.350555 151 146 143
-1.788015 8.499088 12.522639 125 120 117
-2.046268 6.534874 14.113851 123 118 114
-2.390615 -0.560361 14.289878 154 140 140
-2.343365 -0.400734 14.352506 145 137 135
-2.241179 -3.757898 11.980487 145 141 138
-2.336932 -0.567835 14.281793 164 148 149
-2.250040 2.813959 14.999622 164 160 157
-2.137787 -4.667418 10.767465 121 127 127
-2.208181 2.694957 14.986513 130 111 104
-2.221047 -2.016490 13.493767 119 105 104
-2.100336 -4.291827 11.342605 62 66 65
-1.936276 -5.411739 9.304524 125 128 135
-2.145403 1.145396 14.793869 161 153 150
-2.075833 -4.124648 11.569324 164 155 156
-2.125731 -3.206137 12.561787 150 145 142
-1.764367 6.447202 14.026104 130 125 122
-1.930510 -5.022520 10.208790 121 129 131
-1.572589 7.953652 12.905779 59 51 48
-2.058499 0.446343 14.609746 159 148 146
-1.927881 3.579305 14.886188 159 159 151
-1.995287 -3.857929 11.906133 127 112 115
-1.902757 -4.953409 10.352928 71 65 65
-1.505218 7.956110 12.860353 130 123 117
-1.999379 0.207612 14.530517 135 114 111
-1.770796 5.093224 14.555544 159 154 151
-1.478765 7.916134 12.879051 56 45 41
-1.958226 -2.565788 13.108672 149 148 144
-1.959593 -0.609173 14.229406 113 88 84
-1.957408 -0.527256 14.262894 61 50 46
-1.917419 1.040633 14.732415 135 116 112
-1.543957 6.875850 13.681613 129 116 107
-1.762676 -5.391300 9.477544 121 112 113
-1.762676 -5.391300 9.477544 121 112 113
-1.858170 1.819826 14.844728 136 117 111
-1.812629 2.836799 14.888461 126 112 109
-1.812629 2.836799 14.888461 126 112 109
-1.882555 -3.855583 11.927040 127 115 117
-1.914055 -1.993815 13.505357 131 118 112
-1.907959 -2.564020 13.111429 161 157 154
-1.874479 -3.757129 12.037089 143 143 141
-1.878396 -0.327300 14.332632 105 94 90
-1.879563 -2.709671 13.000954 156 142 142
-1.872369 -0.419906 14.296753 165 161 158
-1.756732 2.964590 14.871967 151 138 132
-1.688509 4.180201 14.734875 118 93 88
-1.663862 4.093330 14.741323 128 103 96
-1.502926 6.337024 13.958769 46 41 35
-1.479264 6.563907 13.828568 48 37 31
-1.479264 6.563907 13.828568 48 37 31
-1.830591 -0.549391 14.241427 166 139 132
-1.798738 -3.857794 11.937867 123 111 113
-1.618641 4.303041 14.689476 135 131 128
-1.714820 2.387849 14.856054 136 123 117
-1.269881 8.271942 12.391970 112 108 105
-1.359944 7.477296 13.169168 136 122 121
-1.551330 5.160653 14.451788 54 45 40
-1.791875 -0.520436 14.249104 84 71 63
-1.439582 6.566416 13.807737 125 112 104
-1.796213 -2.297651 13.304322 143 126 119
-1.762348 0.223685 14.503016 134 116 112
-1.601122 4.099125 14.720015 46 37 32
-1.792045 -2.074866 13.452155 158 141 134
-1.747853 0.538870 14.588346 128 113 110
-1.691201 1.908509 14.818048 38 33 29
-1.685326 1.871397 14.813178 39 34 30
-1.765079 -2.084805 13.445506 166 153 145
-1.209070 8.356855 12.255133 48 45 40
-1.757320 -2.688710 13.021673 126 112 112
-1.718683 0.409318 14.549606 43 39 36
-1.715064 0.328336 14.526633 30 29 25
-1.709864 0.300075 14.517867 57 54 49
-1.565988 3.688581 14.767022 155 144 140
-1.429008 5.720429 14.203536 136 135 130
-1.633402 2.045846 14.816980 176 163 155
-1.727460 -2.367009 13.256986 153 140 134
-1.727141 -2.463496 13.189026 159 149 147
-1.163201 8.393723 12.179097 105 100 96
-1.517157 4.083891 14.695195 140 131 126
-1.171009 8.248730 12.345218 115 110 107
-1.530511 3.516294 14.774927 151 148 141
-1.660748 -0.978171 14.042902 189 180 173
-1.672571 -2.486565 13.173470 44 39 36
-1.615180 0.378915 14.525981 139 136 131
-1.615180 0.378915 14.525981 139 136 131
-1.161272 7.785152 12.791545 62 47 42
-1.199396 7.374716 13.153399 134 130 127
-1.567488 1.095454 14.680458 169 171 168
-1.634752 -2.228009 13.351467 172 174 169
-1.465899 3.344553 14.771382 124 105 99
-1.605360 -4.613713 11.015164 37 37 39
-1.105059 8.191483 12.358460 125 120 116
-1.627066 -2.467451 13.187809 186 181 178
-1.604340 -3.263698 12.554232 66 62 59
-1.567731 -4.514524 11.167501 135 129 129
-1.568986 -4.466065 11.234160 136 130 130
-1.564216 -1.278131 13.894015 131 112 106
-1.527594 -5.281507 9.870762 114 113 118
-1.566162 -4.335228 11.408913 138 130 128
-1.567442 -2.704025 13.016432 129 110 112
-1.419477 1.898556 14.757265 159 158 153
-1.048909 7.745359 12.754467 48 37 33
-1.511474 -3.222549 12.598104 50 52 47
-1.441241 -5.576362 9.207898 27 31 34
-1.479215 -3.190847 12.628095 150 152 147
-1.427901 -0.576295 14.189961 129 114 109
-1.421462 -5.459627 9.524529 111 110 115
-1.377247 0.216678 14.446458 127 103 101
-1.399679 -5.600100 9.172721 107 111 114
-1.433338 -3.214819 12.610748 43 44 39
-1.387985 -5.673635 8.965490 94 98 101
-1.329625 0.950938 14.610412 144 124 117
-1.168308 3.426191 14.675870 142 143 135
-1.323795 -0.573534 14.180107 134 120 119
-1.363884 -3.218237 12.612924 42 41 37
-1.145501 3.385322 14.673281 34 37 28
-1.335980 -5.383839 9.750484 37 39 38
-1.335980 -5.383839 9.750484 37 39 38
-1.199503 1.086111 14.610466 169 170 162
-1.169599 1.747723 14.688967 131 107 103
-1.159431 1.863963 14.696256 149 148 144
-1.114691 2.500455 14.709518 128 111 104
-1.108123 1.808037 14.680402 48 37 33
-1.247245 -3.208713 12.629374 45 46 41
-1.162778 -0.313034 14.254928 186 175 171
-1.162778 -0.313034 14.254928 186 175 171
-1.162778 -0.313034 14.254928 186 175 171
-1.190247 -1.175186 13.916958 160 155 149
-1.155938 -0.359196 14.238455 106 97 92
-1.121834 -0.550647 14.166842 126 116 114
-1.126435 -1.287056 13.860518 121 102 96
-1.189244 -5.122027 10.337048 108 104 103
-1.093671 -2.525031 13.154449 147 152 145
-1.112483 -3.182469 12.660341 140 141 136
-0.781380 4.846409 14.250767 143 140 135
-1.001328 -0.556673 14.151295 124 106 102
-0.563080 7.988923 12.179873 118 115 110
-0.868217 1.839791 14.628276 151 152 147
-0.866623 1.074241 14.544948 147 144 135
-0.532720 7.962283 12.186205 133 130 125
-0.523315 7.994621 12.144270 118 113 107
-0.624186 5.343025 14.010704 122 105 97
-0.999832 -3.860831 12.050675 111 105 107
-0.791141 1.073978 14.530240 147 147 139
-1.046101 -5.440691 9.784946 84 78 78
-0.483966 7.538525 12.571712 45 45 37
-0.483966 7.538525 12.571712 45 45 37
-0.554366 5.542421 13.897207 117 112 106
-0.540072 5.420939 13.942655 43 38 34
-0.540072 5.420939 13.942655 43 38 34
-0.740907 0.874592 14.488847 163 149 140
-0.740907 0.874592 14.488847 163 149 140
-0.588441 4.078617 14.382623 134 133 128
-0.420806 7.717493 12.358550 126 119 111
-0.921444 -3.741153 12.178599 139 141 138
-0.552365 4.703770 14.205859 55 48 42
-0.414245 7.762339 12.309058 122 115 107
-0.568032 4.258967 14.333753 124 104 97
-0.633639 2.527380 14.583237 39 38 33
-0.660827 1.551419 14.559719 131 111 102
-0.717038 0.172715 14.336605 116 98 96
-0.536586 4.103515 14.358924 18 13 7
-0.536586 4.103515 14.358924 18 13 7
-0.570836 3.287164 14.510094 35 35 33
-0.532279 4.159689 14.344570 22 13 6
-0.469692 5.514275 13.871787 146 142 133
-0.416843 6.640809 13.232225 122 119 114
-0.416843 6.640809 13.232225 122 119 114
-0.846916 -3.199673 12.662710 37 38 33
-0.393306 7.049675 12.925509 129 130 122
-0.486728 4.610672 14.208607 131 128 121
-0.551758 2.744628 14.551956 154 145 136
-0.681512 -0.244320 14.215678 124 110 107
-0.542581 2.613791 14.555727 148 148 140
-0.802817 -3.169513 12.689434 118 117 113
-0.357523 6.578095 13.241215 122 117 113
-0.701324 -1.602023 13.681650 136 122 119
-0.762442 -2.864951 12.922389 131 121 119
-0.540819 1.793931 14.549702 159 160 154
-0.640079 -0.460843 14.142003 25 24 19
-0.322948 6.963366 12.949707 119 105 102
-0.727265 -2.527862 13.154787 149 152 145
-0.753511 -3.119611 12.731375 133 132 130
-0.753511 -3.119611 12.731375 133 132 130
-0.745531 -3.063822 12.774886 127 117 116
-0.661076 -1.730565 13.614981 30 20 19
-0.661076 -1.730565 13.614981 30 20 19
-0.710704 -2.846127 12.937383 48 45 40
-0.710704 -2.846127 12.937383 48 45 40
-0.591552 -0.441543 14.142311 174 174 166
-0.490183 1.744110 14.535126 44 41 36
-0.623933 -1.220591 13.852278 47 48 40
-0.769782 -4.107360 11.827838 41 38 33
-0.712194 -3.080930 12.763292 36 32 31
-0.543576 0.284748 14.336430 160 165 161
-0.454053 2.102515 14.539276 157 137 130
-0.297267 5.937924 13.587633 40 40 32
-0.802149 -4.915190 10.808810 92 86 86
-0.691212 -3.120692 12.733636 154 153 151
-0.699869 -3.290658 12.598002 114 103 101
-0.419511 2.430880 14.528529 114 93 88
-0.608534 -1.692912 13.631230 177 168 163
-0.666107 -2.876400 12.916895 146 138 135
-0.583151 -1.305878 13.811801 135 128 122
-0.680836 -3.164835 12.699761 144 145 140
-0.720870 -3.927628 12.020654 159 159 151
-0.726798 -4.093590 11.849192 152 151 146
-0.675328 -3.256791 12.626999 49 41 38
-0.564373 -1.434649 13.752424 127 112 105
-0.774224 -5.097901 10.535999 6 7 9
-0.687298 -3.781045 12.167542 117 118 113
-0.687938 -3.814313 12.135731 49 50 45
-0.181808 7.756792 12.147768 125 110 103
-0.608042 -2.526243 13.156014 138 141 134
-0.570343 -1.983357 13.477544 127 116 114
-0.448366 0.292669 14.322776 168 169 164
-0.280066 3.771720 14.339867 148 125 111
-0.280066 3.771720 14.339867 148 125 111
-0.280066 3.771720 14.339867 148 125 111
-0.130969 7.804535 12.059140 123 124 119
-0.303027 2.525391 14.493817 143 146 139
-0.434904 -0.576812 14.078756 126 107 103
-0.466773 -1.287334 13.810663 133 119 116
-0.268197 2.920609 14.457615 141 114 105
-0.680476 -4.781353 11.034145 70 66 63
-0.680476 -4.781353 11.034145 70 66 63
-0.172502 4.685983 14.062257 142 139 134
-0.084518 7.764133 12.068296 52 53 48
-0.421660 -1.169627 13.856568 147 144 137
-0.073847 7.795687 12.026042 43 42 38
-0.073847 7.795687 12.026042 43 42 38
-0.265569 1.671370 14.478777 146 132 121
-0.065733 7.869133 11.938069 49 41 39
-0.171470 3.823298 14.292188 150 127 113
-0.441007 -1.947487 13.491731 52 47 43
-0.157659 3.834711 14.285010 150 127 111
-0.333085 -0.565229 14.070253 114 98 98
-0.025227 7.983086 11.773233 108 108 106
-0.478837 -3.166794 12.708469 143 143 141
-0.389915 -2.006287 13.458235 109 95 94
-0.306216 -1.138721 13.858760 156 156 148
-0.297051 -1.308715 13.787626 125 114 112
0.072663 6.870320 12.784387 126 117 112
-0.102921 1.022835 14.385749 131 134 127
-0.401035 -3.845083 12.139905 104 99 95
-0.030831 0.962919 14.363612 35 35 25
-0.141196 -1.156824 13.836225 150 149 144
-0.278328 -3.166022 12.718314 116 116 114
0.158082 5.454771 13.612816 123 99 89
0.158082 5.454771 13.612816 123 99 89
-0.257854 -3.211215 12.685201 36 35 33
-0.446415 -5.445672 10.070763 23 22 20
0.183177 3.820113 14.168530 114 87 80
-0.246404 -3.848313 12.154194 108 102 102
0.264603 6.320916 13.069421 124 121 116
0.241493 3.929120 14.121646 136 139 132
-0.081148 -2.642406 13.081843 122 116 116
-0.392489 -5.583078 9.834847 79 79 79
0.305121 6.720601 12.760088 121 98 90
-0.372004 -5.478596 10.044178 102 101 99
-0.393398 -5.623002 9.754102 85 83 86
0.313964 5.789545 13.365541 134 136 131
0.323518 5.784493 13.363537 132 134 129
0.325835 7.110175 12.423297 97 82 75
-0.390994 -5.713834 9.563697 86 85 83
-0.394961 -5.796525 9.373824 74 74 74
0.159954 0.270546 14.215836 154 151 146
-0.066401 -3.256136 12.660345 112 111 109
-0.210159 -4.691968 11.266418 102 104 103
-0.005197 -2.639752 13.083316 123 122 120
0.369736 5.724156 13.373504 37 34 27
0.352069 4.517195 13.907876 36 31 27
0.352069 4.517195 13.907876 36 31 27
0.373358 4.558455 13.885151 11 16 12
0.363622 3.906504 14.082736 134 133 128
0.389876 5.118781 13.659839 41 36 33
-0.084737 -3.841571 12.177631 104 99 96
0.398714 4.978747 13.715329 33 24 17
0.310997 1.861042 14.344106 115 91 89
0.413680 6.109399 13.124826 110 97 89
-0.176224 -4.879035 11.037618 64 56 54
0.201135 -0.740396 13.948272 123 102 97
0.292068 0.564197 14.243890 125 104 99
0.407837 3.136913 14.222678 36 37 31
-0.138584 -4.786064 11.166502 147 146 141
-0.138584 -4.786064 11.166502 147 146 141
0.126502 -2.508093 13.161720 139 138 136
0.328022 0.355648 14.202212 26 16 15
0.322921 0.208231 14.175354 41 42 36
0.471396 3.856172 14.055937 129 131 130
-0.102117 -4.810387 11.144746 75 70 66
0.437265 2.444422 14.290962 152 153 148
0.469678 7.809014 11.582752 53 55 50
0.437334 2.313735 14.299120 151 148 139
0.437334 2.313735 14.299120 151 148 139
-0.148624 -5.178359 10.627285 101 93 91
-0.092230 -4.847472 11.100091 65 62 57
0.191978 -2.154438 13.356502 130 127 122
-0.099008 -4.953321 10.959911 58 49 50
-0.102729 -4.981843 10.920496 65 64 62
0.193311 -2.377590 13.235361 116 106 105
0.409480 0.866557 14.261692 142 141 136
0.327636 -0.844402 13.899273 151 150 146
0.299523 -1.250410 13.757912 42 34 32
0.541814 7.120575 12.268641 122 119 114
0.507732 7.945934 11.374187 106 108 103
0.526438 7.780348 11.571313 111 114 105
0.271733 -1.849859 13.504086 133 135 130
0.278028 -2.061621 13.400442 155 156 158
0.276491 -2.102670 13.379687 147 141 141
0.312027 -1.854779 13.499310 140 142 137
-0.127387 -5.578421 9.973801 91 85 87
0.510951 0.818031 14.235105 143 124 120
0.588798 2.305971 14.256983 129 120 113
0.283297 -2.652677 13.073771 114 110 109
0.580868 1.733944 14.274955 98 94 91
-0.026346 -5.243897 10.570288 24 20 19
0.513859 0.258150 14.151248 125 117 114
0.506659 0.130191 14.128256 118 97 92
0.255470 -3.197704 12.716161 111 116 112
0.266209 -3.168609 12.737098 100 105 101
0.615098 1.572579 14.264050 146 131 126
0.154573 -4.270361 11.800755 24 26 23
0.505210 -0.592171 13.954118 104 83 82
0.155158 -4.353610 11.716286 110 106 105
0.690754 6.997962 12.280980 110 97 89
0.729401 5.565433 13.280180 100 85 78
0.007579 -5.413961 10.316566 74 79 82
0.288499 -3.717750 12.319036 115 117 114
0.092680 -5.096931 10.819523 80 79 84
0.093529 -5.096308 10.820630 80 79 84
0.741143 2.874868 14.154416 131 117 106
0.753460 6.969724 12.264471 104 89 82
0.802342 5.053298 13.501472 143 148 142
0.799132 5.607647 13.221580 115 112 107
0.002993 -5.777270 9.654613 76 70 70
0.538171 -1.968141 13.432305 113 94 88
0.350691 -3.836171 12.225043 92 86 86
0.852282 5.589194 13.204869 125 126 120
0.081788 -5.529875 10.153528 11 9 14
0.395992 -3.701199 12.341103 113 118 114
0.044738 -5.806233 9.618519 14 8 10
0.044738 -5.806233 9.618519 14 8 10
0.862347 2.267598 14.181600 148 138 129
0.126991 -5.513882 10.199546 65 61 62
0.427087 -3.718005 12.329841 103 105 102
0.851872 1.547090 14.204885 131 111 102
0.942069 5.530752 13.191897 47 36 32
0.671451 -1.964783 13.425912 115 99 99
0.887830 7.314002 11.825213 49 45 36
0.638793 -2.633866 13.080462 103 102 100
0.727393 -1.796384 13.498019 120 122 117
0.996567 5.994974 12.878953 120 100 99
0.473275 -4.223497 11.890986 101 104 97
0.910879 7.804430 11.208310 112 114 111
0.931341 7.713567 11.312593 111 110 105
0.660167 -3.134978 12.770438 107 109 106
0.670434 -3.169206 12.747796 29 28 26
1.030949 6.857882 12.178769 101 90 84
1.057588 6.908332 12.113182 113 108 104
1.030405 7.347686 11.677893 104 107 100
1.151673 5.307113 13.208523 109 102 96
1.132142 6.016757 12.787523 127 120 112
1.158222 5.188751 13.267172 112 103 96
1.124063 6.400510 12.509236 105 86 79
1.090959 7.045351 11.955523 50 45 39
1.113148 0.898646 14.113738 14 15 9
1.209620 3.984009 13.738175 122 107 102
1.210263 3.896819 13.764927 140 125 118
1.214869 5.008193 13.329691 35 32 25
1.006625 -1.221619 13.695242 15 11 10
1.125582 7.019167 11.956815 117 114 107
1.205663 2.372185 14.071563 121 124 115
1.190945 5.974456 12.783002 36 31 25
1.181350 1.504313 14.121415 137 125 113
1.197101 6.015189 12.751380 39 35 26
1.195191 1.623877 14.117249 126 133 126
1.169108 0.952642 14.105064 147 148 142
1.188332 1.198352 14.113527 131 107 97
1.255945 4.111086 13.677950 31 23 21
1.233258 2.328108 14.067708 22 27 21
1.262702 3.685008 13.806114 19 21 18
1.252484 5.110727 13.260955 126 127 122
1.228126 6.033948 12.720346 144 134 125
1.152084 0.096314 14.007506 141 133 122
1.114849 -0.528576 13.884129 34 34 26
1.247654 5.973076 12.751534 120 111 104
1.225880 6.427581 12.423829 123 118 114
1.192137 6.910520 12.016626 72 67 63
1.240299 1.073643 14.095765 37 29 26
1.291920 2.538805 14.025937 154 153 148
1.181501 7.178876 11.748335 48 51 44
0.735352 -4.230869 11.917643 95 94 92
0.760919 -4.196690 11.951879 86 82 81
1.297961 5.887678 12.781200 116 103 95
1.260031 -0.309276 13.911580 161 160 155
0.994091 -3.129566 12.779484 101 106 102
1.160708 -1.719216 13.496130 17 11 13
0.755492 -4.677273 11.480805 82 82 80
0.681178 -5.101768 10.976205 68 67 65
0.570653 -5.553068 10.312829 19 15 16
0.935407 -3.832965 12.276510 30 26 25
1.115978 -2.500282 13.141061 116 116 114
1.209568 -1.622877 13.529517 127 116 110
1.260862 -1.180884 13.679700 136 141 134
1.414677 5.874159 12.723931 34 27 21
0.553932 -5.701369 10.065578 19 15 14
0.623965 -5.569316 10.307963 74 70 71
1.393447 6.707593 12.069117 112 99 93
1.013044 -3.711517 12.375750 102 104 101
0.934238 -4.191506 11.976665 114 119 115
1.455301 5.895619 12.685733 114 105 100
1.123356 -2.997621 12.862126 126 125 123
0.593465 -5.725501 10.042068 83 77 77
1.439646 6.347450 12.353617 112 104 101
1.515784 1.584787 14.033359 135 137 132
1.517596 1.491891 14.034644 110 102 99
1.388903 7.108094 11.666268 32 33 28
1.087668 -3.511847 12.525453 98 94 95
1.547970 2.136090 13.992206 147 139 128
1.551746 2.277716 13.976757 134 133 129
1.569390 3.891463 13.623747 169 142 135
1.569390 3.891463 13.623747 169 142 135
0.856127 -4.905825 11.250630 92 84 81
0.845478 -4.964028 11.181704 95 86 87
1.488081 6.329927 12.337099 124 114 112
1.571504 4.732053 13.292266 102 82 75
1.604785 2.974126 13.851544 125 127 122
1.341473 7.719273 10.929665 110 119 116
1.495753 6.662393 12.040452 104 90 87
1.638605 3.943415 13.578264 126 101 94
1.638981 2.281293 13.949663 117 113 110
1.578233 5.845753 12.649355 119 114 108
0.761564 -5.529498 10.419261 86 78 76
1.673446 4.217512 13.464385 122 124 119
1.277255 -3.110780 12.793694 99 101 98
1.493974 7.271617 11.392698 112 117 113
1.741077 2.820917 13.834627 109 99 89
1.480487 -1.940981 13.380054 102 87 84
1.755827 1.363239 13.973996 140 131 122
1.741869 0.784207 13.963778 109 96 88
1.821544 2.808965 13.809398 106 96 86
1.824307 1.438385 13.954676 112 104 93
1.847830 2.115813 13.904212 130 120 110
1.854842 3.793632 13.540193 131 106 101
1.452008 -3.102389 12.799216 104 106 103
1.860097 2.193717 13.891773 23 19 16
1.860097 2.193717 13.891773 23 19 16
1.881632 3.470150 13.629586 99 80 74
1.797208 5.702798 12.621857 115 97 87
1.882367 2.242720 13.878978 129 126 121
1.712565 -1.313780 13.584095 104 85 81
1.924163 2.125353 13.879908 133 119 108
1.906354 1.440375 13.932703 108 99 90
1.028104 -5.486005 10.572280 13 9 10
0.847381 -6.029188 9.620039 95 90 94
0.847381 -6.029188 9.620039 95 90 94
1.158913 -5.090159 11.107524 62 58 57
1.786442 6.522314 11.969201 117 103 100
1.966124 3.533696 13.577966 122 123 117
1.948372 4.547225 13.201268 102 81 76
1.745502 6.975067 11.535334 120 121 116
1.875252 -0.515183 13.767324 102 102 100
1.596261 -3.090500 12.805988 100 102 101
1.918953 5.527070 12.670961 45 40 34
1.666747 -2.605788 13.066685 106 98 95
1.866359 6.166814 12.228736 16 17 11
1.866359 6.166814 12.228736 16 17 11
1.615661 -3.025709 12.843320 58 57 55
1.917606 -0.514288 13.760480 125 121 118
2.045403 3.279213 13.620069 106 81 74
1.944914 5.617567 12.595221 123 120 113
1.897731 6.267891 12.122556 111 96 89
1.904811 6.205768 12.171091 111 107 98
2.058746 1.759090 13.873940 109 96 87
2.071903 2.841012 13.715937 36 35 31
2.087290 2.892191 13.699440 18 22 23
2.021540 5.208516 12.815098 134 135 129
2.099990 2.997705 13.670892 32 17 12
2.083183 1.545960 13.880275 18 17 13
2.063405 4.675133 13.085081 126 136 128
1.699528 -3.096262 12.802148 98 103 99
1.981807 -0.652052 13.721195 130 121 116
1.994270 -0.704004 13.707859 126 123 114
2.113506 4.127550 13.307667 125 128 121
2.141165 2.874398 13.684174 140 139 135
2.130780 1.549157 13.866836 141 136 130
1.901741 -1.959655 13.338155 96 82 81
1.907485 -1.957575 13.338472 101 87 86
2.033138 -0.736313 13.694560 19 20 14
1.846219 7.287349 11.068048 52 52 50
2.176483 1.520867 13.855556 111 112 107
1.956990 -1.839853 13.378633 108 111 104
1.931060 -2.068841 13.292522 88 80 77
1.935581 6.885290 11.485701 39 44 38
2.231857 1.518610 13.840181 125 124 120
1.856099 -3.086814 12.806321 98 100 97
1.957269 -2.476466 13.115056 14 15 9
1.990311 6.891682 11.434708 97 97 95
1.813179 -3.503577 12.554732 88 76 76
2.006685 6.855908 11.462249 126 128 123
2.132016 6.019405 12.178864 95 86 81
2.305583 1.383462 13.826303 117 113 104
1.453912 -5.257319 10.983633 83 75 73
2.103984 6.405807 11.855682 104 93 87
2.343068 1.104133 13.823812 152 149 144
2.343068 1.104133 13.823812 152 149 144
2.062054 6.832838 11.444135 128 129 124
1.483836 -5.323475 10.912891 13 8 2
1.483836 -5.323475 10.912891 13 8 2
1.543991 -5.203994 11.066628 70 64 64
2.416080 1.336553 13.797921 148 145 136
2.416080 1.336553 13.797921 148 145 136
1.761425 -4.457402 11.840213 82 72 71
1.504956 -5.396273 10.830420 73 68 62
2.435766 1.490714 13.784263 128 129 124
2.297710 5.603445 12.397637 81 78 73
2.297710 5.603445 12.397637 81 78 73
2.208684 -1.893298 13.335299 16 15 10
2.464498 3.060959 13.519849 121 102 95
2.354425 -0.617302 13.666769 95 90 87
2.323851 5.542791 12.425735 26 16 15
2.366696 -1.175300 13.539150 98 90 87
2.259772 6.407176 11.742414 111 113 108
2.130651 -3.179778 12.751410 87 79 77
2.273058 -2.278018 13.181286 77 67 65
2.413080 -1.286561 13.503292 91 67 65
2.086326 -3.648951 12.468041 76 76 74
2.274581 -2.599411 13.041622 96 81 78
2.003066 -4.178010 12.090592 75 76 71
2.594838 0.710723 13.758039 101 96 92
2.465496 5.522892 12.355373 130 127 122
2.301739 6.695382 11.407615 41 44 37
2.424603 -1.819621 13.339535 101 100 96
2.425339 -1.827636 13.336736 110 109 107
2.565481 -0.526910 13.646261 120 125 121
2.151204 7.436337 10.557055 71 81 80
2.164458 7.410613 10.584142 56 66 65
2.646486 3.976158 13.131522 113 114 109
2.232134 7.207391 10.821586 43 47 48
2.183754 7.415990 10.555742 121 133 131
2.421712 6.348890 11.681639 33 35 34
2.514526 -1.827177 13.327543 102 101 99
2.646775 -0.465657 13.641514 65 62 57
2.561597 5.503050 12.311811 123 122 117
2.398144 6.620866 11.414083 126 129 122
2.641532 4.858899 12.691006 111 98 90
2.578344 5.489432 12.311659 130 129 124
2.766525 2.167455 13.605437 117 112 108
2.390160 6.741699 11.282739 108 111 104
2.387486 6.770662 11.250809 105 104 99
2.695233 4.526048 12.848504 23 24 19
2.173527 -4.174991 12.105966 72 71 67
2.765976 3.374771 13.306543 130 131 125
2.543462 5.915789 11.995788 127 124 119
2.410123 6.683926 11.333337 113 120 112
2.668523 4.881136 12.663330 53 44 37
2.806324 2.148954 13.595283 111 108 103
2.807222 2.423194 13.544525 118 109 104
2.702040 4.673126 12.765467 26 15 11
2.702040 4.673126 12.765467 26 15 11
2.624925 5.481092 12.289506 33 33 25
2.594182 5.720431 12.124538 46 39 33
2.517504 -2.464505 13.086422 96 97 91
2.826768 1.053277 13.696559 123 113 104
2.820683 3.322387 13.301457 31 28 23
2.836095 0.949768 13.696731 116 105 99
2.757969 4.492564 12.834461 116 112 109
2.757969 4.492564 12.834461 116 112 109
2.857302 2.069647 13.591311 29 25 22
2.863368 1.459168 13.663042 122 124 121
2.473021 -3.060415 12.809562 84 80 77
2.407868 6.955902 11.002654 119 116 109
2.676033 5.456761 12.276343 127 126 122
2.688504 5.414645 12.299657 17 13 10
2.688504 5.414645 12.299657 17 13 10
2.570948 6.243113 11.676730 24 25 20
2.757854 -1.175500 13.482842 99 98 94
2.856745 -0.363140 13.616754 28 17 15
2.869679 -0.184914 13.636166 31 16 13
2.939156 1.323186 13.651427 141 138 133
2.945749 1.444996 13.639984 125 127 124
2.873971 -0.526247 13.590070 107 112 108
2.966794 1.984922 13.568659 99 88 86
2.582245 -3.058379 12.807642 89 86 81
2.645549 6.215217 11.649556 28 29 24
2.781194 -1.737024 13.326841 92 83 78
2.858562 -1.178277 13.467191 91 94 87
3.004562 1.391209 13.627198 37 32 29
2.887567 -1.220326 13.453014 30 33 26
2.705590 -2.697504 12.973960 98 88 86
2.769749 5.748121 11.987638 100 91 86
2.893738 -1.329131 13.425716 142 135 129
2.702979 -2.845711 12.906648 99 90 85
2.883772 -1.552722 13.368149 120 111 104
2.999837 3.894339 13.004852 129 129 127
3.074099 1.972376 13.535377 98 87 85
2.468253 7.275254 10.484139 137 149 149
2.491465 -4.085639 12.191307 24 21 16
2.506706 7.160776 10.622311 138 143 146
2.369196 -4.688512 11.715604 16 12 9
2.476940 7.322933 10.397519 86 102 101
2.969353 4.831649 12.529295 94 85 80
2.849279 5.728130 11.951761 105 94 90
2.774868 -2.876986 12.888789 100 90 88
2.612043 -3.755790 12.414048 113 106 100
2.344111 -4.928879 11.499902 16 8 6
2.939593 5.351978 12.192695 122 118 115
2.537576 7.257357 10.440052 67 81 81
3.194068 1.960185 13.497619 95 80 75
2.371422 -4.970854 11.465458 77 72 69
3.123875 -0.533639 13.541893 93 89 86
2.548251 7.283913 10.385330 129 143 143
2.709369 6.735472 11.018881 57 59 54
2.768377 6.507375 11.243751 36 41 35
2.569388 7.255600 10.409155 131 145 145
2.584497 7.214251 10.459905 114 126 126
3.252479 0.200769 13.582980 122 121 116
3.252479 0.200769 13.582980 122 121 116
3.252479 0.200769 13.582980 122 121 116
3.277403 0.126649 13.573488 114 113 108
2.963608 6.050171 11.578184 112 105 99
3.328266 -0.526906 13.503237 91 86 83
2.946587 6.406072 11.213884 37 37 35
3.192341 5.145627 12.189845 110 99 95
3.318105 4.237569 12.684798 98 89 84
3.240658 4.937971 12.306486 107 100 94
3.353321 4.088609 12.744026 113 95 91
3.380610 3.803751 12.867107 130 127 122
3.144796 5.620479 11.845480 91 82 77
3.363746 4.021397 12.772343 108 90 86
3.145111 5.654370 11.815952 27 28 23
3.417924 -0.520994 13.486294 96 97 92
3.419401 -0.517981 13.486369 91 90 85
3.252270 5.175125 12.131598 130 130 122
3.483902 3.034398 13.123596 104 87 80
3.141709 -3.132251 12.753130 74 63 61
3.413198 -1.171286 13.382112 100 97 92
3.030935 6.372324 11.183278 52 54 51
3.030935 6.372324 11.183278 52 54 51
3.135346 5.945329 11.554497 113 110 105
3.069689 -3.597763 12.512956 79 74 70
3.557501 1.538650 13.442262 115 96 90
3.564286 1.533298 13.440816 115 95 94
3.221756 5.591379 11.818456 93 84 77
3.531949 2.857039 13.161268 32 25 19
3.572501 0.608865 13.508665 99 80 74
3.572501 0.608865 13.508665 99 80 74
3.577448 0.117769 13.502898 100 96 93
3.413180 4.696766 12.366026 105 98 92
3.109099 6.312936 11.187029 125 124 120
3.096425 6.364210 11.138432 123 123 121
3.512310 -1.203106 13.359628 17 13 10
3.109232 6.340533 11.155252 48 48 48
3.109232 6.340533 11.155252 48 48 48
2.854165 7.175204 10.233254 95 111 111
3.631390 0.575627 13.493744 23 14 9
3.363824 5.148369 12.082519 103 100 95
3.537520 -1.167917 13.362397 99 95 92
3.571311 -0.985515 13.389719 107 96 92
2.928817 7.026090 10.398100 59 75 74
3.667101 0.475861 13.485817 115 111 102
3.574049 -1.192569 13.351584 14 10 7
3.407224 5.511587 11.761300 98 84 81
3.735994 -0.588368 13.414638 35 32 25
3.648344 -1.796317 13.202157 96 86 84
3.844247 1.342770 13.376873 104 103 99
3.374830 5.912057 11.408687 17 16 12
3.430595 -3.441525 12.592371 88 81 75
3.423573 -3.479008 12.573396 83 78 72
3.243855 -4.379919 12.031868 18 8 7
3.214261 -4.495174 11.949085 18 13 9
3.846948 3.158840 12.923745 118 120 117
3.042729 -5.142878 11.414124 60 52 50
3.272948 -4.418782 12.006888 78 68 66
3.799227 -1.791387 13.183233 84 80 77
3.839813 3.699829 12.695093 115 117 114
3.398034 -4.159445 12.184826 19 14 10
3.416104 -4.158406 12.186151 17 12 9
3.896791 3.628830 12.701003 25 21 20
3.974624 -0.533768 13.370971 94 93 88
3.612102 5.460176 11.665244 31 28 21
3.423288 6.225161 11.027055 118 119 114
3.862500 -1.903086 13.145738 82 67 64
3.726461 5.017212 11.954370 98 85 77
3.487797 6.100320 11.117667 54 53 49
3.503880 6.054824 11.155619 46 45 41
3.564636 5.892380 11.282963 38 37 33
3.564636 5.892380 11.282963 38 37 33
3.581965 5.830588 11.333734 24 25 20
3.720262 5.281224 11.746130 126 123 114
3.689906 5.460090 11.610900 120 121 115
4.036989 -1.156302 13.278825 91 87 84
2.739485 -6.248142 10.126471 72 63 64
4.143344 0.716870 13.346831 118 119 113
3.745995 5.285963 11.724705 121 121 111
3.950668 4.145607 12.404173 124 119 116
3.330559 6.798079 10.335690 96 110 110
3.850892 -2.983019 12.784150 77 76 74
3.851638 -2.980047 12.785318 77 76 74
3.359680 6.739251 10.396632 102 110 112
3.774821 5.292097 11.699854 50 50 42
3.774821 5.292097 11.699854 50 50 42
4.037014 -1.790851 13.150435 75 70 67
3.538821 6.229853 10.922261 46 47 42
3.531898 6.260117 10.891131 49 50 45
3.479980 6.464864 10.673279 103 105 104
3.999177 4.261663 12.308949 124 115 110
3.572057 6.200717 10.928867 120 120 118
4.132760 3.189762 12.783374 31 23 20
3.556817 6.263618 10.864833 108 113 107
4.251872 1.176132 13.269287 100 91 82
3.880669 5.028427 11.846840 129 131 126
4.256131 0.709391 13.314874 98 98 90
4.267479 1.098438 13.274095 117 108 101
4.272831 0.916750 13.292336 93 84 75
4.259134 1.881190 13.142909 28 27 23
4.257973 2.004036 13.114900 35 31 28
4.257973 2.004036 13.114900 35 31 28
4.137805 3.604456 12.594894 128 130 125
4.137745 3.605248 12.594539 128 130 125
4.020010 4.533532 12.122807 25 20 17
4.291033 2.009490 13.101284 114 106 103
4.269158 2.496131 12.974974 114 115 109
4.341276 0.722910 13.289088 119 114 110
4.350077 0.921121 13.268454 108 99 94
4.064358 4.490061 12.125951 90 79 77
4.326322 -0.469479 13.299712 19 9 7
4.321918 2.394838 12.984683 101 97 88
4.357996 -0.083735 13.308544 98 87 81
2.981244 -6.269799 10.187101 56 45 39
4.305649 -1.335846 13.201620 27 16 10
4.415581 1.215652 13.211289 88 77 73
4.273381 -1.779202 13.119039 8 0 0
4.293847 -1.699098 13.133624 22 9 3
4.231613 3.980869 12.347585 99 80 74
4.254960 -2.445132 12.942924 16 12 11
4.022131 -3.700519 12.450469 18 13 9
4.011713 -3.761575 12.419578 24 19 13
4.501210 0.470201 13.260179 143 135 132
3.980756 -3.971843 12.307896 16 6 4
4.224938 -2.794602 12.828863 27 14 8
4.284397 3.960996 12.330537 102 83 77
4.080552 -3.586584 12.505289 16 11 7
4.075619 5.265635 11.513849 104 96 94
4.542847 -0.536444 13.246879 106 102 93
3.628345 6.680867 10.204421 59 71 71
3.789877 6.326417 10.568290 47 47 45
3.907264 6.023736 10.852206 24 30 26
3.834968 6.261965 10.613191 102 104 101
3.930084 6.022635 10.833582 106 108 103
4.472356 -2.368262 12.941566 84 80 77
4.611859 2.887533 12.688447 99 88 86
4.552281 -2.366577 12.932617 74 69 66
4.689963 2.334068 12.853827 98 95 88
4.408418 4.415634 11.971876 20 15 12
4.653626 2.928022 12.652916 26 23 18
4.241574 5.242448 11.416034 27 28 23
4.428326 4.489458 11.907465 52 47 43
4.803445 0.621022 13.160832 28 25 20
4.622562 3.554533 12.375271 44 33 31
4.844522 0.922458 13.113781 140 129 125
4.844522 0.922458 13.113781 140 129 125
4.849663 0.828773 13.124179 115 104 100
4.109284 5.871317 10.860073 95 91 88
4.787558 2.493798 12.759211 54 43 41
4.600357 3.956885 12.159330 118 117 113
4.770133 2.822620 12.642680 101 94 88
4.805050 2.570558 12.724113 101 90 88
4.875872 1.843395 12.922045 107 108 102
4.678521 -2.660760 12.831080 100 85 80
4.839496 2.415147 12.764381 116 115 111
4.672014 -2.764079 12.798758 100 85 80
4.672014 -2.764079 12.798758 100 85 80
4.917928 1.216452 13.043732 22 25 18
4.472128 4.760767 11.672993 92 74 70
4.820705 -1.754347 13.039539 84 79 75
4.484820 4.806209 11.627579 109 106 101
4.939291 1.488942 12.982758 124 117 111
4.968478 -0.000152 13.151360 30 23 17
5.005450 0.316105 13.126042 105 96 91
4.976903 -0.697638 13.139215 27 20 14
4.974839 -0.811435 13.132553 33 24 19
4.973276 -0.901673 13.126144 29 20 15
3.942305 6.546087 10.080023 44 58 58
4.985340 -1.016370 13.113643 29 21 18
4.982207 -1.065729 13.109550 29 20 21
4.982094 -1.104098 13.105680 33 27 27
4.970476 -1.272325 13.088804 71 61 60
4.133101 6.156354 10.472330 52 47 51
4.786808 -2.931885 12.732119 73 68 65
5.020717 -0.972657 13.110097 87 79 76
4.049652 6.378526 10.231649 109 117 119
4.237480 5.909717 10.700201 55 57 54
4.258494 5.853627 10.751018 29 31 30
4.920479 -2.271717 12.911268 25 15 13
4.920479 -2.271717 12.911268 25 15 13
4.916534 -2.399005 12.879168 6 0 0
4.232118 5.992032 10.599676 118 118 116
4.830364 -3.072459 12.679404 19 11 8
4.803171 -3.316722 12.590049 22 17 13
4.789699 -3.423631 12.548172 21 13 10
4.460359 5.434134 11.059536 115 107 104
4.947511 3.297191 12.341401 101 84 77
4.874671 -3.052480 12.682826 76 68 65
4.457156 5.457978 11.036704 25 24 20
5.172543 0.641448 13.045433 98 95 90
5.086638 -1.727494 13.000221 75 70 66
4.373048 5.757166 10.767419 93 92 90
4.370240 5.802001 10.715240 125 127 124
4.605947 5.080081 11.301603 30 26 23
4.745047 4.658795 11.573725 98 84 83
4.511894 5.555909 10.883764 46 45 41
5.066524 3.273166 12.292741 107 97 88
4.561220 5.414833 10.999079 18 17 12
4.667601 5.088655 11.247746 116 115 113
4.547258 5.471518 10.948732 43 42 38
4.001283 6.752471 9.634661 151 171 170
4.001283 6.752471 9.634661 151 171 170
4.001283 6.752471 9.634661 151 171 170
4.525833 5.575077 10.850096 102 101 97
4.818099 4.635292 11.543788 105 94 90
5.174359 -2.334493 12.861674 72 64 61
4.826232 4.623323 11.548142 99 85 82
4.007154 6.779536 9.572159 142 162 161
5.007106 3.842820 11.999197 126 122 119
4.834134 4.616625 11.548312 98 85 79
4.598609 5.419527 10.963601 110 111 106
4.822186 4.683117 11.501214 122 121 117
4.941355 4.202941 11.796121 84 76 73
4.044841 6.752956 9.576389 105 125 124
5.042662 3.895696 11.944672 30 23 15
5.042662 3.895696 11.944672 30 23 15
4.821918 4.811044 11.391115 37 28 21
5.027383 3.985940 11.894137 41 34 26
5.409236 0.534568 12.983964 81 67 64
4.840360 4.761620 11.421483 51 40 36
4.840360 4.761620 11.421483 51 40 36
5.183910 3.255477 12.241226 36 29 21
5.183910 3.255477 12.241226 36 29 21
5.435581 -0.017849 13.023978 21 16 13
5.254286 2.926888 12.368422 50 41 36
5.049057 4.060585 11.830241 76 71 65
4.177148 6.576179 9.751833 108 130 128
4.589664 5.648381 10.708325 99 95 94
4.574216 5.691016 10.669945 45 45 43
5.385715 1.986721 12.677063 36 29 23
5.078524 4.100358 11.784376 108 101 91
5.078524 4.100358 11.784376 108 101 91
5.409808 2.053694 12.645123 105 102 97
5.409500 2.117310 12.623785 93 90 85
5.405941 2.191982 12.599306 81 80 75
5.405941 2.191982 12.599306 81 80 75
5.509415 -0.534760 13.016708 80 81 76
5.507816 1.062761 12.867663 25 20 17
4.161567 6.680915 9.568077 161 181 182
5.549642 0.584483 12.932886 30 24 24
5.547376 -0.598443 13.006714 26 25 20
5.593112 0.016490 12.977152 83 80 75
5.065604 4.544292 11.450851 103 89 86
5.585559 -1.338115 12.958540 28 17 13
5.505815 -2.289886 12.824860 82 74 71
4.763784 5.564169 10.656242 101 96 93
5.636974 -1.281405 12.952993 71 63 60
5.636974 -1.281405 12.952993 71 63 60
5.662137 1.184525 12.786596 100 99 95
5.540066 -2.453187 12.783428 16 11 8
5.632480 -1.703528 12.906775 76 73 68
4.261179 6.672791 9.450248 162 186 186
4.261179 6.672791 9.450248 162 186 186
5.517473 -2.805009 12.696540 25 17 14
5.578852 -2.429592 12.783451 63 58 55
5.729951 -0.569391 12.960709 101 100 98
4.818285 5.569993 10.600186 31 33 32
4.818285 5.569993 10.600186 31 33 32
5.792842 0.013222 12.919330 80 79 75
5.576018 -2.925110 12.655910 13 10 5
5.678969 -2.254920 12.806043 73 68 65
5.604105 2.683116 12.309981 84 73 67
4.741330 5.860331 10.288051 46 50 51
4.686171 5.980985 10.168390 48 52 55
4.873028 5.551508 10.573583 37 39 38
4.651017 6.059031 10.086435 53 61 63
4.651017 6.059031 10.086435 53 61 63
5.823773 -1.125251 12.923429 76 70 70
5.039086 5.145010 10.901183 99 91 88
5.311669 4.355691 11.439180 105 94 90
5.064599 5.153761 10.870878 42 41 36
5.092525 5.080638 10.926418 40 39 34
5.341605 4.336722 11.434395 41 32 27
5.373731 4.236412 11.493618 38 27 21
5.373731 4.236412 11.493618 38 27 21
5.608538 3.234860 12.026378 107 108 103
5.087968 5.160425 10.844367 100 99 95
5.788933 2.255478 12.405118 115 114 110
5.791388 2.252535 12.405166 113 112 108
4.977438 5.472209 10.577469 104 99 95
5.562602 3.565290 11.853633 33 20 14
5.346649 4.423544 11.358551 83 78 72
5.966741 0.008648 12.868166 86 82 79
5.646046 3.211485 12.019158 14 15 10
5.651282 3.192446 12.027049 29 28 23
5.208662 4.880167 11.040177 98 99 94
5.885211 1.602981 12.590792 92 83 76
5.817261 2.240463 12.398135 97 98 93
5.222651 4.861845 11.047550 116 115 111
5.584525 3.585324 11.827975 85 74 68
5.618953 3.471341 11.880130 95 82 76
5.643680 3.368029 11.929180 100 90 80
5.578341 3.674475 11.773223 115 116 110
5.852534 2.188776 12.402451 25 26 21
5.852534 2.188776 12.402451 25 26 21
5.925474 1.651265 12.559498 24 25 19
5.937355 1.670841 12.548444 20 25 18
6.009067 1.109908 12.675110 25 24 20
5.286806 4.836106 11.023499 116 115 113
6.075593 0.019306 12.834375 74 69 66
6.083019 0.012646 12.832774 79 74 71
5.996351 1.585983 12.550495 91 84 78
5.996351 1.585983 12.550495 91 84 78
6.077025 0.594191 12.756457 106 107 99
6.114184 -0.635931 12.861690 27 23 20
6.125817 0.067910 12.814034 41 31 29
6.122378 -1.118982 12.855103 65 66 61
6.126336 0.475070 12.759559 83 75 72
6.142719 -0.767207 12.855894 23 19 16
5.701277 3.644828 11.719151 111 114 107
5.117571 5.456077 10.469384 108 110 107
6.117757 -1.688273 12.815092 70 69 67
4.793680 6.142825 9.787657 61 79 79
4.793680 6.142825 9.787657 61 79 79
6.175521 -0.686297 12.846483 72 68 65
6.175521 -0.686297 12.846483 72 68 65
4.876869 5.997543 9.936383 49 61 59
5.512174 4.426945 11.238873 99 96 91
5.631278 4.022094 11.491004 21 16 13
5.272317 5.131466 10.721960 102 101 99
5.025610 5.717422 10.205271 43 43 41
5.165390 5.414946 10.477368 29 34 30
5.049236 5.675972 10.240389 46 46 44
5.068283 5.638246 10.274212 42 41 37
5.138877 5.488532 10.407514 41 40 38
5.102749 5.571620 10.331711 41 40 36
6.172289 -1.820656 12.789527 62 57 51
6.172289 -1.820656 12.789527 62 57 51
5.315539 5.090752 10.731194 19 11 9
5.175031 5.442042 10.433794 88 90 87
-2.919294 2.292680 10.551764 149 149 141
-2.158830 1.590413 6.329845 152 148 136
5.773056 -25.080896 87.298401 117 122 118
-10.101781 0.563567 28.206154 193 182 160
-10.028033 1.391130 28.366997 197 189 168
-9.379853 -4.417811 25.924549 145 128 110
-9.413978 -6.800828 26.047646 166 153 136
-9.556487 2.762763 26.960817 195 184 166
-9.556487 2.762763 26.960817 195 184 166
-9.476935 -0.831481 26.635870 135 120 101
-9.074151 -7.215158 25.034122 231 219 203
-8.994568 -5.025812 24.827238 139 124 103
-9.297872 -3.088155 26.040960 205 187 167
-8.953284 -1.340946 24.837252 211 200 178
-9.136781 -2.813399 25.500895 229 227 204
-9.153227 -7.995228 25.466537 229 217 201
-9.002639 -6.650022 24.949305 158 142 126
-9.305589 -7.884487 26.041636 230 217 200
-8.508895 -10.789674 23.091230 171 167 155
-9.037691 -5.216347 25.335812 145 127 107
-9.078920 -2.963890 25.552952 141 126 107
-9.225255 -1.506146 26.150450 134 117 97
-8.359725 -9.674188 22.775049 174 167 157
-8.826015 -6.642946 24.596577 166 150 134
-8.323996 -9.763589 22.675058 128 119 110
-8.323996 -9.763589 22.675058 128 119 110
-9.028924 0.564773 25.538742 219 201 177
-8.827808 -2.824772 24.975235 220 215 193
-8.827808 -2.824772 24.975235 220 215 193
-8.264376 -9.843888 22.737612 166 163 154
-7.972912 -1.730196 21.826920 216 216 192
-8.719210 -4.219903 24.557953 233 230 213
-8.751543 -2.131278 24.784945 132 121 99
-8.793435 -4.424073 24.882942 141 128 109
-8.793435 -4.424073 24.882942 141 128 109
-8.368944 -6.382929 23.311537 133 124 107
-8.368944 -6.382929 23.311537 133 124 107
-7.976116 -9.570104 21.772348 118 119 113
-7.976116 -9.570104 21.772348 118 119 113
-8.306089 -7.967824 23.155212 126 123 104
-8.918998 -3.448639 25.590635 219 204 185
-6.025202 9.825836 15.048606 181 199 183
-8.531304 -7.462361 24.051636 142 133 116
-8.531304 -7.462361 24.051636 142 133 116
-8.402356 -6.888186 23.584156 223 217 201
-8.502610 -0.661225 24.165722 132 119 102
-7.898774 -10.441954 21.629114 104 100 89
-8.982121 0.043783 26.009676 147 131 115
-8.331747 -7.344250 23.348597 201 189 175
-8.337360 -5.706730 23.427603 127 113 100
-8.278171 -4.905414 23.256104 135 119 103
-8.278171 -4.905414 23.256104 135 119 103
-8.355183 -0.508761 23.754322 224 222 199
-8.041328 -3.950998 22.522152 222 217 195
-8.553822 1.588264 24.682516 197 190 164
-8.288272 0.907258 23.769358 205 194 174
-7.878020 -5.462080 22.097166 126 114 100
-7.878020 -5.462080 22.097166 126 114 100
-8.280335 0.196147 23.819521 214 208 186
-8.227180 -0.592240 23.651388 140 128 106
-7.958323 -6.379622 22.486509 131 125 109
-7.958323 -6.379622 22.486509 131 125 109
-7.789599 -7.525683 21.811890 195 193 180
-7.828412 -4.751164 22.076962 130 117 100
-7.971913 -1.814519 22.759314 215 219 196
-7.868395 -2.490368 22.341124 225 220 200
-8.116392 0.843303 23.423521 148 133 112
-7.424152 -9.398512 20.473370 96 96 84
-8.105254 0.157548 23.435146 123 110 91
-8.176541 3.755069 23.912464 203 188 169
-7.636541 -4.738516 21.561119 209 196 179
-7.629480 -6.048463 21.483702 202 201 183
-7.828904 -0.490600 22.472458 123 115 92
-7.846381 -0.494024 22.546083 123 115 92
-7.858960 -1.979741 22.557009 209 196 177
-7.526985 -5.216722 21.170897 209 202 184
-7.604896 -6.204533 21.526758 127 120 104
-7.739783 2.469439 22.375124 169 151 127
-7.739783 2.469439 22.375124 169 151 127
-7.846108 2.878547 22.814367 133 122 102
-7.617397 -1.825930 21.753363 132 125 106
-7.740225 2.943458 22.423500 215 208 190
-7.740225 2.943458 22.423500 215 208 190
-7.431167 -0.458076 21.112181 125 114 92
-7.464066 0.930552 21.288368 207 202 182
-7.348374 0.280125 20.879063 211 204 186
-7.336083 0.208051 20.864515 138 130 109
-7.353671 -7.569490 20.742113 115 111 99
-7.369183 -5.340619 20.882401 126 119 103
-7.499914 -7.003224 21.348783 133 125 112
-7.499914 -7.003224 21.348783 133 125 112
-7.746591 5.664438 22.810787 192 184 163
-7.389313 3.506723 21.317831 191 184 165
-7.420138 0.402470 21.354765 157 145 129
-7.592977 2.378648 22.186064 213 207 183
-7.436938 -1.720680 21.441158 210 209 188
-7.277054 -5.418385 20.685696 208 194 181
-7.454007 -1.730200 21.517105 210 209 188
-7.250709 -2.538801 20.731403 212 199 183
-7.149238 -1.138742 20.401258 210 192 170
-7.516607 3.034790 22.061489 208 196 180
-7.204312 -6.043044 20.486572 112 106 92
-7.204312 -6.043044 20.486572 112 106 92
-7.125569 -6.592202 20.146463 181 179 166
-7.236166 0.256933 20.856770 127 121 99
-7.206508 -7.603505 20.496355 109 103 89
-7.159393 -5.292572 20.426928 115 106 91
-7.159393 -5.292572 20.426928 115 106 91
-6.987460 -1.020646 19.903402 133 121 97
-7.052672 0.193828 20.221821 192 175 155
-7.164198 0.344668 20.686531 217 212 192
-7.269072 0.352336 21.142279 217 212 192
-7.045214 -4.577980 20.065012 214 198 183
-7.135060 -7.735384 20.388363 155 151 139
-6.775723 -2.990595 19.076963 203 186 170
-7.032803 0.028777 20.291168 160 141 124
-7.033584 -3.184519 20.209169 203 186 170
-7.230392 4.304252 21.336145 143 135 116
-6.950077 0.924298 20.079222 139 131 110
-6.996372 1.589993 20.303707 132 119 102
-6.893852 -4.318098 19.683298 212 205 187
-7.034485 0.285151 20.442141 124 116 95
-2.594605 0.365723 1.467501 175 173 160
-6.890624 4.142489 20.022266 202 195 176
-6.899174 -0.270025 19.977200 220 223 202
-6.843027 -4.419248 19.595627 116 109 91
-7.064764 -2.374509 20.610472 213 208 189
-6.958873 2.482410 20.357437 147 139 118
-6.857402 -1.725402 19.776522 197 184 167
-6.939930 -3.805953 20.064835 123 111 95
-6.902429 -3.090453 19.955307 125 113 97
-7.062370 -0.437664 20.762077 195 186 169
-6.835311 -7.444048 19.543894 91 87 76
-6.719920 -7.427760 19.088236 181 175 163
-6.566644 -0.865001 18.748976 210 207 188
-6.722330 2.321746 19.578508 200 197 178
-6.735568 2.262921 19.663698 124 122 101
-6.852542 4.351315 20.265238 206 200 178
-6.631805 -5.693766 18.950285 176 177 161
-6.640507 -4.207717 19.069092 204 199 179
-6.913871 4.307667 20.634346 146 138 119
-6.663066 -0.302052 19.398813 120 113 95
-6.728766 -2.261267 19.616501 192 189 172
-6.683901 2.921197 19.640104 153 142 124
-6.567678 -5.782783 18.882656 104 102 89
-6.567678 -5.782783 18.882656 104 102 89
-6.702223 -2.974770 19.566439 201 203 182
-6.628235 1.667446 19.442520 132 124 101
-6.760665 -3.025306 19.841801 201 203 182
-6.618550 -6.640311 19.115000 113 111 99
-6.490586 -7.225327 18.555393 96 90 78
-6.517535 -5.054594 18.767040 116 109 93
-6.486416 -0.352607 18.822477 199 187 171
-6.571012 0.520331 19.256683 162 153 136
-6.555323 -4.357286 19.001150 124 115 98
-6.555323 -4.357286 19.001150 124 115 98
-6.449200 2.259916 18.845352 119 110 93
-6.341319 -0.153955 18.277262 214 217 196
-6.512556 -1.639424 19.005493 198 185 169
-6.865037 3.257827 20.767260 202 195 176
-6.374939 -5.515119 18.262096 183 184 170
-6.508523 -1.520994 19.019318 210 211 193
-6.942279 9.830521 21.511890 199 210 194
-6.559956 3.633142 19.542896 117 104 87
-6.334535 0.457214 18.414120 213 212 192
-6.509379 -3.010199 19.166248 118 109 92
-6.317762 -5.115431 18.248476 180 172 161
-6.318889 -0.813449 18.421373 209 210 192
-6.415406 3.761575 19.096548 202 191 173
-6.274127 -6.381682 18.058929 109 105 94
-6.153907 -0.219601 17.786411 124 115 98
-6.021172 0.397153 17.232756 123 115 96
-6.200758 2.349758 18.151649 207 202 182
-6.506064 5.095775 19.652346 199 188 168
-6.278615 -4.888481 18.202147 188 189 173
-6.284431 -2.801239 18.321648 193 192 172
-6.279504 -6.650030 18.165508 182 181 163
-6.323237 -2.319665 18.526596 197 180 164
-6.213121 -7.119193 17.861288 92 92 82
-6.274080 -3.446107 18.275320 197 196 176
-6.323799 -3.739026 18.540922 190 177 161
-6.552687 7.823301 20.171024 188 181 163
-6.552687 7.823301 20.171024 188 181 163
-6.292294 3.107010 18.768265 197 196 176
-6.076533 -2.029688 17.650116 199 200 182
-6.380250 5.145377 19.401657 198 192 176
-6.380250 5.145377 19.401657 198 192 176
-6.124826 -3.312768 17.843403 201 198 179
-6.047869 -0.132097 17.688385 197 194 175
-6.090774 -1.396329 17.871922 211 215 198
-6.068581 2.953593 17.985020 118 106 90
-6.236737 3.817376 18.911102 205 199 185
-5.862928 -0.234593 17.008894 186 170 154
-5.862928 -0.234593 17.008894 186 170 154
-6.057424 3.075839 18.064167 201 198 181
-6.057424 3.075839 18.064167 201 198 181
-5.758229 1.082336 16.612690 209 211 190
-6.187785 3.853554 18.738373 151 142 127
-6.083367 -4.263969 17.890039 108 99 84
-5.850919 1.057602 17.081596 127 126 105
-6.177173 4.374740 18.768837 141 129 113
-6.468507 9.990934 20.481327 204 217 200
-5.919620 -1.945329 17.314215 153 146 130
-5.919620 -1.945329 17.314215 153 146 130
-5.940188 -7.023993 17.191536 98 98 88
-5.951305 -0.736200 17.539169 206 205 187
-6.040803 -3.662412 17.869030 184 166 152
-5.986840 -5.669782 17.547640 105 97 86
-5.798296 1.774553 17.018713 203 205 183
-5.952277 -1.458475 17.602612 121 114 96
-5.952482 -2.850902 17.615147 119 110 95
-5.789810 -0.079263 17.003080 202 207 187
-5.730865 -0.019241 16.812952 199 193 177
-5.752241 -0.741216 16.884123 114 109 90
-5.752241 -0.741216 16.884123 114 109 90
-5.866627 -5.628885 17.232874 99 91 80
-2.927339 0.696751 3.457734 120 107 98
-5.793790 -4.876432 17.060814 90 84 72
-5.662291 -3.997740 16.493893 112 105 89
-5.662291 -3.997740 16.493893 112 105 89
-5.592013 -0.648802 16.336281 203 202 184
-5.702280 1.135793 16.978979 115 109 93
-5.780401 3.150469 17.486261 204 201 186
-5.690599 3.616746 17.163847 113 107 91
-5.706886 -4.936309 16.814587 164 154 144
-5.523094 -0.749974 16.148964 192 175 159
-5.498497 0.467881 16.112572 195 173 159
-5.663800 -1.383397 16.841753 119 112 94
-5.607957 3.663157 16.845093 202 204 183
-5.554732 2.414599 16.541058 204 203 185
-5.621105 -2.043758 16.655313 112 105 89
-5.931712 7.316816 18.700298 190 185 166
-5.913685 6.026148 18.622751 182 187 165
-2.786093 0.548171 2.327644 151 142 127
-5.781345 6.540947 18.125185 189 186 171
-5.781345 6.540947 18.125185 189 186 171
-5.408405 1.762800 16.012474 125 126 108
-5.433403 -0.790907 16.011560 139 123 110
-5.433403 -0.790907 16.011560 139 123 110
-5.801610 6.491443 18.265158 135 128 112
-5.345523 -0.018398 15.630172 187 192 172
-5.367350 0.605731 15.793267 204 207 188
-5.604742 4.488194 17.263849 187 188 172
-5.389762 -3.802242 15.734392 180 181 167
-5.531467 -6.321697 16.329580 154 144 134
-5.538267 -4.793724 16.433596 103 95 82
-5.538267 -4.793724 16.433596 103 95 82
-5.440242 -4.563300 15.994648 181 185 170
-5.436809 1.235475 16.329733 193 196 175
-5.733688 5.990119 18.109127 188 185 170
-5.378850 1.175956 16.096205 128 115 98
-5.193995 1.721164 15.243505 99 96 79
-5.386534 -4.588975 15.887542 171 173 159
-5.367394 -3.284825 15.882695 112 100 88
-5.392364 -6.083082 15.870760 91 84 74
-5.397466 -5.407653 15.968730 90 86 75
-5.253373 -1.196729 15.516422 194 201 183
-5.261462 -1.199414 15.559614 194 201 183
-5.116686 1.148638 15.068989 106 100 84
-5.339775 3.875449 16.386520 145 131 120
-5.303353 3.659036 16.186911 140 132 119
-5.175586 1.224135 15.383673 204 209 189
-5.335966 4.328075 16.464352 102 99 84
-5.161116 2.396964 15.453939 131 115 102
-5.161116 2.396964 15.453939 131 115 102
-5.111453 2.437046 15.267076 183 177 163
-5.530473 4.751417 17.608725 188 192 175
-5.447008 7.087772 17.367916 130 128 113
-5.276772 -3.329234 15.865244 97 89 76
-5.276772 -3.329234 15.865244 97 89 76
-5.027500 0.595419 14.825414 99 92 76
-5.244498 3.797193 16.167433 211 205 193
-5.045940 -0.541514 14.861753 201 202 188
-5.140642 1.220341 15.504941 95 96 78
-5.134682 -1.911204 15.395043 113 103 91
-5.042363 3.006500 15.281912 135 119 104
-4.889311 -0.004913 14.285069 110 104 90
-5.146478 -5.327292 15.344213 82 85 74
-4.879930 0.719018 14.389730 148 145 130
-4.922336 -0.554769 14.602678 102 92 80
-4.928217 -0.556384 14.637558 102 92 80
-4.928217 -0.556384 14.637558 102 92 80
-5.255288 7.917841 17.025751 179 175 163
-5.255288 7.917841 17.025751 179 175 163
-4.905744 1.946597 14.719028 148 142 128
-5.066537 3.234350 15.770121 195 193 178
-4.911962 2.454598 14.939076 96 90 78
-4.892072 -3.661674 14.443674 171 171 159
-5.014651 -4.693523 15.084554 164 157 147
-4.965692 3.790904 15.435408 189 191 170
-4.977983 -1.966595 15.108244 184 170 159
-4.801730 1.886885 14.406780 195 196 180
-4.721887 2.394565 14.006482 183 181 166
-4.721887 2.394565 14.006482 183 181 166
-4.854259 -1.187237 14.537463 112 110 97
-4.879835 3.109840 15.073077 122 110 96
-4.801646 3.082613 14.662395 187 181 167
-4.904814 -4.528577 14.766957 86 86 74
-4.903684 -3.213296 14.920510 97 89 78
-4.808522 -1.816501 14.514644 99 93 81
-4.782437 -3.717644 14.268367 97 88 79
-4.846342 -2.495424 14.697348 103 91 79
-4.782401 -6.474271 14.121099 82 78 69
-4.624527 0.132488 13.738006 198 202 187
-4.656514 0.731682 13.985265 196 207 191
-4.726175 1.984589 14.543078 203 197 181
-4.838946 2.643881 15.282834 129 121 108
-4.577930 2.444244 13.773113 185 188 171
-4.773539 4.388899 15.059639 132 123 106
-4.614800 0.671400 13.905593 100 96 84
-4.557290 1.380747 13.718729 136 124 112
-4.709345 -4.449759 14.195735 86 82 71
-4.625706 1.971795 14.209674 201 204 187
-4.562081 2.529203 13.901644 178 179 165
-4.654840 -1.705166 14.143066 189 193 179
-4.662994 -3.006853 14.155013 175 179 165
-4.539901 3.066666 13.903537 196 197 183
-4.517091 2.569762 13.741266 142 135 117
-4.753057 7.380384 15.532678 190 189 168
-4.778882 7.966885 15.843362 182 184 173
-4.731362 4.657778 15.305669 186 190 173
-4.650551 3.880014 14.772835 186 190 173
-4.565224 -1.738158 13.830274 111 107 95
-4.493886 -0.999831 13.489087 195 206 190
-4.492758 1.303999 13.688048 104 98 82
-4.730312 7.396610 15.634372 175 177 156
-4.643618 4.457288 14.862244 92 93 75
-4.596638 3.793142 14.580586 126 117 102
-4.610683 -5.798867 13.940746 88 78 69
-4.663382 7.086944 15.348085 105 106 88
-4.638988 4.660038 15.063573 179 180 166
-4.500299 3.821292 14.227863 197 198 184
-4.357754 0.769083 13.141650 197 203 193
-4.504028 -3.691862 13.715292 85 83 70
-4.366028 1.317369 13.324370 103 99 87
-4.489413 -3.606708 13.695982 164 164 154
-4.566124 5.353521 15.002007 183 190 174
-4.546997 5.984707 15.031079 187 190 171
-4.267475 2.446428 13.026077 107 101 89
-4.282524 -0.816057 12.840593 144 140 128
-4.472291 -5.780293 13.639516 77 67 55
-4.441000 -3.121302 13.674295 158 136 125
-4.423088 -6.276101 13.275666 124 121 112
-2.701184 0.171718 2.523500 175 158 148
-4.347712 2.015811 13.588391 199 207 194
-4.337246 -1.726322 13.203777 176 154 143
-4.266668 -0.358687 12.890074 191 199 184
-4.401179 -5.026394 13.414850 90 87 78
-4.460312 5.374687 14.784975 189 191 177
-4.359184 4.576061 14.144027 186 190 173
-4.253029 1.945236 13.254816 101 95 83
-4.315618 1.405970 13.625648 91 83 70
-4.292743 2.038747 13.534978 190 196 182
-4.210413 2.026498 13.004163 136 126 114
-4.239825 3.180442 13.323480 183 179 168
-4.210903 1.413797 13.024104 199 201 187
-4.355814 -3.609795 13.527334 161 165 151
-4.281011 3.787173 13.736275 106 96 84
-4.335861 -5.678040 13.231408 85 73 61
-4.209695 2.531659 13.181742 87 85 72
-4.375404 6.630054 14.695032 181 185 170
-4.237120 3.820321 13.519349 189 193 178
-4.258449 -4.178620 13.092193 168 176 163
-2.744826 -0.591133 3.373577 77 79 66
-4.134428 3.200371 13.058194 196 197 181
-4.270077 6.457762 14.309056 119 115 103
-4.141208 3.215082 13.112875 196 197 181
-4.248971 9.518608 14.541398 187 205 191
-4.190350 4.547377 13.675831 179 185 171
-4.122633 -0.318566 12.733137 201 207 193
-4.110498 2.533587 12.961831 105 101 89
-4.193103 -5.582504 12.779818 83 66 56
-4.193103 -5.582504 12.779818 83 66 56
-4.212161 5.885339 14.082476 175 173 160
-4.191163 -4.934106 12.891037 85 76 67
-4.107188 3.884825 13.247527 187 184 169
-4.101165 1.426988 12.974718 105 95 83
-4.000081 -0.400703 12.118206 169 150 135
-4.004659 1.979509 12.444637 190 194 180
-4.000256 0.022691 12.284150 204 185 171
-4.000256 0.022691 12.284150 204 185 171
-4.108211 -2.353938 12.812343 164 142 129
-3.996164 2.506702 12.537714 106 102 91
-3.999371 0.182420 12.368133 204 192 178
-4.010074 0.739350 12.516517 175 158 148
-3.953068 1.947790 12.301545 95 89 77
-4.083970 -5.640142 12.520391 156 148 137
-3.987873 1.497414 12.680689 199 203 188
-3.931062 0.223230 12.180725 99 91 78
-3.944403 0.272567 12.280589 199 201 188
-4.017137 -2.785612 12.501580 178 181 170
-3.979285 3.842264 12.964174 121 109 95
-3.912811 0.803343 12.160479 100 98 85
-4.014779 5.298071 13.501429 186 190 175
-3.939961 -1.508958 12.179939 186 188 175
-4.010902 7.204215 13.765056 173 174 160
-4.020002 -4.889138 12.490335 98 89 82
-3.928464 -0.289107 12.291101 188 196 181
-3.923244 3.204468 12.655900 92 90 75
-4.051674 7.449804 14.186257 173 174 160
-3.856274 0.869669 12.001730 200 211 194
-3.894155 3.295237 12.590146 185 189 174
-3.894155 3.295237 12.590146 185 189 174
-3.943009 4.500535 13.105326 105 99 87
-3.982972 6.637160 13.719429 173 171 158
-3.951051 5.934070 13.460823 176 180 163
-3.950119 -5.473777 12.176019 97 96 78
-3.888146 0.261522 12.442167 100 97 82
-3.837318 3.870363 12.514525 188 186 171
-3.871326 2.675869 12.637551 95 91 79
-3.836463 3.829394 12.528454 117 110 100
-3.783926 0.818141 11.826062 111 107 95
-3.882672 6.610956 13.423751 170 177 161
-3.849650 5.245933 13.003771 177 184 168
-3.792904 2.089619 12.168404 188 195 177
-3.769755 2.012143 12.003797 96 97 83
-3.741014 3.755283 12.120090 121 115 103
-3.837819 -2.806702 12.203301 172 174 161
-3.743703 -0.242839 11.809389 190 196 182
-3.749430 3.335344 12.323857 190 191 175
-3.720901 1.510789 11.902831 193 206 189
-3.772391 5.304446 12.887214 176 185 168
-3.756725 -2.161476 11.813833 87 77 65
-3.739110 7.800384 13.058846 177 181 167
-3.682012 1.447057 11.722374 80 70 60
-3.806308 -4.150701 12.021222 70 57 48
-3.781603 -3.738125 11.929634 111 98 90
-3.770820 -2.845498 12.003238 82 78 67
-3.674325 0.214844 11.625417 205 193 179
-3.698213 2.694968 12.169408 109 107 92
-3.658385 0.824418 11.688751 175 158 148
-3.662897 -0.862039 11.496193 107 104 89
-3.694077 5.181258 12.621623 124 122 109
-3.617981 1.485419 11.472125 200 206 194
-3.643888 3.853431 12.070658 102 96 84
-3.647148 3.972960 12.216970 183 185 172
-3.628401 0.288509 11.553567 104 100 88
-3.627849 4.170147 12.113471 195 181 168
-3.648677 3.399148 12.212238 192 196 181
-3.703000 -2.920820 11.818681 165 152 144
-3.636811 0.948865 11.782616 197 204 188
-3.614886 2.116364 11.797458 197 201 186
-3.596987 2.655297 11.748534 73 73 63
-3.565302 -0.307089 11.123745 176 159 149
-3.572928 4.196095 11.929362 184 170 157
-3.572928 4.196095 11.929362 184 170 157
-3.611150 7.852467 12.798429 172 173 159
-3.594919 2.086576 11.813622 100 90 80
-3.585914 1.491851 11.657493 97 93 81
-3.707696 -3.475179 11.995696 174 185 169
-3.591332 5.253192 12.293502 177 186 169
-3.577626 3.903100 12.006455 96 97 83
-3.546980 2.600550 11.559879 191 177 166
-3.595577 7.069386 12.694352 132 126 114
-3.598791 5.224726 12.474623 121 115 103
-3.561240 0.357120 11.441643 195 206 190
-3.561240 0.357120 11.441643 195 206 190
-2.492189 0.123802 0.813216 151 142 127
-3.656762 -3.489167 11.791367 93 89 78
-3.523299 2.134161 11.527036 198 204 192
-3.637275 -4.771938 11.574754 79 77 65
-3.513945 1.547920 11.402395 203 207 193
-3.537165 7.201998 12.523149 127 134 118
-3.588819 -2.122598 11.549534 99 97 84
-2.449434 0.038903 1.370469 23 24 18
-3.497649 2.719490 11.505798 193 199 185
-3.559290 -2.618214 11.270056 188 194 180
-3.505515 2.700300 11.612295 113 107 95
-3.514355 6.874297 12.450242 193 187 171
-3.496546 -1.363320 10.977183 197 203 189
-3.504250 5.908173 12.268434 181 185 170
-3.484504 -0.882263 11.013470 176 168 157
-3.451387 3.253914 11.427731 112 106 94
-3.468711 1.486419 11.396478 178 160 150
-3.447814 3.996568 11.702434 185 179 165
-3.542170 -5.302294 11.133697 84 82 67
-3.468745 4.729458 12.080683 174 170 158
-3.430631 -0.181140 11.008561 198 199 185
-3.416322 2.791135 11.437687 194 195 187
-3.522357 -4.631863 11.242111 148 150 139
-3.423117 2.205689 11.466155 190 200 189
-3.421763 -1.952672 10.832407 196 202 188
-3.348403 1.432975 10.741456 182 162 151
-3.477012 -2.782439 11.379938 83 79 68
-3.388102 -1.467185 10.754899 176 166 156
-3.433055 -2.812191 11.129888 163 160 153
-3.356664 -1.405415 10.663869 113 111 98
-3.344346 4.627049 11.661993 115 108 98
-3.327790 -0.717111 10.507468 196 200 186
-3.331178 -0.719130 10.547113 196 200 186
-3.328477 -0.619759 10.652895 207 204 189
-3.292534 1.650048 10.770448 163 141 127
-3.403609 -4.122038 10.925170 172 172 164
-3.300523 -0.205879 10.553653 104 105 91
-3.298232 0.474843 10.676750 200 194 182
-3.298232 0.474843 10.676750 200 194 182
-3.398717 -4.135675 10.919571 173 173 165
-3.278661 2.765223 10.985108 189 197 184
-3.239984 2.017910 10.457503 82 82 70
-3.239984 2.017910 10.457503 82 82 70
-3.256219 7.704790 11.751320 172 176 161
-3.287395 5.335155 11.662270 177 179 165
-3.283337 0.933282 10.766851 86 80 68
-3.372532 -3.457098 10.967204 171 158 150
-3.294521 -1.357314 10.585476 199 205 191
-3.288248 -1.392417 10.517608 170 166 154
-3.266399 4.643019 11.526378 89 89 79
-3.273567 0.326033 10.814709 185 163 152
-3.268119 5.453491 11.816080 175 177 163
-3.264423 1.012938 10.939998 201 205 190
-3.228885 2.072718 10.792055 210 204 188
-3.221157 7.099203 11.787876 96 102 88
-3.230771 3.358225 11.167310 193 183 173
-3.219783 4.026339 11.242278 122 113 98
-3.307775 -3.288747 10.811961 157 158 144
-3.234820 3.526908 11.390698 191 191 179
-2.468101 0.125851 1.032254 122 109 101
-3.184526 3.989811 10.983009 183 182 164
-3.300394 -3.967727 10.660698 101 98 89
-3.300394 -3.967727 10.660698 101 98 89
-3.253682 -2.071958 10.500911 178 165 157
-3.217553 -0.712747 10.373096 195 193 181
-3.186032 3.333660 10.879274 122 122 110
-3.189607 4.039656 11.093763 183 182 164
-3.226520 -1.385635 10.404827 117 113 101
-3.185055 -0.212293 10.255361 206 208 194
-3.209427 0.984473 10.821556 89 100 86
-3.209427 0.984473 10.821556 89 100 86
-3.203654 1.017427 10.759550 195 197 183
-3.139643 2.648947 10.425802 91 81 71
-3.170177 -0.116498 10.284235 201 207 197
-3.271499 -2.754116 10.926841 90 86 75
-3.151767 2.781351 10.742484 189 190 184
-3.129400 3.333985 10.731500 104 106 93
-3.129400 3.333985 10.731500 104 106 93
-3.168114 -0.376259 10.368599 210 208 193
-3.224088 -3.856388 10.356333 85 95 84
-3.240847 -4.049871 10.499111 182 178 167
-3.160500 -0.175750 10.412623 84 86 75
-3.160500 -0.175750 10.412623 84 86 75
-3.164773 0.998498 10.736580 77 79 66
-3.164773 0.998498 10.736580 77 79 66
-3.159273 -1.293120 10.161106 193 206 189
-3.170562 -1.128616 10.408458 187 178 169
-3.166534 -1.347560 10.299399 177 183 169
-3.098237 4.548599 10.867377 141 145 130
-3.115973 1.727193 10.505933 217 226 205
-3.115973 1.727193 10.505933 217 226 205
-3.207612 -3.373848 10.511723 185 176 167
-3.129380 2.250501 10.827505 190 196 186
-3.093350 2.962344 10.563478 202 200 185
-3.206110 -4.622283 10.332114 168 155 147
-3.081630 4.511532 11.020528 177 170 151
-3.112027 -0.203685 10.358321 201 202 188
-3.095031 -0.682103 10.061876 188 194 180
-3.151478 -2.748731 10.370088 188 180 169
-3.016901 6.680034 10.966304 179 183 166
-3.165243 -3.953576 10.350551 88 92 77
-3.081751 1.353934 10.592470 194 180 167
-3.081751 1.353934 10.592470 194 180 167
-3.022167 3.303160 10.364819 92 93 77
-3.044523 1.581579 10.258189 198 204 194
-3.056114 2.153352 10.569317 213 216 197
-3.141807 -3.640258 10.394217 170 163 153
-3.125809 -3.207700 10.342655 180 180 168
-3.083058 -2.019116 10.104902 183 170 161
-3.030816 0.957417 10.227968 197 180 164
-2.550107 0.372785 1.895436 198 204 194
-3.126040 -3.462359 10.479486 169 165 154
-3.088364 -3.712786 9.923882 170 177 169
-3.039078 -1.276644 9.968761 197 203 189
-2.993796 1.510461 10.154803 170 151 137
-2.973111 3.297521 10.353729 198 189 172
-3.024652 -0.190809 10.147973 200 196 184
-3.010087 0.791614 10.229278 206 197 180
-3.015806 -0.039129 10.079061 207 189 177
-3.018942 0.030012 10.168056 201 182 168
-2.932540 6.979432 10.933316 173 175 161
-2.978106 2.810686 10.378240 187 198 184
-3.006611 0.379090 10.130824 177 161 148
-2.998720 0.573290 10.114928 198 192 178
-2.982346 1.796331 10.239290 200 196 184
-3.008429 0.076998 10.149578 216 203 187
-3.089805 -4.422885 10.060863 158 164 150
-3.002903 0.232194 10.139294 193 175 161
-3.000930 -0.666527 9.898508 180 186 172
-2.961304 4.228512 10.749907 186 175 155
-2.997395 0.181383 10.113277 140 124 109
-2.955771 4.135392 10.692308 171 172 156
-2.979340 1.153214 10.271362 146 128 114
-2.967995 1.935249 10.332645 205 202 185
-2.967995 1.935249 10.332645 205 202 185
-2.992240 0.008104 10.129122 144 125 108
-2.933213 4.761120 10.768901 180 186 176
-2.935005 2.981551 10.253967 114 94 85
-2.939801 3.115976 10.371359 120 101 94
-2.929667 3.854362 10.448393 128 110 96
-2.933573 4.470821 10.727448 119 116 99
-2.936969 2.872440 10.321309 138 118 109
-2.937873 2.826854 10.330286 172 178 166
-2.886090 7.171798 10.883253 175 183 172
-2.903326 6.657267 11.006193 176 182 170
-2.922495 3.190818 10.229179 131 113 103
-2.952756 0.894605 10.009855 127 91 79
-3.006944 -1.903747 10.015784 178 181 172
-2.962454 0.788717 10.195541 132 105 94
-2.919716 5.459007 10.975208 168 165 158
-2.914421 2.754453 10.224861 63 56 50
-3.034830 -3.896113 10.155576 56 57 49
-2.936906 1.756127 10.351544 123 106 98
-2.922466 2.035645 10.220150 124 116 105
-2.956156 -0.154507 10.133253 80 77 68
-2.859837 5.735113 10.504006 64 64 52
-2.949027 1.029173 10.437590 90 78 62
-2.877845 5.265433 10.669147 62 63 55
-2.877845 5.265433 10.669147 62 63 55
-2.967196 -1.341808 9.995271 57 52 46
-2.892825 3.375342 10.316759 66 63 56
-2.952467 -1.159638 9.830150 197 191 179
-2.941153 2.132720 10.767252 124 116 105
-3.016846 -3.375036 10.324009 155 152 143
-2.873484 4.651453 10.610983 68 72 58
-2.873484 4.651453 10.610983 68 72 58
-2.945129 -1.639789 9.945127 138 121 114
-2.992385 -3.239539 10.313201 172 177 170
-3.016971 -4.091867 10.446912 139 132 126
-2.911886 0.672637 10.319345 136 117 110
-2.849004 3.422569 10.249889 167 159 146
-2.801475 6.556546 10.833137 134 141 133
-2.885742 1.076671 10.449222 174 171 156
-2.939137 -2.747592 10.371298 137 128 123
-2.957897 -4.600031 10.184540 126 126 116
-2.758794 5.154130 10.610749 166 164 151
-2.817420 -0.807427 10.207190 156 145 141
-2.699815 4.946598 10.928430 160 161 147
-2.776651 -0.690740 10.184494 172 178 168
-2.742907 0.986450 10.631341 141 123 113
-2.710089 0.383343 10.341058 155 149 137
-2.696184 1.110216 10.487482 185 194 177
-2.602745 5.998292 10.944251 135 135 125
-2.735295 -0.704647 10.518434 167 170 161
-2.720308 -3.291844 10.514167 154 157 150
-2.528361 5.997136 11.003135 122 122 114
-2.626817 -0.699433 10.257295 160 166 156
-2.638073 -1.981560 10.004979 160 159 141
-2.554940 0.356827 10.365257 153 144 137
-2.663530 -4.806437 10.566393 145 149 132
-2.453480 3.732416 10.757969 152 145 129
-2.502525 0.056035 10.494289 182 174 163
-2.447085 2.264381 10.756041 165 165 155
-2.567441 -3.866475 9.874154 149 146 141
-2.561055 -4.039391 10.275285 147 144 139
-2.473762 -0.226278 10.341082 136 127 122
-2.472130 -0.563837 10.646759 126 115 111
-2.402536 -0.128111 10.440862 155 155 143
-2.471116 -3.605060 10.324811 134 132 120
-2.483607 0.176342 1.072386 123 103 92
-2.386461 -0.845349 10.489798 142 132 122
-2.156970 7.404698 11.497839 121 122 114
-2.245322 3.794513 10.538699 169 164 145
-2.239448 3.701877 10.641586 164 158 142
-2.221166 3.787292 10.691507 152 149 132
-2.183681 4.585625 10.721561 54 46 35
-2.356144 -2.429543 10.088184 155 157 143
-2.492856 0.142661 0.823755 174 180 170
-2.383631 -3.580389 10.147567 147 144 135
-2.381570 -3.608907 10.217918 147 144 135
-2.348252 -2.366665 10.212601 164 166 152
-2.276404 0.176692 10.713829 160 151 144
-2.211761 2.804695 10.854463 52 48 39
-2.165222 4.689282 10.847610 47 53 41
-2.347252 -2.640170 10.629100 151 157 143
-2.304159 -0.921273 10.458198 149 139 129
-2.129359 5.915311 11.080130 47 40 32
-2.278469 -0.061867 10.787432 162 158 149
-2.336878 -2.320298 10.354939 171 174 163
-2.283333 -0.261445 10.622624 140 129 125
-2.081069 7.597110 11.018188 116 126 117
-2.365412 -3.957446 10.463531 48 49 43
-2.079191 7.501075 11.022014 126 129 120
-2.200278 2.241697 10.937103 46 47 41
-2.200278 2.241697 10.937103 46 47 41
-2.228067 1.044492 10.955307 47 48 42
-2.228067 1.044492 10.955307 47 48 42
-2.085446 6.900605 10.767369 124 126 115
-2.322264 -2.511679 10.255248 78 81 72
-2.190532 2.376811 10.912445 52 45 35
-2.094237 6.230319 10.815952 127 120 110
-2.248734 -0.189306 10.690034 50 52 47
-2.324737 -3.430898 10.567933 33 32 27
-2.146778 3.766758 10.813837 154 150 139
-2.130568 3.901575 11.290822 154 150 139
-2.269396 -1.197619 10.431211 64 64 54
-2.089216 5.816457 10.802196 128 134 124
-2.193511 1.152713 11.135019 165 169 155
-2.040796 7.443217 10.871485 62 65 58
-2.153957 2.847454 10.898656 148 159 151
-2.127177 3.902858 10.764906 139 133 119
-2.127177 3.902858 10.764906 139 133 119
-2.155769 2.561583 10.891528 156 154 141
-2.187503 1.196746 10.964992 174 174 162
-2.155577 2.511695 10.905659 152 150 138
-2.291428 -2.497098 10.063884 160 165 158
-2.174129 2.063823 10.382373 122 108 99
-2.172603 1.649303 10.977527 158 174 163
-2.172603 1.649303 10.977527 158 174 163
-2.286898 -2.462476 10.161735 164 165 159
-2.211768 -0.052103 10.847186 175 166 157
-2.209205 0.008052 10.931931 177 170 162
-2.208094 0.072341 10.812448 171 162 153
-2.159141 2.195388 10.593518 160 162 151
-2.270110 -2.055113 10.252388 173 174 168
-2.337643 -5.002192 10.308320 37 43 31
-2.191426 0.347437 10.877944 158 152 140
-2.240320 -1.306021 10.377096 178 180 169
-2.171525 1.077802 10.834837 161 164 153
-2.236559 -1.321637 10.486647 178 180 169
-2.233076 -1.181633 10.383369 176 179 170
-2.183504 0.235723 10.796496 174 165 156
-2.262248 -3.271935 10.463247 134 142 131
-2.163057 0.202970 10.759072 108 95 87
-2.087347 2.809921 10.930129 54 54 44
-2.292357 -4.973167 10.329111 133 130 123
-2.096093 1.667423 11.393899 59 59 51
-2.147668 -0.723228 10.498574 161 169 158
-2.185986 -3.409769 10.729630 47 48 40
-1.894032 7.581392 11.051744 115 125 114
-2.165562 -3.251495 10.495510 140 146 136
-2.368729 0.072692 1.424075 93 96 89
-1.970291 3.413648 11.118666 136 114 101
-2.053880 0.328876 10.681518 129 112 102
-1.824162 7.577829 11.084066 53 59 49
-1.824162 7.577829 11.084066 53 59 49
-2.061947 -1.277341 10.492038 166 161 155
-1.873885 4.658421 10.932199 129 135 123
-1.725971 7.734296 11.310909 106 109 100
-1.855983 2.650554 10.656539 126 108 98
-1.929265 -0.272080 10.658154 148 134 131
-1.635293 7.765602 11.393370 121 121 111
-1.779552 1.687572 11.417340 155 152 145
-1.717061 0.441638 11.111253 145 153 140
-1.872495 -3.875396 10.504251 123 128 121
-1.794916 -4.460459 10.921104 109 105 102
-1.445338 5.669600 11.053267 123 110 101
-1.501112 2.375770 11.523652 119 112 102
-1.514184 2.374437 11.324741 182 175 165
-1.437660 5.209920 11.121297 128 130 119
-1.571561 -0.358853 11.312435 159 135 123
-1.571561 -0.358853 11.312435 159 135 123
-1.431241 4.122449 11.469563 42 43 29
-1.466696 3.388429 11.282104 123 101 90
-1.565333 -0.104965 11.191388 99 92 84
-1.366373 6.751060 11.186136 50 46 35
-1.379035 6.319195 11.128074 53 43 34
-1.431547 5.043478 10.867672 42 39 30
-1.327189 6.053957 11.727257 47 45 33
-1.376737 5.479087 11.196552 47 38 29
-1.418500 3.370683 11.401322 123 100 92
-1.492898 0.453119 11.395041 81 84 77
-1.400527 4.013771 11.250586 46 46 34
-1.297343 6.967083 11.415435 119 116 107
-1.354306 5.432108 11.182326 132 119 110
-1.271015 7.592948 11.385138 50 48 36
-1.408514 2.223099 11.561756 47 43 34
-1.328150 5.725332 11.303027 146 136 126
-1.426913 0.885045 11.673737 142 129 120
-1.367788 4.123792 11.056277 146 136 127
-1.368864 1.667670 11.842245 46 39 31
-2.470040 0.127862 0.984318 122 109 101
-1.407192 0.532485 11.587836 53 50 45
-1.645376 -3.918835 10.272656 107 97 95
-1.363672 2.226700 11.369001 152 164 152
-1.467847 -0.841601 11.144342 29 29 19
-1.462984 -0.791119 11.127009 35 32 23
-1.339405 1.712130 11.646118 135 135 125
-1.370674 0.501721 11.641672 175 172 167
-1.513425 -1.940431 10.872887 142 133 126
-1.565915 -2.747967 10.539898 111 101 91
-1.538989 -2.592056 10.489144 137 143 133
-1.388900 -0.445574 11.338786 183 175 164
-1.324095 1.019815 11.513421 151 162 148
-1.293130 2.208456 11.453495 53 46 36
-1.404565 -0.819591 11.224407 177 177 167
-1.367702 -0.956330 11.592937 128 113 108
-1.494094 -2.681096 10.703184 31 39 28
-1.430977 -1.405337 10.831400 155 155 143
-1.430977 -1.405337 10.831400 155 155 143
-1.451187 -1.955015 10.647194 151 161 150
-1.287085 -0.272638 11.447025 60 51 42
-1.500140 -4.134613 10.490410 126 119 111
-1.488572 -4.264880 10.610516 117 109 106
-1.391227 -1.937061 10.806295 107 103 94
-1.461342 -4.518891 10.671641 114 124 116
-1.339061 -3.620741 11.077356 117 116 114
-0.927099 7.674998 11.614866 112 108 99
-1.176148 -1.990436 10.925316 139 145 135
-0.832520 5.912813 11.600257 120 127 119
-0.812214 6.435012 11.524015 122 128 116
-1.221289 -3.254018 10.704427 121 124 115
-0.770676 7.493635 11.435455 106 105 100
-0.750639 7.376807 11.320018 45 47 36
-0.987013 -2.066998 11.159593 129 135 125
-0.580462 7.437889 11.516908 51 47 38
-0.576252 6.979525 11.610519 42 42 30
-0.604592 5.870322 11.629732 126 129 122
-0.619940 6.237920 11.316035 121 118 109
-0.669615 4.979806 11.202025 115 101 90
-0.643719 4.595689 11.416081 132 138 128
-0.506548 7.401741 11.563367 121 117 108
-0.605359 2.279447 11.966408 134 142 131
-0.580838 5.687561 11.388092 45 41 30
-0.642788 0.903146 11.996332 106 94 80
-0.676779 4.874373 10.920369 30 30 20
-0.477675 7.043580 11.712186 124 121 112
-0.590541 4.620016 11.489184 31 37 25
-0.764161 -1.510998 11.561810 133 136 127
-0.517904 6.196671 11.472771 125 118 112
-0.601431 3.400040 11.455521 45 43 31
-0.563047 2.252932 11.923318 29 37 26
-0.716459 -0.955306 11.568666 103 83 76
-0.568901 3.827736 11.435026 141 137 125
-0.481041 4.709960 11.747662 132 138 124
-0.535803 5.581541 11.152010 123 120 111
-0.510771 2.557133 11.913706 148 141 131
-0.503277 3.465206 11.722803 142 148 138
-0.520567 2.272808 11.841502 146 146 136
-0.442065 6.220138 11.497783 113 100 91
-0.449452 2.298474 12.242599 148 151 142
-0.459912 1.649472 12.146865 147 152 145
-0.556580 -0.233646 11.924459 130 131 125
-0.464886 1.054943 12.129295 158 162 148
-0.657469 -1.387529 11.388872 135 131 128
-2.468788 0.209067 0.906104 103 93 84
-0.752072 -2.303957 10.986410 124 111 103
-0.428678 4.457903 11.462634 109 91 81
-0.754024 -2.346502 10.912447 122 109 101
-0.572927 -0.945934 11.671809 47 40 34
-0.711842 -2.113219 11.066419 36 36 28
-0.770882 -3.470592 10.972681 123 121 109
-0.815867 -3.659647 10.723785 128 126 114
-0.268834 3.020121 12.506260 147 151 136
-0.753860 -3.875780 11.043324 106 101 95
-0.452307 4.348549 11.108525 33 26 20
-0.764633 -2.487875 10.622664 55 50 44
-0.572396 -1.464607 11.478192 168 170 159
-0.542490 -1.409372 11.627705 157 150 144
-0.744541 -3.686133 10.887643 33 35 22
-0.517739 -0.997746 11.656503 135 128 122
-0.485699 -0.918999 11.799391 138 141 132
-0.345972 3.209661 11.720149 143 121 107
-0.349185 3.209576 11.701863 143 121 107
-0.695437 -2.650254 10.888044 133 136 127
-0.606054 -2.129737 11.247746 103 109 99
-0.709056 -3.430723 10.882862 151 153 142
-0.179069 7.643868 11.684700 51 46 40
-0.179069 7.643868 11.684700 51 46 40
-0.598264 -2.082284 11.218169 123 133 122
-0.708245 -3.322071 10.825977 86 87 79
-0.303358 0.255334 12.334219 113 100 91
-0.705269 -3.843889 10.899844 150 153 142
-0.537069 -1.591620 11.388254 110 99 95
-0.168792 7.573517 11.521770 107 103 94
-0.779208 -4.989646 10.597582 20 17 12
-0.707087 -3.827139 10.720610 117 123 113
-0.119904 7.461384 11.727631 60 53 43
-0.374883 -1.010178 11.864532 125 110 107
-0.222658 3.314446 11.867033 144 122 108
-0.718308 -4.641773 10.716382 113 110 103
-0.219032 1.541023 12.179319 132 120 108
-0.694432 -5.060371 10.809042 107 108 100
-0.708341 -5.082592 10.667198 99 101 98
-0.436669 -2.209560 11.501670 36 33 26
-0.573487 -3.263730 10.755170 41 47 37
-0.270067 -0.867616 11.783318 144 150 136
-0.162268 -1.066798 12.223891 120 104 104
-0.383262 -2.234267 11.227097 108 97 93
-0.174365 -1.735966 11.971387 111 104 98
-0.279961 -1.648936 11.424515 126 119 113
-0.074854 -1.067262 12.152675 123 109 108
0.143395 6.156908 11.705824 117 97 86
0.128665 1.533392 12.362700 126 109 99
-2.375532 0.229566 1.109844 113 119 109
0.236202 6.850694 11.876711 41 37 26
0.288635 6.849309 12.051969 45 41 32
0.264130 6.380971 11.987968 37 27 26
0.264130 6.380971 11.987968 37 27 26
0.088409 4.933556 11.414014 38 31 21
0.088409 4.933556 11.414014 38 31 21
-0.290424 -3.311785 11.038177 106 113 106
-0.406994 -5.236700 10.762106 90 88 76
0.190290 6.445844 11.496675 112 108 96
0.179101 4.474215 11.736227 36 37 29
0.382174 7.634913 12.117081 114 117 108
0.194672 5.515325 11.621410 130 115 108
0.059234 0.214915 11.883484 116 96 85
0.167009 5.091746 11.545775 125 115 105
0.306417 6.765472 11.881022 118 116 104
0.237942 5.279618 11.772448 126 112 99
0.332977 7.323559 11.710755 48 48 38
-0.245119 -4.593171 11.069124 94 100 96
-0.189223 -3.299182 11.036528 108 118 110
0.159639 -0.420815 12.056498 111 88 80
-0.033534 -2.267415 11.514155 111 113 108
0.570617 7.859325 12.413872 107 108 102
0.272086 0.761117 12.281594 135 121 112
0.211273 -0.546353 12.162015 114 95 88
0.303816 1.600018 12.206381 140 150 141
0.349974 0.211904 12.562788 117 99 89
0.065692 -1.667664 11.646324 104 96 93
0.377077 2.117760 12.351842 143 143 131
0.267920 0.291058 12.124963 30 33 22
-0.288166 -4.507529 10.478125 58 54 43
-0.234109 -4.616570 10.707432 58 54 43
0.247273 -0.916057 12.108323 11 12 6
0.247273 -0.916057 12.108323 11 12 6
0.345161 2.122438 12.034054 31 33 22
0.345161 2.122438 12.034054 31 33 22
0.307120 0.365430 12.142934 147 149 136
0.319824 0.487417 12.172452 147 143 134
0.224236 -0.742554 11.962765 32 25 19
0.153567 -1.682321 11.796634 108 100 97
0.351941 0.604061 12.263284 146 148 137
-0.173972 -4.980319 10.942806 49 42 36
0.178442 -2.193989 11.706838 21 24 17
0.404300 0.810343 12.113005 134 120 111
0.207617 -1.655228 11.691013 149 152 145
0.210311 -1.530723 11.667954 129 137 126
-0.064543 -4.579793 10.933780 9 6 1
0.682331 7.410986 12.040465 40 36 25
0.288296 -1.723492 11.813942 109 116 108
0.078233 -3.265566 11.178173 62 65 58
0.209090 -2.276823 11.496737 107 102 99
0.539829 2.058433 12.116985 135 127 116
0.149645 -2.931086 11.322397 132 133 127
0.130669 -2.734480 11.195809 99 109 100
0.366939 -1.622397 11.933626 27 27 19
0.086101 -3.294444 11.088652 117 127 118
0.143254 -3.218576 11.289042 119 118 113
0.668917 6.557660 11.703834 101 90 84
0.105755 -4.004151 11.139152 13 16 7
0.523456 -0.356122 12.178634 27 27 17
0.859479 7.463298 12.192380 58 51 43
0.347517 -1.974308 11.664145 111 124 115
0.093199 -4.275870 10.933028 103 100 93
0.338651 -1.854728 11.474665 139 154 149
0.069778 -5.297423 10.975640 61 58 53
0.515321 -0.454677 11.878848 126 109 102
0.247590 -2.798803 11.219940 27 22 16
0.561074 0.161699 11.914543 108 90 78
1.023123 5.968746 12.750243 114 104 94
0.926971 8.442285 12.002696 60 66 64
0.291751 -3.334815 11.211507 102 109 101
0.435289 -2.118970 11.467495 108 109 104
1.018310 7.231794 12.180050 57 48 41
0.916461 4.501743 12.055881 124 132 121
0.748660 -0.254738 12.085857 128 128 116
0.971185 5.596712 11.980623 36 32 23
0.845605 4.830804 11.638900 37 37 29
1.126431 6.960536 12.323467 119 122 115
0.912348 2.577971 12.077394 117 99 87
0.707190 -1.685819 11.934076 112 99 91
1.039559 4.626521 12.167071 136 133 124
0.516987 -2.758648 11.396158 96 103 95
0.844119 2.014178 11.803415 34 35 27
0.337831 -4.453384 10.963788 88 95 87
1.193898 2.278343 12.930412 125 126 118
0.310601 -4.387484 10.833495 82 89 81
0.807510 3.555937 11.381035 115 117 104
1.029757 3.609369 12.099081 124 120 117
1.273750 4.015777 12.842591 115 117 104
1.023926 2.144486 12.187097 143 146 139
0.766393 -2.175585 11.922499 112 111 106
0.380142 -4.647672 10.964390 100 93 83
0.962785 2.533777 11.907223 122 122 114
0.962785 2.533777 11.907223 122 122 114
1.078130 2.262980 12.330366 141 138 129
1.001023 1.439784 12.167353 30 36 26
0.929314 0.855063 12.003398 28 29 21
0.931203 -0.106781 11.990458 137 129 118
1.065792 0.222780 12.323548 22 23 15
1.064751 0.906741 12.217738 139 145 135
0.964346 -0.276030 11.986922 88 98 90
1.042548 1.410936 11.982305 32 32 24
1.530047 7.627594 12.615754 118 126 115
1.031046 -0.329315 12.075112 129 139 131
1.696597 7.929857 13.094149 118 126 115
1.075243 -0.430299 12.132613 101 84 77
1.097583 0.059295 12.120681 101 89 77
1.505652 7.406550 12.375886 43 46 37
1.637951 7.681745 12.728637 46 51 44
1.008527 -0.952967 11.893748 115 120 113
0.604285 -3.277163 10.890829 21 21 13
0.813366 -2.302660 11.403426 96 99 92
1.424546 5.650068 12.254512 113 106 98
0.872580 -2.825531 11.666295 86 96 87
1.477568 7.721182 12.117606 108 111 104
1.087983 -1.589682 12.109136 123 126 117
0.796039 -2.585876 11.325236 101 107 97
0.872453 -2.947873 11.580134 92 87 81
1.516582 7.305336 12.159797 110 117 109
0.969256 -2.304025 11.639333 115 115 107
0.744960 -4.441682 11.226431 95 90 84
0.744960 -4.441682 11.226431 95 90 84
0.760478 -4.649296 11.261167 15 14 9
1.447369 5.419084 12.002617 115 99 86
0.925670 -2.099682 11.400626 102 108 98
1.638224 6.295969 12.446504 121 118 111
0.938807 -2.747462 11.512408 104 116 106
1.539059 4.464838 12.298752 113 120 113
0.953181 -3.466599 11.508636 23 24 16
0.814493 -4.673148 11.165426 83 78 74
0.627256 -5.726966 10.748049 61 56 50
1.836268 5.778491 12.818859 109 95 84
1.831346 6.782889 12.591193 106 96 87
1.815674 6.328469 12.566212 123 126 115
1.485256 0.775447 12.302078 103 90 82
1.336592 1.918260 11.695659 18 20 7
1.336592 1.918260 11.695659 18 20 7
1.461929 3.622790 11.763246 36 29 21
1.870976 6.389231 12.591808 68 59 50
1.769486 6.464746 12.261315 52 39 30
1.532967 4.747027 11.764890 38 31 25
1.532967 4.747027 11.764890 38 31 25
1.558135 3.716169 11.900510 122 132 124
1.720052 5.381030 12.147367 121 121 111
1.915777 6.727355 12.533712 114 107 97
1.764939 5.347199 12.258929 128 124 112
1.772390 5.547143 12.249864 124 130 118
0.901598 -4.504491 11.030864 11 13 8
1.772829 4.375479 12.354516 27 22 16
1.059732 -3.324475 11.293392 84 89 83
1.665477 2.655965 12.240102 125 128 119
2.152017 7.681849 12.973908 111 117 107
1.557743 3.625390 11.765288 25 25 15
1.684450 3.765036 12.089774 16 18 7
1.425330 2.425462 11.460344 31 31 23
1.425330 2.425462 11.460344 31 31 23
1.782784 4.277412 12.219278 123 116 108
2.089477 8.132477 12.591510 114 117 110
1.570573 2.935882 11.745517 41 29 17
1.742708 3.760315 12.071218 115 118 109
1.764218 3.164948 12.137533 116 128 114
1.707960 3.003592 11.965654 105 96 87
1.557556 1.816899 11.664533 125 125 117
1.459313 0.739394 11.478356 30 25 19
1.445251 -2.837059 11.855496 85 95 87
1.289497 1.192572 10.898071 100 94 82
1.614452 0.778903 11.733438 127 131 130
1.663522 0.601898 11.876247 120 123 116
1.646635 -1.011753 11.965970 32 29 22
2.700099 7.424810 13.730345 105 113 102
-2.447099 0.147691 1.012130 114 117 108
1.502644 -1.651057 11.613004 93 78 73
1.667949 -0.638678 11.862570 127 127 119
1.583635 -0.930087 11.644745 119 120 112
8.478466 15.377483 27.863369 105 113 102
1.660013 -1.740340 11.873487 26 15 9
1.720792 -2.161240 11.868789 111 110 105
1.776711 -1.710998 11.893151 100 81 77
2.355993 7.108555 12.322823 121 127 117
2.153280 6.311947 11.864827 106 112 102
1.729487 -3.415626 11.918447 29 28 23
2.556241 7.283726 12.723177 43 46 37
1.839858 -3.050956 12.093921 102 101 96
2.487104 6.702446 12.540908 46 49 38
2.016841 -1.711663 12.314616 20 17 10
-2.393638 0.150246 1.086486 142 148 136
2.650228 7.274744 12.808868 118 119 111
2.340130 5.383829 12.203038 129 130 124
2.212632 4.195986 11.979949 119 121 110
2.600500 6.707902 12.650321 100 103 94
1.815315 -2.178239 11.696280 93 96 87
1.980285 2.314303 11.561090 107 101 89
1.742931 -4.286935 11.758928 78 69 64
1.509140 -4.440737 11.181508 65 64 59
2.594870 7.639025 12.414182 117 115 102
2.425834 5.349322 12.258902 39 39 31
2.425834 5.349322 12.258902 39 39 31
2.457023 5.713891 12.289568 57 46 42
2.537684 4.822585 12.587470 55 46 37
-1.619579 1.251402 2.782102 38 35 26
1.992210 -2.877041 12.104094 82 89 81
2.491542 5.825410 12.286826 102 92 83
1.609555 -5.936376 11.519552 5 1 0
2.080735 2.949295 11.591695 110 113 104
1.519250 -5.360291 11.215163 78 74 62
2.267565 3.540072 11.946450 27 24 17
1.444105 -5.546155 10.990838 66 64 51
2.057792 -2.374039 12.047591 79 70 61
2.404126 3.638557 12.124012 113 116 109
2.074490 -2.294859 12.020984 13 15 4
2.061286 1.167822 11.547953 104 101 92
2.168972 2.282379 11.678594 42 40 28
2.234641 0.767712 12.009434 121 123 112
-2.003247 0.324804 1.910055 33 26 18
2.051978 0.092054 11.639547 99 89 80
1.906442 1.726147 11.099973 24 25 17
2.603753 3.693694 12.472537 23 19 10
-2.424220 0.169382 0.967812 117 113 101
2.820909 8.041659 12.471378 139 142 135
2.820909 8.041659 12.471378 139 142 135
2.272057 1.868099 11.785297 122 119 112
2.237044 1.180177 11.687199 129 132 115
2.174010 0.749636 11.579492 121 129 118
3.173176 8.330791 13.050193 60 67 60
2.125066 0.843647 11.431190 142 148 136
2.932007 5.989161 12.724412 106 101 97
2.290183 -2.261605 12.171241 88 94 84
2.293689 -0.451237 11.901796 20 17 12
3.081507 7.244060 12.842941 40 46 36
2.173379 -1.537159 11.639122 89 89 81
2.278610 -0.378941 11.707851 104 110 100
2.320810 -1.059199 11.869811 35 28 22
3.317883 7.384177 13.121228 120 126 116
2.394888 -1.554575 11.998619 26 21 15
2.519233 -2.443283 12.345880 84 76 73
2.422523 -1.141963 11.959799 134 130 119
2.240599 -3.559775 11.805746 71 64 58
2.467022 -1.355035 12.035245 116 107 98
2.412528 -1.568695 11.929001 98 95 88
2.559666 -2.550226 12.253127 26 23 14
2.656108 -2.695871 12.449713 35 28 18
2.778690 4.963712 11.799262 36 33 24
2.380046 -3.981926 11.917141 20 15 9
2.645083 -2.702706 12.340438 86 79 69
2.343333 -2.752134 11.687841 87 90 81
3.421556 6.226287 13.028507 81 71 62
2.507288 -1.736112 11.896485 83 76 66
3.143130 4.160807 12.600075 101 93 82
3.460812 4.997749 13.163898 29 24 18
3.737412 5.842100 13.671601 112 113 105
3.559950 5.235578 13.345542 33 33 23
3.822310 5.812812 13.841439 112 112 102
3.524516 6.192545 13.090623 112 113 105
3.602888 6.269661 13.249847 112 113 105
2.984681 3.452523 12.152313 97 84 78
-2.356500 0.118526 1.115736 48 31 23
3.362130 4.319574 12.866173 121 124 113
3.362130 4.319574 12.866173 121 124 113
3.247828 4.132807 12.622540 103 101 89
3.416680 3.916284 12.952892 111 102 93
2.325026 -4.671895 11.567245 61 52 45
2.640119 1.561829 11.362594 33 26 18
2.585824 0.606799 11.228698 25 22 15
2.723566 1.222800 11.428711 132 132 122
2.946121 1.142898 11.856995 94 84 75
3.712086 6.763724 12.597633 102 99 92
-2.184472 0.130423 1.475086 108 105 98
4.176954 7.233354 13.289154 115 118 111
4.061681 7.000367 13.071660 98 98 90
2.680236 -3.837175 11.454791 58 55 48
3.447687 -1.831013 12.706296 94 87 77
3.848731 5.562782 12.714222 129 122 112
3.903802 6.833050 12.666351 46 49 40
4.574531 7.689631 13.882807 53 54 48
4.579266 5.880040 14.060218 116 122 110
4.651642 5.227767 14.256206 92 82 72
4.549716 6.219256 13.902921 46 43 34
5.137292 6.731018 14.826989 44 44 36
4.725204 4.767081 14.230380 45 35 25
3.485462 -0.472683 12.309237 90 93 84
4.499330 4.519669 13.723104 117 114 105
5.152632 5.416791 14.782654 20 20 10
4.266442 3.571963 13.227854 111 98 90
4.266442 3.571963 13.227854 111 98 90
3.043750 0.997334 11.173144 98 88 78
4.160048 3.206942 13.043915 117 111 99
3.740999 2.774898 12.287492 97 82 75
3.659467 1.093294 12.255468 98 90 79
3.729464 2.228758 12.237179 92 94 80
3.564022 1.022320 11.972420 34 26 15
3.564022 1.022320 11.972420 34 26 15
3.611614 1.095510 12.004082 103 100 93
3.611614 1.095510 12.004082 103 100 93
3.468738 0.650697 11.741245 113 115 104
3.952738 -0.210455 12.558468 99 86 78
4.472939 5.724509 12.891575 41 38 31
5.480551 6.508890 14.512296 118 119 113
4.689428 5.258236 13.163156 34 31 24
4.263681 -1.277148 13.048188 86 76 67
4.773405 5.853197 13.207238 38 35 28
4.773405 5.853197 13.207238 38 35 28
3.810013 -3.577401 12.460451 7 4 0
5.498086 6.557808 14.426925 46 48 37
4.237342 -1.747143 12.968473 75 75 67
5.023896 4.254877 13.711016 89 78 72
5.037898 5.968328 13.535175 37 37 29
4.246581 -1.862330 12.933863 80 73 65
6.167147 4.725449 15.452916 104 91 85
6.281961 4.953666 15.598366 113 118 112
5.060251 4.185977 13.433694 25 30 23
5.676229 2.635784 14.637638 21 21 11
1.965696 0.955361 8.340645 113 109 97
1.341295 0.847376 7.289386 117 113 101
4.962753 0.920215 13.497492 130 119 113
5.483056 7.171859 13.737463 108 113 106
4.916130 1.332667 13.298940 50 46 34
8.340180 2.148419 18.922792 117 113 101
5.531230 1.453983 14.232957 113 109 97
5.195709 1.300299 13.668595 103 105 94
6.523291 7.275476 15.205725 112 117 111
5.457147 6.357382 13.452644 24 25 19
5.173850 -0.662296 13.675063 24 21 16
6.368817 7.658887 14.801533 112 119 111
4.317169 -3.512384 12.424982 8 8 0
4.317169 -3.512384 12.424982 8 8 0
6.063784 7.327907 14.196817 103 113 104
5.604174 5.270936 13.549353 24 21 12
4.510855 8.254073 11.470797 109 134 130
4.510855 8.254073 11.470797 109 134 130
5.367607 -1.959880 13.850536 17 16 11
7.144485 5.046370 15.958131 54 50 41
9.611729 4.446054 19.918941 102 103 98
7.448866 2.765904 16.542885 94 87 79
7.211637 3.502578 16.056477 22 17 14
7.935265 5.739102 16.964228 106 100 86
6.974865 2.093449 15.688515 100 103 96
8.935558 4.655319 18.507080 111 103 90
6.160285 1.857329 14.335382 26 27 19
10.187058 10.085584 19.719479 113 123 114
-2.494950 0.163334 0.860449 86 76 67
-4.664366 1.062274 5.141457 172 175 156
-3.678635 -0.369617 4.150108 153 159 149
-4.069040 0.052060 6.216451 162 143 129
-6.471412 9.687775 15.918538 142 163 144
-6.082037 9.684859 15.002316 133 154 135
-6.001539 -2.275269 14.454460 200 195 176
-5.956511 9.697074 14.694232 143 164 145
-5.871851 9.693556 14.481415 138 159 140
-5.797812 9.692983 14.303393 145 168 148
-6.175127 -5.981658 17.145277 174 170 158
-6.554604 3.881263 19.759396 199 192 166
-5.815996 -5.293351 16.415751 172 164 153
-5.835855 -0.063616 17.252687 197 194 175
-5.719146 -0.066682 17.134977 203 200 181
-3.486252 1.465301 4.429893 41 31 21
-5.419223 -2.935937 15.631986 173 170 151
-5.250788 -3.804698 15.265121 95 90 71
-5.442275 3.874010 16.854853 191 195 172
-5.429127 3.169054 16.803946 117 110 92
-5.902102 5.398759 20.307707 194 193 173
-3.991229 -3.346365 12.161441 167 168 154
-3.341909 -2.691639 10.746327 157 165 150
-3.316809 0.446491 11.124631 187 193 179
-4.149410 -4.285418 16.306833 133 136 127
-3.247549 0.928468 10.934044 211 199 185
-3.204407 -2.825504 10.024485 178 168 156
-3.203482 -1.684040 10.381048 197 194 177
-3.167001 -4.094083 9.975805 170 160 148
-3.016692 0.933796 10.325224 196 184 170
-3.047621 -2.518038 10.091677 191 199 186
-3.043053 -3.455846 9.839151 52 54 41
-2.933972 4.801908 10.621835 179 171 160
-2.967074 0.709758 10.221718 131 121 109
-2.951038 1.902216 10.322550 128 122 106
-2.946377 1.958884 10.300839 142 132 120
-3.076527 2.674561 9.946775 59 57 42
-2.954011 -0.086565 10.123704 180 181 165
-3.001706 -4.383287 9.725336 140 132 121
-2.902223 -1.050051 10.098204 219 213 201
-2.812252 0.799514 10.142655 159 166 148
-2.764652 4.078225 10.593927 146 146 138
-2.835410 -2.021123 10.046795 177 180 159
-2.749308 3.366960 10.516979 139 124 117
-2.644388 3.821579 10.602530 130 125 106
-3.431576 -0.559356 4.871184 136 123 114
-2.538989 1.301914 10.517158 176 175 154
-2.607631 -4.014809 9.955509 160 151 146
-2.594142 -3.711584 9.994951 141 138 131
-2.361250 2.149740 10.637371 145 135 126
-2.393742 -0.822294 10.371834 145 136 127
-2.224653 1.297678 10.748215 98 104 90
-2.103142 5.321861 11.036330 137 143 131
-2.217958 -0.834488 10.459395 177 171 159
-2.190958 -6.052175 16.609127 157 165 150
-2.141913 -0.779219 10.498192 54 51 44
-2.065104 -1.270121 10.442576 167 164 159
-2.040017 -1.448835 10.435425 126 115 109
-1.909256 -2.583963 10.436266 132 132 124
-1.658789 5.168474 11.128877 126 108 98
-1.925839 -4.644686 10.183432 127 116 110
-1.860990 -3.050817 10.514669 136 125 119
-1.692355 3.306549 10.911839 135 118 108
-1.762213 -2.580160 10.466229 144 144 136
-1.481783 0.378156 10.901155 52 49 42
-1.559702 -1.722464 10.516012 128 126 113
-1.569182 -0.759357 10.279489 164 167 156
-1.532781 -2.064414 10.400175 172 168 159
-1.531505 -2.066463 10.403389 172 168 159
-1.343711 -5.115723 10.428049 29 29 21
-0.408015 3.693189 15.246524 135 118 108
-1.201286 -4.413242 10.515535 112 108 105
-0.869686 2.045155 11.219534 135 122 114
-0.547481 7.240822 11.934693 119 123 109
-0.954771 -2.778105 10.762372 114 100 97
-0.964675 -3.406510 10.766401 110 107 100
-0.427480 7.799654 11.949316 124 130 116
-0.952359 0.624196 11.497656 184 180 169
2.566847 -0.821007 29.243876 139 130 125
-0.377811 3.171348 11.561753 156 134 120
5.255214 23.773476 35.134819 64 62 50
-0.455374 -1.446139 11.128767 138 141 132
-0.190125 -3.507329 11.083958 94 94 84
4.375733 4.901388 27.903738 165 162 147
0.121828 -2.087330 11.307145 133 140 133
-0.004508 -4.540079 11.053118 83 88 82
0.436237 -2.105372 11.442586 110 116 106
0.281069 -4.986012 11.109536 90 81 76
0.855757 -0.363671 11.864160 33 30 21
0.948285 -3.225360 11.585052 99 100 94
1.150839 -0.945125 11.935143 124 125 119
0.784523 -6.018935 11.248037 60 57 52
1.065056 -3.470337 11.695592 96 101 94
0.892233 -5.990990 11.401579 11 12 6
1.069695 -4.739500 11.545016 16 17 11
1.721634 -2.270876 11.969737 27 28 20
-9.141191 -3.500927 25.230629 234 223 205
-9.592318 -0.036545 27.089874 208 197 177
-10.736242 10.583886 31.671570 186 202 176
-9.658769 2.166133 27.569366 203 186 170
-10.440690 10.525100 30.822260 183 195 171
-7.876074 -9.270209 21.084560 171 174 165
-8.777245 -0.622947 24.882246 221 217 192
-8.049053 -4.786987 22.309135 205 187 173
-7.561778 -8.927417 20.409052 173 176 167
-8.324069 -1.922035 23.569828 211 215 192
-7.874535 0.243344 22.650085 216 210 188
-6.829944 -8.668057 18.500591 88 88 78
-7.440598 -1.879079 21.310947 196 180 164
-7.039193 -6.562150 19.550642 178 176 163
-7.047013 -3.638130 19.907885 211 202 185
-7.146604 -2.298054 20.370710 218 217 199
-11.410542 4.734821 38.783092 126 115 95
-7.040462 -3.773267 19.906466 196 183 167
-6.879530 -3.648659 19.469954 114 105 90
-6.810397 -4.451037 19.170622 223 211 197
-7.111941 0.022156 20.621096 152 136 120
-6.816227 -3.572710 19.312860 195 188 172
-7.276809 2.369023 21.559660 114 105 88
-6.604038 -6.863536 18.356579 102 103 89
-6.316997 -3.995402 18.025652 135 138 117
-6.729767 3.869453 20.306259 201 196 176
-6.228833 -3.536124 17.909500 179 163 150
-6.313214 -1.534153 18.526766 123 111 95
-6.722875 10.029039 21.133465 196 213 194
-5.866161 -5.377714 16.647377 172 170 157
-6.306677 9.955166 20.046783 206 221 202
-6.030115 3.193139 18.400026 104 99 80
-5.819157 1.951446 17.530407 139 132 114
-5.718343 -0.069089 17.088593 204 203 183
-5.517704 -5.869016 15.776086 85 87 76
-5.416337 -6.470781 15.356264 76 79 70
-5.396597 -3.302389 15.748652 165 151 140
-5.247663 -5.609632 14.954673 142 139 130
-5.222366 -3.856606 15.044010 174 168 156
-2.870580 0.620530 2.745618 112 106 94
-5.162314 9.824063 16.097662 196 213 195
-5.113122 -0.650252 15.355039 180 162 150
-5.280223 7.190699 17.029848 114 117 100
-5.002592 -0.525995 15.135638 195 196 180
-4.853115 -4.824673 14.028951 132 135 124
-4.773593 -0.463872 14.378343 199 203 188
-4.681751 7.828915 15.556425 117 122 102
-4.324195 -0.983979 13.300733 186 203 187
-4.050838 -1.589684 12.468702 98 92 78
-4.137815 7.916720 14.165391 173 176 157
-3.999968 -3.373222 12.230675 171 169 156
-3.916135 -5.265985 11.693945 94 91 72
-3.929175 2.788017 12.766644 138 135 120
-3.925595 -4.597287 11.897149 149 142 134
-3.906422 2.178584 12.658237 129 126 109
-3.883896 -4.566945 11.767643 140 136 124
-3.694980 -1.557892 11.709570 168 154 143
-3.422182 -1.563399 10.178643 182 186 169
-3.592150 2.430384 11.872165 198 189 174
-3.346673 1.591995 12.504361 147 125 112
-3.275659 3.391813 11.276191 61 61 49
-7.446240 -19.966969 61.131824 95 97 83
-3.262709 -2.689791 10.400155 175 165 153
-3.127748 -1.328977 10.347954 198 206 191
-3.123896 -1.390129 10.355714 102 104 90
-3.075963 -1.422948 10.015629 199 197 182
-3.081676 -3.081778 9.879607 167 169 156
-3.023280 -0.042177 10.197172 219 200 186
-3.018388 0.149026 10.219372 204 181 167
-3.065983 -4.253692 9.705457 152 155 144
-3.056870 -3.976855 9.729465 126 124 111
-2.942085 3.309465 10.476530 127 108 93
-2.978358 0.834853 10.267249 131 94 78
-2.952432 2.455221 10.386137 106 97 90
-2.980087 0.086880 10.198827 140 137 122
-2.984601 -0.668260 10.122676 166 176 165
-2.898184 5.026311 10.628437 89 83 71
-2.930612 5.458531 10.921266 43 51 38
-2.956226 0.481385 10.253453 153 153 143
-2.958385 -0.787550 10.108907 150 143 137
-2.907183 2.206352 10.404015 57 50 40
-2.851284 5.324057 10.706711 136 146 138
-2.784808 5.067385 10.665372 174 172 157
-2.751539 3.370089 10.512773 135 121 112
-2.843811 -3.688506 9.873332 150 158 147
-2.734093 2.260598 10.451038 70 63 53
-2.770206 -3.308708 9.911980 138 136 124
-2.724046 -1.305844 10.197425 163 169 157
-2.577633 4.083927 10.679641 141 143 132
-2.723668 -3.679173 9.889372 133 133 125
-2.492855 4.865620 10.773134 164 162 147
-2.628972 -3.897389 9.920389 143 138 134
-2.628972 -3.897389 9.920389 143 138 134
-2.617640 -3.831701 9.946463 119 114 108
-2.506479 0.226138 10.476321 103 93 83
-2.502302 0.055837 10.418680 186 182 170
-2.505068 -2.414993 10.131295 122 131 110
-2.329316 4.679934 10.770261 132 136 122
-2.423514 0.366749 10.537268 129 125 114
-2.480465 -2.619292 10.090170 134 127 119
-2.321935 3.357860 10.710015 113 103 93
-2.457814 -3.885132 10.005071 122 119 114
-2.231853 5.253109 10.847157 94 99 92
-2.265791 2.728314 10.729662 125 98 89
-2.221687 -1.398714 19.497856 74 75 61
-2.171870 5.917511 11.028895 124 126 115
-2.375360 -3.353383 10.068123 148 148 138
-2.133727 5.932951 11.030215 33 36 25
-2.339802 -2.336705 10.192914 160 167 151
-2.321979 1.408314 3.600871 17 18 10
-2.184924 3.427575 10.816114 55 55 45
-2.220489 1.596700 10.779880 36 42 32
-2.125141 4.870510 10.965069 116 119 110
-2.109732 5.302913 11.010362 129 140 126
-2.300097 -2.518970 10.151279 165 173 162
-2.156042 2.828961 10.831465 146 162 149
-2.133235 3.647379 10.846685 142 138 126
-2.158954 2.637435 10.789298 158 162 148
-2.248808 -0.868827 10.514294 50 49 44
-2.279695 -2.299585 10.273349 165 172 164
-2.179808 1.497447 10.718211 163 163 151
-2.218637 -0.079594 10.575804 183 179 167
-2.216543 -0.140284 10.586344 161 163 152
-2.222928 -1.021143 10.460535 166 166 158
-2.220709 -0.953403 10.456919 162 165 154
-2.279795 -4.472196 10.067414 89 90 84
-2.248104 -3.350062 10.123694 106 99 91
-2.138219 0.394237 10.684813 52 43 36
-2.070785 2.215433 10.769867 163 169 157
-2.229904 -3.739747 10.115294 141 149 138
-2.070772 -0.271618 10.555938 140 131 126
-2.106869 -4.430667 10.131261 28 30 25
-1.830521 1.505427 10.861762 130 110 103
-1.733127 2.714789 10.994604 118 104 95
-1.742696 -3.272839 10.315794 117 108 103
-1.751619 -3.899417 10.291916 104 95 90
-1.667627 -2.112639 10.548059 154 143 139
-1.393767 4.654772 11.319492 34 30 21
-1.476292 2.069214 11.094695 118 103 96
-1.411948 2.777222 11.191382 41 41 33
-1.497259 0.320114 10.953665 127 114 106
-1.356274 3.308728 11.206618 119 121 110
-1.391536 2.004759 11.131509 159 157 142
-1.430719 0.476599 11.023591 164 161 152
-1.274106 3.370760 11.232738 39 40 32
-1.317119 1.506658 11.142275 136 124 112
-1.460728 -1.896490 10.665533 175 172 163
-1.497487 -3.922241 10.431574 127 120 110
-1.242281 1.592426 11.173381 143 151 140
-1.486222 -5.109336 10.354379 29 35 25
-1.212029 0.309815 11.074040 117 100 90
-1.181997 0.879799 11.115110 135 117 107
-3.043586 0.917573 2.497013 172 178 168
-1.294319 -2.620242 10.662684 127 133 123
-1.058275 1.489285 11.234514 118 100 90
-0.826724 1.043212 16.247215 154 146 135
-0.567831 -6.683224 15.623925 120 125 118
-1.182478 -3.352229 10.580932 110 109 107
-1.183672 -4.544730 10.489628 79 70 63
-0.996867 -1.241144 10.938907 129 126 121
-1.200106 -5.135712 10.385046 90 86 77
-0.835673 1.571013 11.313511 144 152 139
-0.568330 7.164022 11.831388 112 124 110
-1.157951 -5.036728 10.446629 86 93 85
-0.792489 0.852282 11.287764 165 156 141
-1.609271 3.173834 6.048932 118 112 100
-0.441901 7.752025 11.930338 115 123 108
-0.670513 2.957442 11.452615 91 65 52
-0.537686 3.737100 11.555962 128 132 118
-0.508800 4.023330 11.637202 131 134 125
-0.578941 2.560889 11.493145 146 142 130
-0.850481 -2.769584 10.808476 46 35 31
-0.373682 5.856255 11.819375 22 19 10
-0.330919 5.864067 11.783910 121 127 115
-0.328049 5.758342 11.747909 104 86 76
-0.573364 0.355553 11.382861 149 163 148
-0.716567 -2.332731 10.919209 12 11 6
-1.540593 0.166691 6.859515 120 113 107
-0.093291 -4.054156 14.114011 128 108 101
-0.729600 -3.678307 10.780622 144 148 133
-0.726403 -3.616639 10.776429 151 155 140
-0.725186 -3.729364 10.787077 133 137 122
-0.058511 7.785347 12.109099 98 98 88
-0.464585 -0.846433 11.224308 141 142 134
-0.037821 12.080644 36.305225 141 143 129
-0.699163 -5.101600 10.705008 94 101 93
-0.682717 -4.606957 10.685446 38 38 28
0.002879 6.480707 12.000505 117 119 108
-0.591608 -5.121171 10.733980 79 84 78
-0.034490 4.495417 11.747185 95 81 68
-0.134456 1.440344 11.588185 137 123 110
-0.153952 0.235246 11.434844 117 104 95
0.174921 5.704396 11.949837 101 83 73
0.227709 5.201787 12.005151 36 37 29
0.311167 5.120349 12.011962 100 80 69
0.475368 7.763672 12.305138 34 42 31
0.197601 1.621525 11.751887 141 148 141
0.233403 2.139414 11.811419 126 138 126
-0.163183 -3.959682 10.937777 18 18 10
0.349708 3.307325 11.924133 24 19 13
0.199858 0.697872 11.661857 140 152 140
0.222441 0.828998 11.720338 127 134 126
0.474637 5.111096 12.050208 95 80 75
0.219919 0.763469 11.662244 151 152 136
-0.101587 -3.913314 11.012020 91 103 89
-0.014811 -2.870860 11.147349 83 86 77
0.531382 5.177425 12.061092 115 118 111
0.123622 -1.789035 11.331605 135 136 131
0.117029 -1.881487 11.307863 131 132 127
0.382540 1.417184 11.784250 138 128 118
0.163061 -1.631984 11.346668 86 94 83
0.628662 4.596242 12.115429 138 150 138
0.308475 -0.390667 11.581419 91 71 62
0.029157 -4.435111 11.032187 72 74 71
0.304191 -1.592066 11.390746 98 91 83
7.985533 11.003406 32.917530 117 114 107
1.152088 7.191800 12.586626 59 59 49
1.182185 7.577178 12.629006 88 88 78
1.093609 6.370019 12.466439 94 81 73
1.189179 7.332948 12.595872 109 109 99
1.118126 5.084672 12.367910 125 123 111
0.730168 -0.425252 11.758850 98 83 76
0.960989 2.357383 12.075294 17 20 9
1.077412 3.847369 12.253132 118 116 104
0.719113 -0.920636 11.691772 127 128 120
1.007799 2.094976 12.081100 123 126 117
0.919191 0.886551 11.953643 8 16 5
0.867743 0.183083 11.841266 127 119 108
1.003095 1.381842 12.015160 130 133 122
1.003095 1.381842 12.015160 130 133 122
0.239019 0.390402 10.803988 131 132 124
0.805631 -1.071658 11.699943 129 127 114
0.984827 0.174057 11.911346 141 139 126
0.984827 0.174057 11.911346 141 139 126
0.995499 -0.084675 11.899331 130 130 120
0.915932 -2.302212 11.598084 16 15 10
0.889877 -3.425796 11.529202 82 89 81
1.818409 -3.992359 14.963696 113 110 105
0.911465 -3.557101 11.574925 104 107 98
1.909728 6.463452 12.829534 124 129 122
1.834528 5.191212 12.713200 125 126 118
1.879898 5.696994 12.691561 20 20 8
2.107420 7.116485 13.019410 106 118 108
1.952769 5.390365 12.763094 122 118 106
1.757197 2.696626 12.438927 132 139 131
1.890412 4.068803 12.616414 50 42 31
1.393565 -1.076371 11.868964 92 79 73
1.971187 4.566730 12.746048 120 132 122
1.891651 3.109371 12.507786 112 102 93
3.032416 2.484398 15.267221 14 20 10
1.686524 0.746196 12.205867 87 68 62
2.400913 7.895535 13.299337 96 108 96
1.864504 2.667433 12.442583 112 124 112
1.869963 2.672923 12.448924 112 124 112
2.107986 5.164382 12.795763 123 133 124
1.427772 -2.301384 11.765330 95 91 80
1.646254 -0.499850 12.045132 122 123 115
1.763267 0.338450 12.173070 120 113 103
2.468404 6.987226 13.142839 100 94 82
1.739804 -0.842019 12.069289 107 122 115
1.739804 -0.842019 12.069289 107 122 115
2.026510 1.321757 12.433895 107 110 91
2.001630 1.055649 12.326056 136 142 132
2.687322 6.530440 13.236021 116 118 107
2.791811 7.025233 13.337275 92 88 79
2.058345 -1.006587 12.212751 81 81 73
1.665857 -5.670558 11.710640 15 12 3
2.796829 5.049222 13.103503 95 92 85
9.367111 13.137363 27.663898 121 124 115
2.779599 4.519887 13.009402 119 122 113
2.083632 -2.236259 12.078494 92 100 89
2.754560 3.792300 12.959159 98 85 76
2.970267 5.747002 13.242318 11 13 8
2.650513 2.595478 12.819402 12 15 6
3.395432 9.011857 13.739448 119 134 127
2.080010 -4.092597 12.002633 61 67 55
3.253222 6.985865 13.489952 97 93 82
3.550891 9.382719 13.891805 74 94 85
2.628171 1.097803 12.590102 136 145 128
2.419547 -1.082249 12.353077 14 11 6
3.534563 8.034295 13.779657 58 64 54
2.668206 -1.066073 12.511936 96 106 95
3.301226 3.887323 13.179270 113 118 111
3.687338 6.486686 13.711349 105 112 104
2.661388 -2.462049 12.406428 93 93 85
3.841455 6.997942 13.810261 102 104 93
3.953020 7.743468 13.946688 32 42 34
3.521003 3.922266 13.381968 113 118 111
3.804247 6.450192 13.717403 114 119 112
3.835357 6.681334 13.727246 111 113 102
3.570517 3.993133 13.356624 58 54 45
3.618311 3.273836 13.321815 110 117 109
3.608008 3.132890 13.278907 102 108 98
3.458006 1.670560 13.041590 57 49 38
3.526330 1.842516 13.114093 108 109 101
3.530530 1.751015 13.108193 118 115 106
4.244755 7.019223 13.854671 105 115 104
4.423327 7.162649 14.204029 39 40 32
3.477805 0.132489 12.926837 99 102 93
4.158886 4.499155 13.713254 25 18 8
5.176302 6.623807 15.040958 113 121 110
4.834542 9.247354 14.486635 48 71 65
4.165968 3.914062 13.645782 118 123 116
4.640948 7.031562 14.173707 78 73 67
4.555523 6.318259 14.075977 113 111 99
4.609519 5.887853 14.106220 114 122 109
3.652764 -1.751990 12.931104 81 80 75
3.366778 -4.311157 12.576876 11 10 6
4.553169 4.519009 13.924711 22 19 12
4.654482 5.104416 14.023363 26 21 17
3.785198 -1.762537 13.027884 77 77 69
4.460113 2.248805 13.604309 92 89 82
5.325125 5.916466 14.595058 16 16 8
5.572329 7.715185 14.624114 26 33 26
5.654742 6.677307 14.692908 35 36 28
5.700057 7.179782 14.686848 103 111 98
5.787833 7.136866 14.746824 20 28 17
5.428969 5.117683 14.301979 28 29 23
5.216240 3.145727 14.121970 85 80 74
5.663639 5.827456 14.597752 14 15 7
5.421444 3.868950 14.294355 14 17 6
6.199929 7.846642 15.038681 29 34 28
5.279045 1.802035 14.012269 95 92 83
6.294881 7.818280 15.052890 33 38 32
5.418488 1.434780 14.039820 105 99 87
6.445149 7.884257 15.136078 101 108 101
6.154515 5.789885 14.839879 87 78 69
-9.009524 9.915115 21.903547 110 129 109
-9.009524 9.915115 21.903547 110 129 109
-5.598127 -1.900852 8.272119 97 93 81
-8.156184 10.118149 20.131639 105 129 107
-8.156184 10.118149 20.131639 105 129 107
-8.013442 10.098159 19.781822 118 140 119
-7.881743 10.073460 19.458403 103 127 105
-4.872937 1.310945 4.990366 104 102 81
-4.704918 0.484680 2.895642 97 122 103
-7.581961 9.914094 18.611246 97 122 103
-7.581961 9.914094 18.611246 97 122 103
-4.449085 -0.364613 3.693313 28 33 26
-4.365534 0.449429 3.472664 124 104 93
-7.378903 9.944065 18.060175 191 214 196
-7.508521 10.004096 18.649103 183 208 187
-5.272808 0.452935 7.944914 179 156 140
-9.442123 0.594814 26.853163 119 107 83
-9.442123 0.594814 26.853163 119 107 83
-9.513608 4.439397 27.641924 180 174 152
-9.447239 4.507105 27.928185 106 101 81
-8.968930 -1.812726 25.193918 142 123 106
-8.982406 -1.513650 25.320591 124 112 90
-8.953993 -0.059449 25.457541 125 119 95
-8.794702 -0.812943 24.696733 198 176 155
-6.940976 9.947307 17.148842 115 142 123
-9.029650 7.446966 27.010159 105 92 73
-7.904754 -3.182508 21.007946 210 191 174
-6.994665 9.919665 17.578735 197 216 196
-7.321644 10.028204 19.238287 144 161 142
-8.586140 -1.992023 24.116590 213 217 192
-8.634615 6.735491 25.659063 171 170 149
-8.519942 1.570201 24.658123 199 194 174
-6.872792 9.960884 17.409468 196 218 197
-6.632077 9.900109 16.283852 185 212 193
-8.518299 3.531021 25.069321 133 112 93
-8.433782 0.869203 24.486975 207 201 177
-8.118296 -4.143153 22.484152 224 206 186
-8.118296 -4.143153 22.484152 224 206 186
-8.377987 1.556753 24.495693 110 99 79
-8.142537 -2.793143 22.881182 202 179 161
-8.438388 6.135208 25.479908 186 175 155
-8.253049 6.686464 24.594477 180 172 153
-7.978897 -6.003074 21.715862 121 118 99
-7.978897 -6.003074 21.715862 121 118 99
-7.698554 -4.800579 20.857077 112 111 93
-8.354613 2.314475 24.802008 127 112 91
-8.135590 -1.229165 23.288919 222 216 192
-8.012548 -5.454578 22.150316 115 103 87
-8.117298 2.915840 23.852551 196 179 159
-8.137587 1.558457 23.832373 124 109 88
-8.067612 1.064253 23.413931 139 127 105
-8.067612 1.064253 23.413931 139 127 105
-8.070101 2.333815 23.656210 210 204 182
-8.041924 0.113171 23.255356 116 104 82
-8.108533 3.810254 24.052299 196 188 165
-8.034383 2.402821 23.528843 151 143 122
-8.024107 -2.081933 23.010160 208 190 168
-8.048285 4.440978 23.984516 114 99 80
-8.008897 5.853813 23.971949 115 102 83
-7.909697 -1.841587 22.525801 213 217 194
-7.984346 3.090004 23.574301 202 204 180
-7.980190 5.968178 23.913658 202 196 172
-7.980190 5.968178 23.913658 202 196 172
-7.716645 -7.420401 20.867147 189 177 161
-8.038255 4.597106 24.109837 190 188 165
-7.723750 -6.607458 21.053591 113 111 96
-7.717262 -6.488620 21.038925 208 211 194
-7.971457 0.878337 23.463644 106 95 73
-7.924618 5.347455 23.889654 193 185 162
-7.827856 6.798715 23.712774 176 174 151
-7.891628 6.897266 24.094730 173 171 148
-7.700800 -1.993274 22.065058 210 195 176
-7.486391 -6.812248 20.328152 193 192 174
-7.595680 -2.667819 21.554268 206 187 170
-7.624295 0.817756 22.187803 185 164 145
-7.586339 -4.558066 21.268948 218 221 200
-7.678420 2.407255 22.693365 204 202 181
-7.459007 -3.900206 20.720236 198 181 163
-7.439934 -6.480718 20.331842 113 111 98
-7.472246 -4.644828 20.859510 197 189 170
-7.593459 3.110596 22.570189 201 199 178
-7.571260 1.737577 22.284830 141 134 116
-7.572026 2.317541 22.403421 121 108 89
-7.563890 5.278861 22.813335 192 184 161
-7.489005 4.687299 22.384996 139 128 110
-7.505345 6.637535 22.740662 189 184 162
-7.565379 8.218531 23.297531 187 182 162
-7.323914 -5.808633 20.152369 120 119 101
-7.294401 -3.856297 20.297853 193 176 160
-7.533842 -1.097307 22.051756 202 201 181
-5.208439 3.094175 8.683471 98 99 83
-7.473782 7.474486 22.942440 173 170 151
-7.480905 4.567270 22.661594 106 100 78
-7.409349 4.581161 22.293434 191 190 169
-7.128521 -7.039870 19.233322 166 158 145
-7.156818 -5.701532 19.630098 117 116 98
-7.410999 6.107030 22.686108 186 182 157
-7.277701 0.862274 21.488073 200 179 160
-7.177909 -3.822455 20.261044 118 105 89
-7.220316 1.581777 21.348425 177 151 134
-7.191129 1.674807 21.485952 108 95 76
-7.150078 0.256533 21.071035 124 116 97
-6.963519 -6.246017 19.183405 170 171 157
-7.086586 -0.412731 20.807222 116 107 90
-6.911537 -6.251605 18.912781 97 95 82
-6.911537 -6.251605 18.912781 97 95 82
-7.057740 0.359739 20.781223 208 210 188
-6.881367 -7.004233 18.639206 168 161 145
-7.028955 8.109469 21.825640 115 114 94
-6.981992 10.022642 21.770752 196 214 192
-6.981992 10.022642 21.770752 196 214 192
-7.036305 2.472454 21.087599 195 201 175
-7.017467 -0.319224 20.611296 213 218 196
-6.940850 -5.090233 19.481800 113 105 86
-7.042939 3.205366 21.305288 203 203 179
-6.890397 -1.085440 19.977306 189 176 159
-6.800164 -6.145677 18.672876 186 190 175
-6.916838 3.099047 20.806505 112 99 80
-6.793103 -4.386241 18.993078 208 199 182
-6.837701 3.838156 20.539799 200 187 168
-6.760937 -6.880286 18.497160 89 93 78
-6.860948 3.185434 20.719494 201 203 181
-6.720636 -3.400879 19.054565 124 117 99
-6.720636 -3.400879 19.054565 124 117 99
-6.736792 4.434635 20.341721 123 115 96
-6.724433 4.570310 20.364599 193 193 169
-6.749417 -0.588655 19.841984 133 128 109
-6.718894 0.405698 19.793674 212 212 188
-6.682418 7.386321 20.557014 183 180 161
-6.682418 7.386321 20.557014 183 180 161
-6.699664 -4.324444 18.963802 110 104 88
-6.772259 3.154715 20.587769 114 107 88
-6.686403 -2.220231 19.248533 132 135 114
-6.676410 3.244018 20.109825 134 125 108
-6.682333 3.171754 20.131706 200 199 178
-6.690583 1.002592 19.886475 124 116 95
-6.674348 -1.581039 19.409412 220 223 202
-6.684651 2.414996 20.113781 107 102 82
-6.594020 -4.888683 18.442135 110 107 88
-6.662352 5.205714 20.417402 114 103 83
-6.629758 4.585246 20.199612 140 142 118
-6.598357 -2.224713 19.078156 191 193 171
-6.543599 9.958879 20.533175 198 215 196
-6.608534 3.236385 20.118637 187 185 164
-6.574051 4.622216 20.203979 192 194 173
-6.612796 0.447383 19.898478 205 209 186
-6.466673 -6.792249 17.799801 77 73 62
-6.496275 9.938358 20.628918 143 156 136
-6.525035 -1.021461 19.202984 195 178 162
-6.520916 -1.571892 19.178497 209 212 191
-6.490081 5.233089 20.041340 103 92 74
-6.369580 -5.360840 17.718481 178 189 172
-6.486866 -0.306219 19.435772 115 110 91
-6.399516 -1.003417 18.797216 187 169 155
-6.301144 -5.415500 17.599360 86 90 76
-6.301144 -5.415500 17.599360 86 90 76
-6.335236 1.158849 18.929705 212 216 193
-7.943981 -5.578520 29.997976 109 108 88
-6.315473 -4.859880 17.870102 110 109 91
-6.313035 -2.900881 18.280960 111 104 85
-6.270360 5.265988 19.349924 196 199 178
-6.302105 3.165601 19.281361 115 103 87
-6.306419 3.175225 19.329554 115 103 87
-6.260451 5.881085 19.468216 107 104 85
-6.228733 -6.079462 17.257000 175 173 161
-6.237270 4.547785 19.101894 188 190 169
-6.253707 1.208663 18.859375 143 145 124
-6.184499 -6.638087 17.034296 75 79 64
-6.184499 -6.638087 17.034296 75 79 64
-6.220491 2.977569 19.000238 186 169 153
-6.153371 -6.711147 16.906780 144 142 130
-6.159375 6.630908 19.218134 184 187 166
-6.199857 5.266194 19.312832 106 97 80
-6.170307 5.281719 19.146660 188 187 167
-6.126233 -5.930788 16.961876 93 93 83
-6.126233 -5.930788 16.961876 93 93 83
-6.158978 3.934764 19.005323 201 204 187
-6.132693 -0.971162 18.104551 203 185 165
-6.093957 -2.744562 17.596737 190 192 170
-6.042206 6.108324 18.985674 170 176 150
-5.991173 8.004606 18.964304 182 181 161
-6.077488 1.912022 18.594475 201 200 179
-6.046394 3.300975 18.697283 197 200 179
-5.972366 -3.295609 17.087202 189 194 172
-5.957077 -3.092414 17.076380 211 203 182
-5.917750 -5.981240 16.251482 162 175 145
-5.928018 1.185711 17.679077 212 213 195
-5.931012 8.056947 18.900242 166 164 151
-5.930857 7.373625 18.802773 193 198 176
-5.919960 -3.122685 17.033779 127 119 100
-5.952915 0.550975 17.984818 202 210 187
-5.923665 0.579593 17.838392 190 198 175
-5.867492 3.653982 18.075724 206 198 177
-5.864633 -5.575299 16.355183 170 171 157
-5.843728 8.002748 18.723303 98 99 83
-5.848915 5.984825 18.409117 190 193 172
-5.905818 -0.217536 17.780712 107 108 92
-5.889841 -4.056109 16.924051 87 85 70
-5.843663 3.816751 18.029572 111 103 84
-5.855836 -2.196355 17.069372 190 177 160
-5.837513 4.619322 18.188219 194 197 176
-5.825954 8.111168 18.752197 182 180 165
-5.795654 5.362272 18.304832 182 184 162
-5.762274 5.011613 18.060658 190 177 161
-5.802166 0.526861 17.588636 122 109 93
-5.782092 1.884279 17.747978 95 94 74
-5.780597 3.259216 18.035025 101 93 74
-5.772595 3.341644 18.058838 193 201 178
-5.719584 6.022186 18.140776 187 190 171
-5.733799 4.615917 18.038099 86 80 64
-5.744580 -5.273071 16.293652 81 79 66
-5.697456 -4.036512 16.297806 177 164 148
-5.687548 1.827026 17.413486 224 210 184
-5.656235 1.960321 17.349785 205 207 186
-5.653193 -0.814942 16.949718 197 184 167
-5.623391 -3.216696 16.258923 174 186 164
-5.550307 5.983874 17.612617 173 181 158
-5.618253 -5.238861 15.964685 94 84 74
-5.621913 -5.162393 16.014284 155 159 144
-5.578395 -3.935262 16.071220 92 91 73
-5.571204 -1.443873 16.656153 178 160 146
-5.427045 7.084098 17.217089 99 108 87
-5.480194 3.148001 16.977280 174 155 138
-5.491765 1.593752 16.905222 190 174 158
-5.455306 4.551805 17.224745 92 87 68
-5.508019 0.576732 16.941093 99 97 76
-5.448862 0.158444 16.530727 218 210 191
-5.451709 0.067436 16.541307 204 201 182
-5.430401 0.639247 16.476494 202 211 190
-5.451172 -5.824631 15.310271 139 130 123
-5.449055 -0.675425 16.510427 207 219 195
-5.456432 -2.100553 16.268888 166 159 143
-5.386340 2.612775 16.921616 93 90 71
-5.346704 3.969292 16.850161 200 201 183
-5.385849 1.245109 16.723547 76 70 54
-5.358854 1.292818 16.516319 206 209 192
-5.353123 1.996371 16.653582 190 198 177
-5.394298 -4.460240 15.600812 171 182 165
-5.393129 -3.266220 15.971917 163 172 151
-5.357393 -4.508702 15.425276 74 71 54
-5.347222 -1.283373 16.143705 181 193 171
-5.349649 -5.717219 15.104945 82 82 72
-5.213073 -4.097043 14.956552 190 191 175
-5.219009 -3.742723 15.111401 173 180 162
-5.106470 8.008321 16.762970 176 185 166
-5.107433 8.082427 16.900845 176 185 166
-5.189544 -1.870017 15.474348 185 194 175
-5.205553 -5.084043 14.941764 69 71 58
-5.083118 3.274243 15.939484 196 200 183
-5.100915 2.019266 15.904135 201 213 193
-5.056441 4.628622 16.111351 178 192 169
-5.056524 4.654395 16.193277 178 192 169
-5.027588 6.551705 16.366896 81 85 70
-5.110694 -3.130831 14.894269 86 84 69
-5.093626 1.283727 15.838528 80 79 59
-5.026500 5.218880 16.126675 87 89 68
-5.063405 2.068358 15.712072 139 131 118
-5.084109 -0.028409 15.563075 102 100 85
-5.100365 -2.468177 15.129175 178 191 171
-5.103009 -3.719119 14.864095 162 166 151
-5.062076 0.763804 15.599398 141 138 121
-5.062076 0.763804 15.599398 141 138 121
-5.010621 4.579246 16.074553 85 82 65
-4.983979 5.972946 16.280560 95 103 82
-4.970137 5.986596 16.154678 179 187 166
-4.960549 6.639996 16.223154 174 186 166
-4.955712 6.604054 16.298847 94 98 81
-5.001504 1.994262 15.724281 68 65 48
-4.958866 4.696465 16.025614 180 193 173
-4.866024 9.719978 16.377148 131 152 133
-4.996917 1.314491 15.710061 97 94 75
-5.024110 -3.098626 14.831676 184 188 171
-4.939322 3.959832 15.792227 176 188 164
-4.828734 9.689954 16.050222 188 211 191
-4.865738 7.950506 16.156057 82 89 73
-4.946965 0.744126 15.291550 193 201 186
-4.846307 4.568349 15.577888 74 71 56
-4.862629 2.649104 15.225157 185 192 174
-4.943926 -2.530444 14.826014 89 86 71
-4.786540 7.978965 15.880683 181 190 173
-4.824257 3.275122 15.210312 201 202 186
-4.807092 6.001566 15.777209 173 182 161
-4.743546 7.075783 15.604558 179 177 152
-4.837225 -3.583409 14.060417 151 162 145
-4.856679 -4.404277 14.113629 152 142 132
-4.824322 -2.401654 14.443741 169 178 159
-4.825638 -1.882357 14.792683 85 84 66
-4.677702 7.261158 15.636774 79 88 67
-4.724943 2.970567 14.965878 197 180 164
-4.761796 0.636452 14.758660 172 145 126
-4.717087 3.007727 14.891401 198 185 168
-4.795899 -1.280033 14.791055 175 161 148
-4.726623 1.953144 14.836838 170 156 145
-4.785318 -3.514472 14.007167 109 106 97
-4.785318 -3.514472 14.007167 109 106 97
-4.662093 5.288432 15.212296 181 190 171
-4.675247 4.575953 15.178305 75 74 56
-4.655224 5.882847 15.303067 67 74 56
-4.705680 1.995987 14.794660 93 89 78
-4.697750 2.175256 14.788453 192 186 174
-4.727470 0.699472 14.784913 100 95 76
-4.799337 -4.358617 14.142649 78 76 64
-4.725317 0.811305 14.802426 137 129 116
-4.751791 -0.573184 14.809404 106 105 87
-4.697089 1.469731 14.730560 125 115 103
-4.668801 2.582195 14.804023 162 140 126
-4.590785 5.350626 15.173259 172 185 165
-4.592249 4.617980 15.084393 99 93 81
-4.529508 7.659673 15.248698 179 182 153
-4.612916 2.712544 14.786856 196 205 188
-4.560985 5.368039 15.019875 176 191 170
-4.660821 -2.345232 13.962391 172 173 159
-4.629174 0.726175 14.705610 81 84 67
-4.480448 7.946861 15.245841 79 88 69
-4.528459 3.950603 14.744573 74 72 57
-4.614676 -1.815652 14.225389 101 102 88
-4.460340 5.877539 14.802646 81 74 58
-4.568514 -1.075971 14.150222 191 208 190
-4.572961 -2.920175 13.667337 184 195 179
-4.514909 -1.682910 13.737323 192 199 183
-4.329713 7.963726 14.785948 162 177 158
-4.524562 -4.108457 13.280356 150 163 146
-4.322809 5.916171 14.354117 173 182 165
-4.321649 5.923648 14.370710 173 182 165
-4.384167 2.065703 13.945497 205 218 201
-4.469315 -2.886683 13.370276 179 191 171
-4.381359 2.113816 13.976919 149 150 134
-4.383043 1.333706 13.838621 165 148 132
-4.357069 1.989305 13.913019 159 139 128
-4.324958 3.765942 14.085465 189 171 157
-4.253593 7.925756 14.664799 75 82 66
-4.371696 0.094209 13.651958 182 164 154
-4.394797 -1.101279 13.663603 101 102 86
-4.297239 3.998555 14.076453 176 189 169
-4.278838 5.235236 14.277152 66 70 55
-4.312016 2.679743 13.969693 72 70 55
-4.308929 2.154002 13.728466 136 116 107
-4.212666 7.249645 14.417451 82 86 69
-4.326526 0.850628 13.727520 194 207 189
-4.232886 5.930769 14.282844 78 79 65
-4.320189 0.902362 13.709412 144 138 124
-4.404871 -5.240590 12.753730 132 133 117
-4.226369 4.689446 14.100857 183 192 173
-4.246367 3.352775 13.957835 66 63 48
-4.217716 4.017666 14.125347 113 107 91
-4.299556 -0.832537 13.409078 186 180 168
-4.324158 -3.530368 13.021954 67 79 65
-4.267398 -0.919057 13.169929 165 166 152
-4.274167 -0.968514 13.379408 131 137 123
-4.349949 -5.321656 12.615660 59 49 40
-4.205802 2.697472 13.879136 90 90 78
-4.281365 -2.242344 13.045845 185 189 174
-4.195617 2.142017 13.547268 147 135 121
-4.255903 -1.013804 13.403485 201 214 197
-4.236789 -0.809537 13.239566 131 125 113
-4.236789 -0.809537 13.239566 131 125 113
-4.038679 7.141074 13.790413 73 75 61
-3.898228 2.977435 7.249884 52 56 41
-4.183881 0.188467 13.501015 64 60 48
-4.005002 7.952614 13.939820 168 175 159
-4.173307 -0.813950 13.074460 186 178 165
-3.993984 7.096657 13.699752 171 165 153
-4.236069 -5.268463 12.327198 62 52 40
-4.187350 -2.972145 12.691558 150 126 116
-4.178581 -3.994012 12.483541 151 168 152
-4.014721 3.960650 13.312489 63 57 45
-3.974565 5.895852 13.575299 71 69 54
-4.088031 -0.443933 12.908471 176 156 145
-4.072914 -0.159072 12.883741 196 170 153
-4.049268 0.744267 12.836040 175 157 147
-4.067217 -0.072341 12.912039 199 176 160
-3.966254 4.520581 13.309643 171 159 145
-4.126487 -3.368748 12.398557 162 170 155
-4.051738 0.179869 12.851726 202 189 173
-3.926874 5.938020 13.415019 174 187 167
-3.926112 5.886293 13.444867 74 78 64
-4.105284 -2.881215 12.552805 82 79 62
-4.154359 -5.221696 12.237358 119 122 111
-3.948545 4.598770 13.308721 58 56 41
-3.985043 2.746673 13.064398 196 213 197
-4.011575 0.226550 12.911927 83 80 65
-3.997355 0.843547 12.918819 87 85 72
-3.871480 6.620250 13.421150 172 180 165
-3.961049 1.651897 12.840203 188 179 164
-3.979537 0.320238 12.824284 143 135 124
-3.893969 4.031620 13.190675 57 57 45
-3.973906 -0.320801 12.782254 189 200 184
-3.979954 -0.999875 12.762931 68 66 53
-3.905003 2.192383 12.783169 134 136 114
-3.985918 -1.606678 12.689521 174 185 168
-3.900545 2.111896 12.916018 75 73 58
-3.926967 0.865303 12.906711 156 169 152
-3.764906 7.901523 13.216535 164 175 159
-3.930782 -0.480926 12.658340 184 170 159
-3.911376 -0.372922 12.752872 105 104 86
-3.820133 3.433553 13.055045 71 67 55
-3.722026 7.953213 13.326101 73 81 66
-3.930207 -1.557704 12.462967 192 194 180
-3.837997 2.174021 12.693858 187 200 182
-3.712104 7.220610 13.010365 166 177 160
-3.751989 4.095583 12.794594 158 171 153
-3.805942 1.459567 12.476069 170 148 134
-3.730273 4.737421 12.985497 60 51 36
-3.760276 2.167385 12.508561 188 197 180
-3.755041 1.626517 12.351566 204 195 180
-3.864734 -3.307725 11.755598 167 169 155
-3.672300 3.984187 12.424994 57 53 41
-3.782188 -0.946136 12.070729 79 73 59
-3.586797 7.195993 12.658246 169 182 164
-3.596260 6.465456 12.614407 150 144 132
-3.576399 5.939181 12.526340 176 180 165
-3.520686 7.922186 12.680387 165 176 159
-3.591593 4.074509 12.341076 187 193 179
-3.514572 6.901302 12.505124 210 213 194
-3.587089 3.443939 12.266886 177 185 170
-3.512590 6.611349 12.447968 168 177 158
-3.630292 1.446658 12.021008 171 164 146
-3.641455 0.968161 12.021946 195 208 191
-3.636907 1.131364 11.976453 196 190 168
-3.503645 6.627197 12.590354 105 106 92
-3.543652 4.715258 12.360694 71 68 53
-3.543652 4.715258 12.360694 71 68 53
-3.485189 7.284437 12.531028 164 177 157
-3.487390 6.903687 12.438084 170 173 152
-3.506282 5.991533 12.435467 178 187 170
-3.490438 6.645574 12.377181 160 172 150
-3.593630 2.281966 11.952292 204 191 182
-3.731467 -3.560609 11.386327 84 81 72
-3.508174 5.332429 12.409523 94 98 83
-3.747225 -4.564496 11.365895 69 68 47
-3.591422 1.598214 12.099978 193 205 185
-3.454757 7.149537 12.347417 77 86 65
-3.655564 -2.172336 11.695223 143 151 140
-3.589761 0.356448 11.935056 195 214 195
-3.589761 0.356448 11.935056 195 214 195
-3.415423 7.111377 12.261588 185 184 164
-3.520617 2.324505 11.948642 147 130 122
-3.636112 -2.684990 11.506930 175 183 170
-3.651474 -3.336184 11.557881 161 169 154
-3.682030 -4.574380 11.253878 118 124 114
-3.488152 3.264833 11.840449 184 172 156
-3.488152 3.264833 11.840449 184 172 156
-3.483384 3.290971 11.891630 177 168 153
-3.468590 2.802384 11.913178 62 64 50
-3.590519 -2.123836 11.543576 66 68 55
-3.655813 -4.529381 11.198893 60 72 60
-3.462670 2.833053 11.804011 190 203 186
-3.577663 -2.158165 11.394046 189 184 165
-3.476279 1.500649 11.541094 184 166 152
-3.611258 -4.456758 11.076174 152 164 150
-3.412524 2.809565 11.748281 64 70 60
-3.301619 6.569626 11.854587 168 179 162
-3.545677 -3.786144 10.892908 166 174 161
-3.363329 2.848290 11.529490 187 205 189
-3.393410 1.613693 11.461523 197 208 192
-3.209868 7.207454 11.914519 78 87 70
-3.336966 2.123242 11.354891 162 138 126
-3.387645 -0.177836 11.189644 199 208 191
-3.371192 0.453807 11.209159 151 145 133
-3.232840 5.870933 11.603669 82 83 69
-4.093738 0.028499 2.878845 109 109 101
-3.237967 5.369694 11.621538 178 189 172
-3.383134 -0.277559 11.177440 169 161 150
-3.252630 4.652123 11.510160 76 74 62
-3.190211 6.600981 11.681292 78 80 69
-3.280114 2.185649 11.326458 86 84 72
-3.195211 5.352936 11.579907 55 62 46
-3.195211 5.352936 11.579907 55 62 46
-3.326309 0.561582 11.100664 160 142 132
-3.338454 -0.220073 11.036222 101 99 86
-3.366969 -1.452291 10.940321 107 105 90
-3.345694 -0.646872 10.958921 209 211 197
-3.345694 -0.646872 10.958921 209 211 197
-3.197226 4.731582 11.435261 175 186 169
-3.291739 0.967061 11.181101 72 69 54
-3.242335 2.822818 11.312338 67 63 54
-3.302530 0.513916 11.062807 149 146 131
-3.184353 4.720036 11.480637 75 84 63
-3.263627 1.849301 11.128706 214 213 192
-3.300970 0.498825 11.038712 149 146 131
-3.266068 1.022168 11.166945 193 207 194
-3.174685 2.366590 11.838431 76 78 64
-3.306857 -0.654536 10.911269 142 150 137
-3.405496 -3.939472 10.480330 106 119 109
-3.310752 -0.799884 10.797276 97 97 85
-4.183587 0.291762 4.986716 165 151 142
-3.117242 6.658596 11.354104 172 177 157
-3.117242 6.658596 11.354104 172 177 157
-3.327878 -2.079019 10.726756 166 156 147
-3.340979 -2.686757 10.679822 158 170 156
-3.199717 2.287782 11.003874 148 140 129
-3.443651 2.603247 5.395798 48 45 36
-3.295031 -1.474902 10.736226 187 190 171
-3.212839 0.995334 11.155025 76 78 64
-3.212839 0.995334 11.155025 76 78 64
-3.363792 -3.874479 10.331552 163 164 150
-3.258747 -1.478584 10.596435 206 208 194
-3.234770 -0.731088 10.653530 200 202 188
-2.950354 4.225982 16.193913 156 134 121
-3.156630 1.543664 10.790133 164 147 131
-3.240155 -2.058517 10.402006 165 155 145
-3.121201 1.870032 10.745468 208 210 188
-3.050915 3.499971 10.901982 201 203 192
-3.174366 -1.377703 10.491149 163 172 151
-2.956064 6.558604 11.077899 70 74 60
-3.206058 -2.639906 10.204378 171 161 151
-3.023035 3.448353 10.774395 52 48 36
-3.046405 2.734626 10.648281 168 150 140
-2.919689 6.504755 10.887398 54 67 50
-2.952348 5.441592 10.762727 153 144 127
-3.011008 2.675030 10.469193 164 146 136
-3.109917 -1.360832 10.365483 86 95 78
-2.957856 4.101830 10.683759 180 183 164
-3.759084 -0.795475 4.805150 151 162 148
-2.984063 3.235081 10.564436 198 192 170
-3.174591 -3.196600 10.011544 194 192 180
-2.977998 3.370581 10.561923 201 194 175
-2.977998 3.370581 10.561923 201 194 175
-2.936927 4.753228 10.661384 116 118 105
-2.888949 5.972704 10.829131 175 186 170
-2.962049 3.413762 10.585767 190 187 168
-3.141230 -2.617849 10.059962 182 176 164
-2.920963 4.840689 10.689235 190 190 178
-2.920963 4.840689 10.689235 190 190 178
-2.998048 2.146216 10.459765 206 216 189
-2.942636 4.023575 10.609574 169 153 138
-2.973799 2.761117 10.527791 147 119 107
-2.970360 2.922371 10.525789 202 195 176
-2.902442 4.819385 10.687161 111 109 97
-2.924834 3.904845 10.589000 118 96 83
-2.918248 3.988728 10.609541 117 104 88
-3.047456 -0.070228 10.156447 158 144 133
-2.106316 6.882731 15.183540 45 45 35
-2.981899 1.674855 10.386173 140 136 124
-2.977558 1.679343 10.405661 140 136 124
-3.145361 -3.736407 9.852225 68 72 55
-2.934543 2.914882 10.494354 136 113 95
-2.961323 1.695142 10.477094 140 136 124
-2.982385 1.271452 10.333307 142 119 103
-2.923183 2.982841 10.524469 125 99 86
-3.408133 3.656841 7.755876 41 49 36
-3.059604 -1.394147 10.055697 210 207 190
-2.976040 1.048141 10.366935 216 213 198
-2.954117 1.907784 10.389187 107 101 85
-2.952449 1.841428 10.391603 130 120 108
-2.873208 4.273470 10.615901 103 95 82
-2.839753 5.264568 10.758026 156 158 145
-2.941729 1.664174 10.502452 179 187 176
-3.031462 -0.777358 10.100694 177 159 149
-3.014338 -0.460940 10.160463 190 177 169
-2.866040 4.122437 10.630649 135 141 129
-2.829255 5.250421 10.763241 154 161 145
-2.956330 1.170679 10.312059 188 183 163
-2.928870 1.757531 10.423900 128 111 103
-3.091302 -3.045758 9.846262 180 182 169
-2.903777 2.211848 10.460409 55 52 43
-3.009904 -1.255094 10.015343 143 143 131
-3.008905 -1.454096 10.023559 134 127 119
-2.827344 4.011853 10.654231 165 167 146
-2.882251 1.633162 10.375408 153 165 151
-3.000717 -1.896214 9.973835 192 199 183
-3.221477 -3.502711 8.907424 159 171 161
-2.784288 4.162095 10.630123 98 83 76
-2.871481 1.024738 10.396003 54 52 40
-2.936608 -1.042543 10.087987 154 141 133
-2.998172 -3.185071 9.806138 157 155 143
-2.697470 4.782753 10.775986 149 156 140
-2.667627 5.350946 10.832752 129 131 126
-2.991509 -3.780229 9.741937 136 129 121
-2.855165 -0.205877 10.205684 144 130 127
-2.899185 -1.913217 10.039227 171 174 163
-2.922641 -2.607913 9.908857 133 128 122
-2.643538 5.274468 10.828027 156 160 145
-2.729251 2.245289 10.530385 149 157 146
-2.872926 -2.558516 9.989960 46 49 38
-2.737745 0.963567 10.400613 141 124 117
-2.632686 3.868619 10.706687 120 117 98
-2.854709 -2.470241 9.934253 160 173 156
-2.716340 1.105354 10.409571 191 210 190
-2.829477 -2.331518 10.003216 142 145 124
-2.882308 0.442433 8.928649 178 186 173
-2.859877 -3.196162 9.851161 142 135 125
-2.563348 4.032779 10.750355 170 175 152
-2.725930 -0.837399 10.196910 126 116 106
-2.750207 -2.006894 10.077538 178 182 165
-1.531424 6.853111 15.254728 140 152 142
-2.505904 4.120045 10.801822 140 152 142
-2.444863 5.270242 10.914144 157 157 145
-2.707698 -2.459029 10.030650 116 125 106
-2.457562 3.725295 10.736967 151 150 130
-2.534899 1.060183 10.488067 164 175 158
-2.371891 5.207817 10.936358 148 142 128
-2.315033 6.627048 11.129075 130 138 125
-2.578987 -0.704836 10.301565 186 194 181
-2.641381 -2.605064 10.028502 133 129 120
-2.303057 5.263679 10.967949 145 142 127
-2.489081 -0.711136 10.362348 175 186 172
-2.439951 -0.707050 10.358972 178 189 173
-2.508000 -2.415120 10.119770 118 127 106
-2.404546 -0.134910 10.449080 168 174 160
-2.208220 4.763906 10.987214 137 140 129
-2.515584 -3.229448 10.025641 147 147 135
-2.331178 0.329954 10.567368 144 138 126
-2.161850 4.714275 10.996084 40 36 25
-2.413473 -2.104117 10.253858 165 173 149
-2.066739 6.482757 11.205325 123 123 113
-2.317485 -1.330300 10.393803 168 174 162
-2.310908 -0.902360 10.367931 153 143 131
-2.405000 -3.250044 10.082824 131 124 114
-2.275612 -0.881980 10.428496 58 56 43
-2.414488 -3.826569 9.989215 111 102 97
-2.394389 -3.378600 10.028573 161 165 150
-2.282123 -1.320841 10.394616 31 34 25
-2.359470 -3.239040 10.200205 34 34 26
-2.177198 1.052687 10.695483 155 165 154
-2.390528 -3.517567 10.014919 143 149 139
-2.320073 -2.504904 10.223029 88 99 85
-2.223680 -0.744427 10.527266 166 183 167
-2.248450 -1.317838 10.397861 186 187 179
-2.237611 -1.071511 10.423521 154 154 146
-2.336592 -3.267221 10.111179 30 31 25
-2.192403 -0.049083 10.526328 119 105 92
-2.284185 -2.436375 10.223590 164 171 163
-2.027366 2.726306 10.880223 126 116 104
-2.085953 0.469214 10.631003 123 111 99
-2.133760 -0.830785 10.454807 135 122 114
-2.216821 -3.197204 10.146070 43 45 34
-2.037062 0.431554 10.673917 165 176 162
-1.955635 2.247550 10.875105 148 154 142
-1.859771 3.382273 11.010206 135 118 108
-2.147858 -4.424960 10.150954 18 27 22
-1.685022 2.225348 11.007029 153 165 151
-1.979411 -3.840288 10.241817 29 28 23
-1.979411 -3.840288 10.241817 29 28 23
-1.475945 4.625908 11.305790 114 100 87
-1.532137 2.280733 11.069312 108 108 98
-1.310477 6.604529 11.595500 33 28 22
-1.413197 4.097861 11.301649 155 163 152
-1.209253 7.216989 11.700870 46 49 38
-1.526556 0.905312 10.906750 137 125 113
-1.659051 -1.983041 10.578049 152 160 149
-1.457843 1.561322 11.070658 33 33 25
-2.085909 2.658312 7.824822 118 136 124
-1.510027 0.432929 10.906459 154 162 149
-1.552538 -0.287483 10.788189 135 107 95
-1.530762 -0.285908 10.782460 142 126 113
-1.350001 2.822356 11.230028 151 159 146
1.256061 5.916207 21.316961 162 173 156
-1.568442 -1.490684 10.614426 139 127 115
-2.748898 2.212566 5.375356 118 128 117
-1.553709 -1.537457 10.617830 162 156 142
-1.581351 -2.095220 10.553507 120 109 103
-1.249164 4.137520 11.363775 147 145 132
-1.247117 3.407799 11.342976 28 31 24
-1.402987 0.744652 10.941247 126 116 107
-1.462440 -0.781463 10.772207 186 188 177
-1.468216 -1.483607 10.697779 188 192 177
-1.468216 -1.483607 10.697779 188 192 177
-1.443840 -1.400554 10.759069 168 175 159
-1.215458 2.809078 11.270536 143 153 142
-1.386366 -0.679167 10.815969 119 106 98
-1.292660 0.981566 11.037029 163 171 158
-1.457448 -1.953930 10.622081 149 166 148
-1.491446 -2.720373 10.542924 144 160 147
-1.417579 -1.570359 10.664475 105 96 87
-2.265844 -3.285303 8.195484 124 120 109
-1.108179 0.976236 11.117415 157 167 156
-0.814623 5.353961 11.655238 123 134 120
-1.134737 -0.813165 10.917284 149 152 143
-1.241698 -3.206167 10.573257 117 124 116
-1.206722 -2.761902 10.618357 101 90 86
-1.288714 -4.422781 10.366796 20 19 15
-0.544017 7.819392 12.018394 42 39 30
-0.915993 1.147868 11.196951 217 199 185
-1.130990 -2.639820 10.696636 116 124 113
-1.167782 -3.880031 10.540812 24 20 17
-1.095934 -3.793916 10.611240 97 94 89
-0.782475 0.848224 11.207109 90 82 69
-0.633781 2.175179 11.497879 10 16 14
-1.038058 -3.852257 10.601873 94 97 90
-0.865777 -1.426066 10.955339 134 139 132
-2.216997 -1.112573 6.797279 0 5 0
-0.369002 5.992258 11.929678 125 127 116
-0.911290 -2.761080 10.764955 106 99 93
-3.668650 -0.248720 3.639286 5 12 4
-1.288393 4.496561 9.044889 131 127 118
-0.848458 -2.691996 10.847600 19 27 16
-0.896412 -3.250364 10.734796 131 139 128
-0.622986 0.987009 11.298107 152 163 149
-0.816200 -2.666008 10.897199 118 124 114
-0.609893 0.354102 11.277498 149 163 150
-0.635670 0.105484 11.206398 147 153 141
-0.647223 -0.164832 11.105485 153 154 140
-0.797485 -2.780190 10.808414 115 106 101
-0.684204 -2.077514 11.013334 14 24 13
-0.664198 -1.400991 11.011237 153 161 148
-0.394651 2.662393 11.553216 114 92 81
-0.425590 2.057333 11.475960 119 99 90
-0.540863 -0.893944 11.152584 27 26 21
-0.540863 -0.893944 11.152584 27 26 21
-0.607002 -2.167612 10.944348 113 108 102
-0.029425 6.502804 12.073803 46 39 29
-0.393414 0.817137 11.344483 155 146 131
-0.621678 -3.303815 10.872370 18 28 19
-0.634231 -3.859115 10.749900 105 113 102
-0.632292 -3.861928 10.753182 105 113 102
-0.403292 -0.817506 11.170393 150 158 147
-0.233985 0.940033 11.461103 140 150 141
-0.366707 -1.554353 11.126036 104 99 93
-0.542713 -4.443911 10.712276 88 101 91
-0.271823 -0.840732 11.208286 130 138 127
0.272412 5.259802 12.127020 30 27 18
0.233280 4.026651 12.041308 23 20 15
0.431603 6.957134 12.373582 111 109 97
0.156671 2.774254 11.841626 135 151 141
-0.298180 -3.428572 10.961404 94 91 82
0.221148 3.415060 11.936551 125 137 127
-0.173830 -2.191230 11.133972 114 115 109
0.379934 5.219823 12.134580 42 33 24
-0.128384 -2.184978 11.120882 118 123 116
0.271844 2.808752 11.879191 136 148 136
-1.554394 -1.050753 7.317861 81 91 80
0.577881 7.150231 12.443938 41 38 29
0.127331 0.306531 11.595242 7 12 6
-0.119163 -2.702144 11.102574 106 116 107
0.494527 5.244800 12.178373 131 139 128
0.626233 7.102592 12.407337 51 47 35
0.083881 -0.922171 11.426037 25 26 18
0.165116 0.325662 11.538104 128 134 122
-0.007369 -2.078432 11.210817 115 122 114
0.619804 6.478556 12.344204 43 35 24
0.590582 5.826092 12.286613 125 113 101
-0.060910 -3.292632 11.062798 96 107 99
0.159303 -0.439762 11.449247 57 43 34
0.078136 -2.113382 11.291847 9 16 8
0.290507 0.785280 11.658660 130 122 111
0.196133 -1.523989 11.420185 9 19 10
0.158033 -1.646936 11.314262 84 96 86
0.025246 -3.452070 11.074365 78 78 70
0.291197 -0.898869 11.509799 129 132 123
0.457425 1.421536 11.797179 139 129 120
0.094518 -4.556854 10.998194 7 11 10
0.321685 -1.849835 11.346580 117 140 132
0.525965 0.789943 11.687225 112 98 89
1.174955 7.129105 12.673244 20 23 12
1.102999 5.890442 12.516832 130 132 121
1.160173 5.880919 12.573416 38 32 20
1.070871 4.598290 12.415632 29 31 20
5.064390 9.105610 22.600061 38 41 32
0.337969 -5.143168 11.073624 50 55 48
0.350970 -4.481823 11.067780 78 90 76
1.086440 3.338467 12.327133 30 29 25
1.360294 7.131243 12.716282 117 125 114
0.939933 0.851627 12.014303 17 16 12
0.939453 0.885901 11.996729 8 18 9
0.842428 0.187388 11.783165 113 109 100
1.302897 5.135821 12.515500 111 102 93
0.879043 -1.584439 11.674046 22 23 18
1.076420 0.064184 12.039339 153 154 140
1.547048 6.492754 12.734797 115 116 108
0.832786 -3.518090 11.592574 12 13 7
1.719310 7.790396 13.001050 37 40 31
0.953147 -1.057329 11.701752 115 117 106
1.215567 1.462495 12.117302 131 138 131
1.280949 2.085940 12.224017 130 136 126
1.839500 7.845531 13.042010 107 117 106
1.106311 -0.938252 11.809097 117 122 115
0.951655 -2.750713 11.549372 103 119 109
0.967037 -2.755329 11.574987 103 119 109
0.848316 -4.606075 11.371289 67 77 66
1.740095 5.790005 12.791563 120 111 102
1.810650 6.978357 12.853638 109 101 88
1.067673 -2.777407 11.618618 95 108 99
0.874958 -5.274546 11.311465 4 2 3
0.877794 -5.167596 11.290606 93 98 92
2.007563 6.490173 12.984235 23 20 15
2.007563 6.490173 12.984235 23 20 15
1.864971 4.493594 12.728647 101 88 79
2.107040 7.003513 13.037648 112 114 103
1.872904 2.685263 12.613090 22 25 16
2.269855 7.747102 13.195543 38 41 34
1.997086 4.481015 12.762856 112 115 104
1.441546 -1.558711 11.863613 100 105 98
1.794191 1.415380 12.408373 33 34 29
2.019177 3.974118 12.739577 122 133 119
1.755988 0.795205 12.288733 14 11 6
1.885477 2.053677 12.485787 121 132 124
1.985321 3.192526 12.634735 102 98 89
-2.340205 0.904099 4.998731 73 69 60
1.856444 1.347888 12.366573 109 107 95
1.824810 0.712998 12.293764 124 123 118
2.399584 7.014167 13.165676 110 100 91
2.488649 7.798598 13.296068 114 124 113
1.727879 -0.774936 12.100289 74 87 78
1.446121 -3.998344 11.640908 69 79 68
1.874921 -0.330818 12.253858 100 101 95
1.715838 -2.952148 12.017861 10 12 7
1.797885 -1.634077 12.095570 94 101 94
2.679494 6.428009 13.228373 37 39 28
1.579077 -5.474933 11.554138 16 13 6
1.738165 -4.204562 11.774745 68 63 57
2.994246 7.759515 13.551541 25 36 28
2.542197 2.583392 12.832223 107 109 98
2.435634 1.910043 12.654396 100 87 79
2.853297 5.803342 13.268867 18 24 14
2.853297 5.803342 13.268867 18 24 14
2.853297 5.803342 13.268867 18 24 14
3.125885 8.404267 13.621061 114 118 101
2.042097 -2.904763 12.004508 16 19 12
2.085370 -2.860117 12.049469 70 81 73
2.852493 4.514344 13.123327 10 15 8
2.656928 1.998788 12.826101 25 26 20
2.514262 0.798754 12.611961 123 129 119
2.822304 3.323766 13.024286 128 135 128
2.744425 2.494380 12.885577 145 145 133
3.233355 7.679777 13.561901 33 45 33
3.180678 7.075297 13.477151 100 106 96
3.431565 8.940462 13.810110 139 152 143
3.431565 8.940462 13.810110 139 152 143
2.391566 -1.653508 12.313272 98 101 94
2.674475 0.819415 12.680799 122 130 119
2.679773 0.933307 12.662538 135 139 124
4.863782 2.259286 17.473688 136 136 126
2.575735 -0.490525 12.520703 12 11 7
3.479621 7.757295 13.735259 36 48 36
2.344489 -3.480806 12.122713 63 69 59
2.345605 -3.631331 12.077773 69 65 62
38.604763 53.016891 80.928452 115 109 97
3.485180 6.454522 13.573587 118 125 117
2.471573 -4.164341 12.090908 4 4 2
2.512009 -3.635262 12.132325 87 84 75
2.509769 -3.983101 12.115815 74 74 66
2.725168 -1.812794 12.385392 82 75 69
3.713544 6.422757 13.700431 25 33 22
3.197671 1.886320 12.958509 106 95 89
3.889328 7.678920 13.852812 41 53 43
3.643674 4.523055 13.457759 124 134 125
3.628012 3.902795 13.379375 116 124 113
4.049995 7.732295 13.928484 113 125 113
3.517665 1.329739 13.138768 12 11 6
4.072297 6.425986 13.816134 123 128 121
3.566407 1.396805 13.115312 127 127 119
3.025930 -4.208209 12.324465 5 6 1
3.628317 0.681250 13.058733 21 18 11
3.465063 -1.094700 12.850183 92 93 85
4.471468 7.652526 14.093939 41 48 40
4.618353 7.716466 14.170564 110 120 109
4.539756 6.367754 14.024404 26 32 22
4.724154 7.707273 14.243883 43 50 42
4.600802 5.782522 14.032690 31 28 19
4.398325 3.834126 13.736334 14 19 12
3.393934 -4.311303 12.441173 67 62 58
3.393934 -4.311303 12.441173 67 62 58
3.841758 -0.502732 13.002680 87 93 83
4.554376 4.995999 13.881359 111 107 98
4.559529 4.559780 13.856997 117 120 113
4.491174 3.095292 13.673332 97 84 78
4.438455 2.476007 13.566173 98 101 92
5.312946 7.684164 14.476427 29 39 28
4.673742 2.468175 13.660499 102 102 92
4.242644 -1.808594 13.092345 16 15 10
5.435318 6.391056 14.401209 24 29 22
5.435318 6.391056 14.401209 24 29 22
4.171182 -3.737507 12.845685 67 62 56
5.074728 3.697153 13.905961 99 90 81
4.435093 -2.339196 13.068277 67 75 64
12.137080 -5.106323 23.953083 73 79 69
5.380115 3.789582 14.104350 14 15 9
5.264260 2.518676 13.973969 12 15 8
5.403463 3.860737 14.100855 108 109 101
5.046003 -0.554475 13.558427 95 105 94
5.060783 -0.556901 13.574628 95 105 94
4.907107 -1.789092 13.347380 74 75 69
3.258651 5.028167 11.026215 39 45 35
2.467494 4.356677 10.077457 39 45 35
-6.514925 -0.529072 9.590678 107 103 91
-5.977418 -2.140734 8.831861 126 130 113
-6.371111 1.966223 7.925477 179 181 159
-6.585356 2.494134 10.638371 159 161 140
-6.334531 1.985708 7.943015 108 104 79
-5.874187 0.556579 7.744219 122 114 101
-6.176314 -1.146438 9.149309 87 88 74
-6.337633 -3.172408 11.497581 170 174 157
-5.367674 -0.162270 5.003925 122 133 117
-6.375612 -2.784343 12.990487 183 201 175
-6.067463 0.071908 9.606941 201 194 178
-5.783560 0.607957 8.327529 122 114 101
-6.383419 -6.949279 17.614027 168 168 144
-6.409144 -6.284513 17.769611 152 147 128
-6.551157 -3.651787 18.511686 173 160 143
-6.609438 -3.076481 18.854528 178 167 149
-6.411272 2.926951 11.562605 99 92 73
-6.257293 -6.899337 17.358883 70 73 62
-6.385891 -4.941694 17.880028 178 173 154
-6.385891 -4.941694 17.880028 178 173 154
-6.283165 -6.181258 17.631023 87 96 79
-6.594309 -0.447247 19.308853 189 172 156
-6.285045 -4.054639 17.927094 109 121 97
-6.650249 0.450820 19.578157 140 129 111
-6.266326 -3.660017 17.922131 122 119 102
-6.266981 -3.493797 18.077318 187 195 172
-6.248393 -2.948996 17.958746 183 171 149
-6.231666 -2.835735 18.057571 180 182 160
-6.351811 -1.007717 18.463772 181 164 146
-6.671449 3.701757 20.033888 113 96 78
-6.277397 -1.589406 18.407204 105 98 79
-6.268846 -0.937507 18.217442 114 115 101
-5.868588 -5.918578 16.582407 156 160 145
-5.944033 -4.740520 16.895266 81 83 69
-6.277436 -0.183583 18.465918 122 127 105
-6.024498 -3.371480 17.289415 174 182 159
-6.186693 -0.762477 18.122387 229 224 205
-5.852708 -5.450426 16.594957 166 165 147
-6.788464 7.889192 20.853424 104 103 83
-5.788535 -5.844967 16.213383 132 145 127
-6.546471 4.509399 20.046181 92 79 60
-6.569724 5.209517 19.999134 186 188 164
-6.569724 5.209517 19.999134 186 188 164
-5.915581 -3.979925 16.936098 189 197 174
-5.958246 -3.233427 17.065319 204 200 171
-6.748126 9.967430 19.683949 191 209 185
-6.450536 3.771944 19.623432 106 98 77
-6.366583 3.104904 19.190527 94 85 68
-5.939030 -2.839666 17.112890 188 183 161
-6.846924 -6.296359 34.910835 125 130 108
-5.796708 -4.773213 16.473999 148 136 124
-6.674141 7.915503 20.661249 111 108 89
-5.837620 -4.125449 16.677061 179 172 156
-6.293962 2.484185 18.984293 202 200 179
-6.410518 5.206843 19.571074 190 192 168
-6.156615 1.148083 18.548285 214 217 196
-5.950596 -1.575702 17.355976 178 161 145
-6.179126 1.821441 18.642834 201 203 182
-5.823277 -3.291790 16.820166 174 183 164
-6.299601 3.789843 19.221300 94 87 68
-6.179814 2.468125 18.740101 105 100 81
-6.616488 10.001878 20.777748 192 210 188
-6.267176 4.765693 19.670216 127 122 103
-6.099891 1.794652 18.588324 92 84 63
-6.099891 1.794652 18.588324 92 84 63
-5.860897 -1.489509 17.172974 113 107 91
-6.107737 3.217358 18.566620 203 205 184
-6.392181 7.951049 20.003410 94 96 75
-5.542135 -5.240263 15.821092 74 72 57
-5.502077 -5.911938 15.749996 72 80 67
-5.891966 0.420992 17.672249 188 171 153
-6.077887 3.200657 18.731546 102 100 79
-5.693737 -2.185910 16.629805 180 164 148
-5.552790 -4.034550 15.988942 166 152 139
-6.273780 7.917074 19.677177 108 104 79
-5.713178 -0.851379 16.930525 184 166 146
-6.028355 4.578800 18.614239 190 192 170
-5.470755 -4.670638 15.739266 143 146 127
-5.936905 3.248162 18.285233 188 191 172
-6.122092 6.642009 19.104074 165 177 153
-5.418530 -5.150529 15.536004 142 144 123
-5.138016 1.289246 4.521596 107 116 113
-6.145257 3.339001 17.225838 127 122 103
-5.560150 -2.150214 16.237041 178 169 152
-5.542561 -2.182196 16.253260 189 180 165
-5.855857 3.229096 17.936682 204 207 186
-5.858421 3.404724 17.876553 196 183 164
-5.512209 -2.594980 16.174454 111 115 98
-5.678723 0.439570 16.977894 183 161 147
-6.108723 7.971878 19.311106 90 88 67
-6.108723 7.971878 19.311106 90 88 67
-5.523256 -2.033876 16.130156 96 98 77
-6.098783 7.983759 19.192238 172 175 154
-5.758651 1.911062 17.602373 198 199 181
-5.558334 -1.458649 16.507866 170 154 138
-5.477915 -2.676443 16.087805 85 82 67
-5.811397 3.341268 17.797457 134 133 112
-5.547861 -1.356312 16.566961 181 189 166
-5.684709 1.223947 17.340994 206 208 186
-6.001402 7.283099 18.826283 189 192 171
-5.499816 -1.274028 16.263184 124 132 111
-5.229346 -5.671398 14.927536 125 131 119
-5.746473 3.890427 17.787714 188 196 173
-5.626185 2.018099 17.199774 146 124 110
-5.487581 0.016048 16.516571 134 127 109
-5.167856 -5.724182 14.778050 65 67 54
-5.217856 -4.387680 14.988531 158 171 153
-5.217744 -3.922295 15.053131 173 170 153
-5.505950 1.541440 16.870359 121 98 84
-5.520384 1.826794 16.929739 189 168 149
-5.172475 -4.349366 14.966936 97 105 90
-5.763021 7.243877 18.293091 84 87 66
-5.763021 7.243877 18.293091 84 87 66
-5.220014 -3.130709 15.181212 155 165 141
-5.879999 9.805391 18.972307 136 153 134
-5.742801 7.956272 18.286482 176 179 160
-5.209525 -2.531925 15.395749 161 175 152
-5.121595 -3.893331 14.867686 145 141 130
-5.605281 5.927632 17.827517 77 71 55
-5.657832 7.261584 18.076572 72 77 55
-5.537498 1.526595 6.970327 63 66 49
-5.737609 9.792657 18.560274 130 149 129
-5.883493 6.909374 31.527916 80 78 57
-5.030273 -4.463377 14.743817 72 73 59
-5.331536 2.071551 16.418741 186 177 160
-5.419319 4.007416 16.939070 131 119 107
-5.234147 0.530101 15.893636 162 139 123
-4.937172 -5.578603 14.229319 107 108 94
-5.370025 3.889784 16.904299 88 85 70
-4.943794 -4.947598 14.368930 132 141 120
-5.340239 4.573985 17.052351 91 90 70
-5.068123 -1.229997 15.291090 188 203 184
-4.940033 -3.712887 14.450061 145 152 136
-5.054665 -0.639110 15.432998 84 85 67
-5.356257 6.606114 17.268578 86 83 66
-4.830048 -5.524029 13.962385 115 113 101
-4.850328 -4.914464 14.066497 129 131 118
-4.809129 -5.644786 14.010977 52 50 37
-4.973634 -1.287313 15.148655 94 97 80
-5.376729 9.818181 17.544512 186 205 186
-4.746354 -5.654572 13.747017 125 126 110
-4.736130 -5.474194 13.693229 119 120 106
-5.331546 9.726871 17.467991 126 143 124
-5.319133 9.806744 17.562962 126 143 124
-4.802234 -3.052407 14.269389 156 160 143
-4.995684 3.263205 15.870914 64 58 44
-4.794532 -1.784672 14.496062 183 192 173
-4.888806 0.762479 15.080661 147 148 134
-4.801599 -1.131839 14.519544 134 143 124
-5.084055 6.500866 16.344589 60 69 48
-4.948610 3.304439 15.743835 184 185 169
-5.010681 5.285718 16.122238 180 190 166
-5.034224 5.919072 16.188454 181 190 171
-5.059094 6.903387 16.319130 174 171 140
-4.757201 -1.157265 14.501101 171 184 166
-4.653607 -3.707159 13.686765 136 124 112
-4.868235 3.974316 15.663449 181 188 170
-5.062581 9.748878 16.833914 119 142 126
-4.596330 -3.578728 13.633279 153 160 144
-4.888580 5.263326 15.901877 73 66 48
-5.014153 9.673573 16.699272 170 193 175
-4.647073 -0.497699 14.361264 197 202 182
-4.926682 7.877821 16.074507 168 175 157
-4.954607 1.276120 4.607100 114 125 119
-4.881182 7.053667 15.775357 167 169 147
-4.954051 0.444275 4.480982 93 90 85
-4.704077 2.717867 14.985762 179 187 166
-4.441188 -4.904947 13.206766 49 40 31
-4.825979 7.243826 15.760158 169 178 157
-4.689260 3.105783 14.964494 128 112 97
-4.835187 7.957981 15.946928 151 162 145
-4.639002 2.660261 14.894675 69 67 54
-4.618299 2.009542 14.766656 82 75 59
-4.643291 2.753011 14.777319 114 112 99
-4.547616 0.733729 14.430806 86 87 69
-4.740571 7.495259 15.656085 169 179 145
-4.612664 3.947661 14.997883 73 72 54
-4.512308 0.803081 14.187302 193 202 185
-4.704069 7.225457 15.438817 172 184 160
-4.508415 0.805274 14.205110 193 202 185
-4.461957 -0.906123 13.748414 112 100 88
-4.373130 -3.681759 13.189899 64 70 58
-4.368807 -3.543893 13.249718 152 165 148
-4.698243 7.768292 15.536014 158 162 139
-4.699059 7.873188 15.583677 68 80 58
-4.577433 4.014007 14.931173 182 195 177
-4.443178 -0.877342 13.673879 167 153 142
-4.553404 3.343633 14.737841 195 199 184
-4.302158 -4.856674 12.899736 52 46 34
-4.408309 -0.487361 13.871984 63 61 46
-4.323377 -3.618024 13.128932 58 64 50
-4.455533 1.981331 14.244535 153 131 117
-4.618903 7.890658 15.307518 174 183 164
-4.593101 7.186099 15.244192 82 85 66
-4.346174 -1.773997 13.259588 164 145 131
-4.329169 -1.093612 13.506340 145 156 139
-4.259735 -3.531126 13.052150 148 162 147
-4.534519 7.464981 14.926121 167 166 135
-4.526211 7.487544 14.987766 167 166 135
-4.526211 7.487544 14.987766 167 166 135
-4.228707 -3.572344 12.998146 53 60 42
-4.212000 -4.659619 12.441762 118 116 104
-4.494190 7.919525 15.077832 168 181 163
-4.322207 1.417791 13.879458 84 83 63
-4.391228 4.661757 14.411305 165 179 156
-4.305429 2.082088 13.860056 194 205 189
-4.315227 3.571984 14.053448 180 167 150
-4.289224 3.573287 13.961306 133 127 111
-4.276215 3.943934 14.157514 84 85 69
-4.298244 5.241958 14.102414 173 188 169
-4.287753 6.531349 14.274367 170 179 162
-4.060842 -3.500072 12.297508 65 55 43
-4.253938 7.892601 14.455937 164 176 156
-4.057170 -1.645055 12.596409 84 77 61
-4.065690 -0.761629 12.702192 100 80 71
-4.130581 3.445539 13.579996 183 187 172
-4.065946 0.006274 12.838345 195 182 165
-4.167841 5.944010 14.060252 179 183 169
-4.205240 7.860313 14.406813 71 80 61
-4.016117 -0.210961 12.726246 148 122 109
-3.998218 -0.338480 12.770577 187 195 180
-4.028471 1.662357 12.939244 201 175 162
-3.952348 -1.623959 12.525612 92 96 82
-4.086500 5.873218 13.782652 51 55 38
-3.924335 -2.733216 12.112423 164 175 159
-4.085649 7.215829 13.930830 164 173 154
-3.868830 -4.580616 11.732156 129 133 118
-3.947230 0.898935 12.830175 180 193 176
-3.947230 0.898935 12.830175 180 193 176
-3.835299 -4.679111 11.605680 117 103 90
-4.018258 7.836144 13.839774 70 74 60
-4.018258 7.836144 13.839774 70 74 60
-3.859557 -2.724814 11.883749 160 173 155
-3.843801 -2.134700 12.073411 160 171 154
-5.899398 0.298181 2.986428 149 135 122
-4.714054 1.441791 5.769271 124 111 103
-3.815704 -0.972433 12.225530 76 67 52
-3.847107 1.489487 12.548260 80 71 56
-3.862844 2.211112 12.599664 140 132 113
-3.801607 0.877119 12.618212 70 68 53
-3.873378 5.901878 13.164266 162 169 153
-3.806177 0.266245 12.146856 103 97 83
-3.773451 -0.856847 12.086704 179 188 171
-3.773299 -0.856458 12.086823 179 188 171
-3.758698 -2.597514 11.600657 172 166 152
-3.758698 -2.597514 11.600657 172 166 152
-3.751384 -0.966570 11.921300 169 147 134
-3.722359 -3.425623 11.495967 141 126 119
-3.733231 -2.173177 11.734125 73 66 56
-3.799472 4.702831 12.966106 182 186 171
-3.779022 3.416426 12.649570 181 189 174
-3.695614 -3.594425 11.484148 79 80 72
-3.770663 2.218856 12.315276 148 149 133
-3.756954 1.581807 12.260476 113 110 95
-3.705689 -0.899557 11.782568 100 97 82
-3.667740 -2.080689 11.605505 170 184 171
-3.693037 0.288024 11.903998 100 95 75
-3.655821 -0.954944 11.780765 163 161 148
-3.640985 -0.963507 11.752957 161 172 158
-3.580649 -2.112275 11.636804 170 178 163
-3.649856 4.248423 12.392198 128 120 107
-3.642103 4.258506 12.331238 226 220 206
-3.642103 4.258506 12.331238 226 220 206
-3.561266 -0.903817 11.655782 95 92 77
-3.597033 2.283194 11.927264 195 189 173
-3.534528 -1.434511 11.382275 187 200 182
-3.538413 -1.525597 11.296653 184 176 165
-3.518631 0.328435 11.764381 65 66 50
-3.573377 6.528357 12.593182 74 81 65
-3.573775 6.564301 12.515793 166 177 160
-3.537485 3.454720 11.933618 132 129 114
-3.546299 7.139836 12.536311 73 80 64
-3.481597 -3.339675 10.883399 148 140 129
3.111183 11.456819 52.762386 142 130 118
-3.498873 5.883718 12.272381 61 59 44
-3.467442 0.707438 11.450833 194 175 161
-3.442066 -4.133802 10.615472 156 142 133
-3.420771 -3.884329 10.723800 55 49 37
-3.445933 5.291119 12.059700 55 56 42
-3.432413 2.840021 11.669173 182 199 181
-3.427328 5.890140 12.116254 55 56 40
-3.405578 -1.510166 10.954008 162 148 139
-3.388485 -1.312029 10.961739 186 186 174
-4.279693 3.216781 9.372327 175 188 170
-3.402919 3.960319 11.653871 155 139 126
-3.349293 -3.920897 10.621666 133 143 134
-3.344978 -1.987807 10.842364 174 187 170
-3.362822 6.551113 11.922519 155 166 149
-3.338344 -0.332353 10.970774 188 189 171
-3.339069 -0.467139 10.946538 201 208 190
-3.318877 -3.242550 10.612152 28 26 14
-3.298989 -3.887908 10.528516 57 55 42
-3.326408 -3.279174 10.438806 151 134 124
-3.339571 1.804798 11.138513 157 129 115
-3.319950 1.669551 11.194147 138 126 114
-3.296506 1.788287 11.265227 157 129 115
-3.365258 7.007747 14.373389 149 157 142
-3.278726 1.582051 11.165607 56 56 44
-3.284950 -3.256361 10.369329 151 137 128
-3.277856 2.344709 11.192539 127 109 99
-3.245486 -2.756386 10.552526 164 156 143
-3.251461 1.614002 11.074450 182 193 177
-3.254849 0.922530 10.959693 197 190 174
-3.230848 0.495442 11.011509 183 177 165
-3.255905 6.556245 11.676836 159 167 152
-3.263003 2.271082 11.011512 126 116 107
-3.251784 -0.829450 10.627762 170 156 147
-3.228994 -3.235824 10.388785 58 48 38
-3.228994 -3.235824 10.388785 58 48 38
-5.081688 1.198375 5.461760 54 61 45
-3.170727 1.738704 11.054788 204 216 196
-3.201115 -1.455643 10.375103 198 201 180
-3.157602 -0.443334 10.690557 194 189 170
0.305441 -12.671535 45.326931 137 149 129
-3.199168 -3.854194 10.029564 163 161 146
-3.181513 -2.851375 10.004507 160 152 141
-3.130420 1.342873 10.678213 136 126 116
-3.155305 -3.085704 10.022702 166 174 159
-3.118457 0.713242 10.601941 187 182 163
-3.123896 -1.240783 10.291138 192 190 177
-3.100028 3.377890 10.833977 207 199 180
-3.103872 -1.290141 10.206835 135 146 129
-3.065885 2.151169 10.630981 196 206 182
-3.066035 6.504559 11.082122 153 167 142
-3.062183 3.268722 10.707794 142 137 117
-3.065164 1.067300 10.430598 139 119 108
-3.069434 -2.597504 9.939528 157 147 138
-3.062699 -2.006336 10.017031 161 147 136
-3.053198 -1.416494 10.075104 193 190 171
-3.018440 -3.174014 9.936202 34 31 16
-3.047150 -1.471991 9.984125 197 190 180
-2.989749 6.558000 11.041820 167 178 162
-3.006118 0.946706 10.316231 199 186 167
-3.008934 0.236888 10.218148 193 177 161
-2.998208 4.360035 10.666587 195 198 179
-3.001190 -2.559979 9.941914 53 57 42
-2.998663 -0.062598 10.190256 164 148 133
-2.995824 1.666309 10.369718 130 128 116
-2.998457 0.704065 10.253813 191 190 170
-2.990217 1.815911 10.370925 218 222 199
-2.979776 1.476067 10.338439 129 113 98
-2.985109 3.009554 10.447691 179 174 155
-2.977044 0.711530 10.241916 117 111 99
-2.972092 0.793854 10.263262 131 108 90
-2.942190 3.286534 10.503934 135 107 93
-2.952840 3.026585 10.435553 102 84 72
-2.950594 3.130062 10.446729 114 98 83
-2.941067 2.056469 10.356016 121 117 106
-2.930913 4.055015 10.564474 25 33 20
-2.926423 5.304849 10.673633 166 174 163
-2.929656 1.538036 10.296242 162 173 156
-2.910814 5.847286 10.740552 123 120 113
-2.919260 4.871401 10.587791 108 110 97
-2.896482 -0.181318 10.159026 146 135 131
-2.887727 2.759909 10.448138 133 119 110
-2.858531 6.550277 10.861877 46 59 49
-2.868937 3.504353 10.511104 163 168 148
-2.844419 0.780328 10.317009 169 156 148
-2.844419 0.780328 10.317009 169 156 148
-2.858498 4.698744 10.611417 125 136 122
-2.841628 5.349092 10.693061 125 142 134
-2.802588 5.067889 10.655612 166 173 157
-2.805874 4.664968 10.585313 129 137 124
-2.749444 0.964321 10.390180 140 123 115
-2.742472 4.080906 10.618217 142 147 141
-2.735707 -2.637494 10.022265 123 114 109
-2.713017 2.157440 10.473778 153 140 131
-2.696885 5.919663 10.808556 126 134 123
-2.695735 4.933313 10.681785 144 153 136
-2.696661 -3.102136 9.982780 152 159 151
-2.668726 4.022959 10.607617 22 32 21
-2.666289 4.616711 10.701316 147 155 140
-2.607558 3.477529 10.676619 142 150 139
-2.632985 -1.438210 10.180153 134 123 117
-2.569962 -2.327909 10.284550 165 168 147
-2.604729 -1.910551 10.154469 158 166 155
-2.539826 2.764299 10.602964 120 105 100
-2.522707 0.228811 10.405381 122 113 104
-2.471264 6.223718 10.993374 135 139 124
-5.264825 1.194982 4.226518 186 197 180
-2.538471 -3.922417 9.985077 167 164 159
-2.453081 1.633541 10.602218 160 172 162
-1.585621 5.827325 13.965863 32 29 14
-2.386701 1.634974 10.605979 162 175 165
-2.394600 -0.808946 10.375903 162 159 150
-2.207654 0.828114 11.510401 182 184 170
-2.364508 -3.530237 10.126585 135 139 124
-2.305123 3.790251 10.758674 123 126 107
-2.237027 6.544639 11.049898 129 139 128
-2.312490 -1.431058 10.322969 132 123 116
-3.168846 2.674258 7.955668 111 124 114
-2.252662 -3.282215 10.211279 124 124 114
-2.167399 2.222766 10.745809 161 173 163
-2.180658 0.102300 10.557069 101 88 80
-2.228402 -3.288022 10.195829 72 67 63
-2.136200 1.572878 10.741121 39 44 37
-2.069717 6.576585 11.151991 133 144 130
-2.069142 2.289001 10.790124 115 108 98
-2.018878 5.317472 11.057762 134 144 136
-2.065400 -1.296758 10.409376 126 134 123
-0.309274 -2.405999 14.958512 43 49 37
-2.037645 -1.457190 10.451403 125 116 109
39.186077 88.456047 129.675491 154 165 148
-2.022007 -1.939192 10.387997 146 154 143
-2.024299 -2.579827 10.346455 127 133 123
-1.939665 -4.392127 10.208874 118 128 120
-1.718903 2.204644 10.955078 148 159 153
-1.781876 -0.273635 10.676394 152 145 139
-1.821269 -4.092366 10.192183 110 112 107
-1.462459 6.555596 11.464730 27 30 19
-1.550894 2.315238 11.026690 213 213 203
-1.550894 2.315238 11.026690 213 213 203
-5.253014 0.124599 3.990473 23 29 19
-1.394869 4.050104 11.307156 33 34 28
-1.374184 5.313510 11.397931 26 28 17
-1.342284 6.569171 11.521258 33 28 22
-1.578478 -3.939616 10.501268 21 17 14
-1.346687 3.406668 11.268491 143 151 140
-1.484939 -1.628412 10.709795 122 133 117
-1.295674 5.951531 11.447550 127 143 130
-1.331566 2.159879 11.167945 29 34 27
-1.250800 5.340600 11.415792 121 129 118
-1.356534 -0.191305 10.927906 148 162 149
-1.367031 -0.250082 10.871664 42 45 36
-1.273221 0.889167 11.053940 134 127 119
-1.336348 -3.427588 10.625469 114 116 111
-1.081723 4.555522 11.409222 114 100 91
-0.842585 6.602247 11.744992 126 133 125
-0.623939 5.916509 11.785126 30 30 20
-1.988947 2.347529 8.708476 15 17 12
-0.500883 7.235047 11.986806 35 37 24
-0.588949 4.067709 11.648032 111 124 114
-0.497813 5.945178 11.865498 34 37 30
-0.497813 5.945178 11.865498 34 37 30
-0.434091 7.200562 11.955012 127 130 119
-0.880917 -4.510318 10.707250 96 105 100
-1.712941 2.806496 9.266594 121 142 127
0.744199 6.460675 14.397359 131 148 132
-0.340971 6.553020 11.938695 120 127 119
-0.398518 3.939244 11.708168 119 117 104
-0.476537 2.077139 11.511168 112 103 98
-0.334009 5.226728 11.847721 117 108 99
-0.680470 -2.505371 10.977613 72 63 56
-0.124526 5.971078 12.023725 121 129 118
-0.468221 -2.156670 11.151664 20 25 18
-0.394919 -1.476462 11.203362 135 145 134
-0.273936 -1.641933 11.251527 129 129 121
-0.110593 0.233106 11.508040 120 112 101
-0.242443 -1.955578 11.225940 134 137 130
0.298942 5.296716 12.179771 35 33 21
0.368373 6.587590 12.322392 35 28 18
0.368373 6.587590 12.322392 35 28 18
0.202438 2.136736 11.913335 20 30 22
0.431806 7.222084 12.368041 114 125 111
0.395901 5.951872 12.262390 114 125 111
0.123279 1.482384 11.676823 28 34 24
0.371932 5.301768 12.167690 118 121 114
0.322488 3.409672 11.999017 121 142 127
0.312932 3.280775 11.980399 132 124 113
-0.053457 -3.520587 11.209164 88 91 82
-1.790477 -0.820123 8.960639 29 37 22
0.059422 -2.851513 11.337541 18 21 12
0.067723 -2.271699 11.353260 119 130 122
0.582119 5.871052 12.288391 34 29 23
2.997374 0.167481 16.640171 114 101 92
0.904318 7.959030 12.724518 125 135 126
0.413465 -1.946401 11.568822 116 136 125
0.980965 7.193833 12.608484 115 127 115
0.985044 7.195885 12.614242 115 127 115
0.991848 2.152688 12.263827 132 144 134
0.653507 -2.614329 11.655241 96 107 99
0.931726 0.921084 12.134368 131 139 128
1.297705 7.166357 12.762497 34 42 31
1.297705 7.166357 12.762497 34 42 31
1.309679 6.586752 12.739293 120 125 119
3.640903 4.030404 17.062395 22 32 24
1.479042 6.523464 12.796958 27 24 19
-0.264735 -2.086010 10.024174 97 100 93
1.452511 5.311144 12.664851 113 125 115
1.109675 -0.342279 12.074241 121 133 123
1.130874 -0.091038 12.048089 113 110 103
-0.953992 3.636618 10.030994 141 154 144
1.834791 5.924717 12.940250 35 35 25
2.011456 7.182180 13.107198 56 57 51
17.720617 -10.419052 35.764709 9 15 5
2.478013 9.700885 13.568711 134 160 151
2.118811 3.920529 12.922807 102 93 84
46.600044 12.176983 78.799019 22 32 24
2.398972 7.180941 13.287748 21 31 20
1.927729 1.344499 12.553772 109 110 96
2.066377 2.101464 12.755642 117 127 119
1.404258 -4.802945 11.751098 15 18 9
2.204169 3.338525 12.907316 0 4 0
2.470670 7.148871 13.285154 42 45 36
-0.259739 -0.038793 9.146152 82 73 68
2.005855 0.625793 12.542070 122 125 116
2.746248 7.335525 13.598074 42 45 36
2.975397 7.491577 13.857908 42 45 36
1.965775 -1.031430 12.394176 108 115 107
1.686457 -5.526066 11.869889 11 11 9
1.813132 -4.271109 12.037782 11 16 9
2.640088 9.793782 13.122021 160 187 178
2.640088 9.793782 13.122021 160 187 178
2.825312 4.688991 13.295845 120 132 120
2.899290 4.651367 13.337313 20 28 15
2.223375 -2.350358 12.399506 94 106 94
-5.628954 0.577679 3.021648 132 145 135
2.730708 9.766210 12.881959 155 186 178
2.880795 2.609149 13.062963 28 39 23
2.865140 0.757754 13.005178 19 22 15
2.961437 1.316552 13.080420 126 130 116
3.155559 9.787109 13.246602 105 135 125
3.853081 7.791244 13.963257 68 78 67
2.986486 -1.154141 12.834707 16 26 17
4.034333 5.942019 13.994392 44 52 41
4.229110 7.841388 14.207157 121 135 122
5.918849 -7.775165 16.801517 70 73 64
4.031147 4.654436 13.816026 109 121 109
3.962953 9.834636 13.635666 151 178 173
3.919744 1.879203 13.612878 110 112 99
4.027640 2.711178 13.699846 113 122 117
2.100853 4.262789 11.076563 35 42 35
4.166217 9.811809 13.645496 143 173 165
4.829042 7.255702 14.438498 47 50 43
4.409763 3.337986 13.874201 122 131 128
196.135437 114.926376 247.163620 2 7 1
4.725153 1.320091 13.944160 30 33 26
4.853503 2.679520 14.068790 116 126 115
4.767255 2.540303 13.945180 94 96 85
5.772584 6.677007 14.838156 107 116 113
5.854066 6.651314 14.892331 33 39 35
4.942329 0.475708 13.882416 137 130 124
4.506679 -3.889669 13.355545 11 12 6
5.661679 3.949130 14.535181 14 21 13
5.774210 3.134561 14.484165 96 91 88
5.575953 1.806780 14.278229 108 107 102
4.350592 9.780875 12.692387 159 191 186
5.768242 2.006011 14.448160 112 122 114
6.360594 5.341457 14.976040 115 125 114
6.360657 3.831848 14.796145 102 99 90
6.631177 4.615462 15.042711 23 28 21
