ply
format ascii 1.0
element vertex 6734
property float x
property float y
property float z
property uchar red
property uchar green
property uchar blue
end_header
-21.045422 11.880418 45.892925 186 187 173
-17.247208 11.873178 38.010601 93 98 94
-19.893314 12.043329 44.767109 181 185 170
-15.857642 11.438381 35.980114 179 181 170
-17.234823 11.706890 39.436207 189 195 183
-16.025803 11.373500 37.578445 184 189 182
-19.771379 12.335256 46.597000 174 180 170
-15.883080 11.641191 37.785618 93 99 99
-20.261427 -11.213332 48.486832 126 115 111
-15.758115 11.467727 38.407494 189 194 187
-14.963533 11.320057 37.069668 85 97 95
-12.342432 11.052164 30.676674 135 143 132
-6.944926 10.433237 17.291492 192 206 206
-6.532571 10.293312 16.364641 129 149 147
-6.532571 10.293312 16.364641 129 149 147
-18.822262 11.903241 47.194687 181 187 177
-6.391763 10.339272 16.060884 127 147 145
-14.904760 11.598089 37.480358 181 189 178
-15.267483 11.423078 38.380142 181 187 177
-14.714863 11.391311 37.565666 92 101 100
-14.714863 11.391311 37.565666 92 101 100
-7.123998 10.387717 18.267473 204 219 214
-19.433186 -0.406859 49.947418 216 224 227
-14.698570 11.351611 38.318802 179 187 176
-7.658042 10.569650 20.384714 154 165 157
-14.088496 11.217204 38.075642 173 183 172
-14.121243 11.686701 38.362232 177 187 178
-10.940014 -4.596399 30.015203 172 154 142
-11.710917 2.421533 32.271080 125 120 116
-7.133305 -2.978034 20.470112 115 102 93
-13.741820 11.596957 39.651173 123 126 115
-6.842333 -2.243275 19.866589 119 109 99
-12.891659 11.242012 37.522125 184 188 174
-4.058662 -5.873771 11.975230 87 82 86
-3.929770 -5.313547 11.763801 173 169 168
-3.738741 -5.158053 11.311728 127 123 120
-3.184726 -5.625431 9.825505 96 94 99
-3.086885 -5.573365 9.603354 84 82 87
-3.117309 -4.926494 9.720662 110 112 111
-3.138541 -4.442200 9.818560 179 175 176
-3.729491 -3.363561 11.688848 194 184 183
-3.088622 -4.946397 9.762084 140 145 151
-3.605098 -2.122866 11.423268 206 198 195
-3.044993 -4.327491 9.723445 93 92 98
-3.016124 -4.940503 9.677862 64 71 79
-2.991706 -2.535694 9.897122 106 100 100
-2.991706 -2.535694 9.897122 106 100 100
-3.207987 -1.360527 10.648694 212 211 207
-2.952751 -2.006466 9.966812 190 187 180
-2.844242 -5.619566 9.648159 135 131 130
-2.955047 -0.471605 10.252628 141 127 127
-2.804822 -1.983953 9.933267 168 169 161
-2.797839 -2.436686 9.990726 169 170 165
-2.813495 -0.204313 10.135393 150 134 135
-2.820955 -0.689867 10.196980 182 182 184
-2.849927 1.642194 10.307313 167 163 160
-2.687209 -5.671924 9.772987 133 132 137
-2.687209 -5.671924 9.772987 133 132 137
-2.668078 -5.903608 9.718984 132 131 136
-2.744856 -1.999268 10.074527 183 180 175
-2.650025 -5.507162 9.744246 112 119 125
-2.795271 1.086380 10.295471 182 177 171
-2.935230 4.150898 10.817807 70 71 65
-2.635952 -6.108381 9.738425 54 58 67
-2.663655 -4.449443 9.831307 159 160 155
-2.944046 5.113658 10.905030 169 164 160
-2.638315 -5.619074 9.808755 50 55 61
-2.938380 5.160161 10.917876 104 99 95
-2.938380 5.160161 10.917876 104 99 95
-2.960386 5.346870 11.017626 120 115 111
-2.901110 4.182201 10.800367 152 148 145
-2.735322 -0.218281 10.249027 141 127 127
-2.956864 6.104435 11.117534 171 173 170
-2.623183 -4.551950 9.869824 123 126 119
-2.919736 5.426028 11.002143 82 84 83
-2.735819 1.115129 10.341218 128 129 121
-2.577338 -5.531287 9.789567 141 150 155
-2.914940 5.415380 11.134871 167 163 160
-2.556692 -5.687181 9.808611 112 117 121
-2.865359 5.481558 10.981602 140 144 145
-2.574645 -5.637130 9.886111 93 102 107
-2.931473 6.914237 11.280560 118 116 117
-2.565938 -4.624881 9.865836 147 149 144
-2.827198 5.389019 10.962420 76 76 76
-2.879547 6.706738 11.189532 75 76 78
-2.900429 7.407162 11.343472 73 74 76
-2.514097 -5.641426 9.865025 53 58 62
-2.795861 5.356996 11.025618 158 159 154
-2.535880 -2.235714 10.100874 165 156 151
-2.749051 4.867683 10.987004 151 148 143
-2.570364 -0.234479 10.372638 142 130 132
-2.456323 -3.723778 10.043181 120 119 124
-2.467819 -2.469368 10.112664 164 165 160
-2.685122 5.361426 11.026742 160 158 161
-2.701172 5.818473 11.147197 108 96 98
-2.402718 -4.452895 9.945047 154 156 155
-2.402718 -4.452895 9.945047 154 156 155
-2.509166 -1.104250 10.375380 165 151 148
-2.381693 -4.717180 9.932550 159 160 155
-2.404748 -3.676244 10.023688 70 68 71
-2.412157 -2.644222 10.153433 142 133 134
-2.397909 -3.258990 10.105956 135 126 127
-2.368853 -3.620131 10.013934 146 147 151
-2.371581 -3.778193 10.057117 59 60 65
-2.450605 0.464303 10.436718 172 168 169
-2.425739 -0.706228 10.344551 173 173 173
-2.455812 1.583935 10.498878 72 66 66
-2.590406 5.351345 11.079801 153 152 148
-2.338699 -4.430088 10.033052 48 49 54
-2.338699 -4.430088 10.033052 48 49 54
-2.345282 -3.658026 10.064984 53 58 64
-2.303988 -4.805478 10.005262 138 139 143
-2.290935 -4.910206 9.969862 124 132 134
-2.314381 -3.715541 10.090377 171 176 180
-2.314381 -3.715541 10.090377 171 176 180
-2.460758 3.772482 10.841697 153 144 137
-2.460758 3.772482 10.841697 153 144 137
-2.311338 -2.491526 10.224862 69 70 72
-2.236398 -5.567878 9.947382 106 115 120
-2.273765 -3.255266 10.182229 134 134 136
-2.485597 5.366506 11.134824 147 142 136
-2.302473 -1.996192 10.319682 58 62 63
-2.309103 -1.035282 10.377915 161 151 149
-2.295302 -2.559371 10.319074 188 189 193
-2.229714 -3.728680 10.080978 163 168 171
-2.482670 6.337734 11.264299 134 129 125
-2.277575 -1.975839 10.365741 49 54 57
-2.295859 -0.122319 10.468429 161 156 153
-2.293000 -0.797337 10.457329 62 58 55
-2.210624 -4.443284 10.098359 59 59 67
-2.427489 5.310964 11.170438 146 139 133
-2.275306 -0.004303 10.509228 168 158 157
-2.265429 0.451818 10.467419 186 182 181
-2.275996 0.254283 10.546973 155 145 143
-2.245992 -0.729927 10.491672 173 175 174
-2.236938 -0.179727 10.466161 64 60 61
-2.254309 -0.143886 10.555999 49 45 46
-2.331151 4.102518 10.964067 61 60 58
-2.125402 -5.593973 10.023499 105 110 114
-2.245157 0.391644 10.598518 55 51 52
-2.147589 -3.256764 10.154901 132 123 126
-2.293727 3.831722 10.861478 127 120 114
-2.293727 3.831722 10.861478 127 120 114
-2.293727 3.831722 10.861478 127 120 114
-2.202892 -0.828838 10.440780 185 179 179
-2.263398 2.729871 10.759274 129 101 100
-2.198013 -0.739780 10.491326 157 163 159
-2.197073 -0.738463 10.491159 157 163 159
-2.220466 1.020217 10.605408 60 56 55
-2.090211 -5.698146 10.047127 30 40 42
-2.145043 -1.984703 10.323243 62 62 64
-2.278396 3.988369 10.982260 160 153 147
-2.278396 3.988369 10.982260 160 153 147
-2.180995 0.437926 10.650388 175 174 172
-2.163426 1.061462 10.626051 162 158 157
-2.082141 -3.208879 10.229271 58 53 57
-2.228582 4.048929 10.986355 153 150 143
-2.007774 -5.702986 9.992449 116 117 122
-2.246114 4.861508 11.191610 139 136 131
-2.188225 4.097950 11.044732 64 64 62
-2.211628 5.025840 11.227310 162 161 157
-2.186097 4.779715 11.162732 64 56 54
-2.131973 3.506332 10.917049 147 143 142
-1.989372 -3.261074 10.223472 122 110 112
-2.167754 4.831936 11.149153 39 39 37
-1.955481 -5.631509 10.095359 99 108 113
-2.215151 6.618387 11.415961 116 111 108
-2.113316 3.987141 10.960245 141 136 132
-2.142536 4.985590 11.234075 124 122 123
-2.042108 3.100161 10.748298 149 149 141
-2.128365 5.048153 11.222725 127 121 121
-2.126919 5.453686 11.330391 148 148 148
-1.894779 -4.342686 10.159419 145 150 153
-2.157452 7.536695 11.629744 62 64 61
-1.880302 -4.849771 10.151099 70 65 71
-1.930843 -0.844068 10.507032 133 117 118
-2.105075 6.639710 11.496094 141 129 131
-1.885523 -2.221176 10.419855 165 146 148
-1.890638 -1.152703 10.529742 115 99 99
-2.030029 6.634779 11.396546 62 56 58
-1.862259 -3.003087 10.440333 138 126 128
-1.811459 -4.500670 10.167433 122 117 123
-1.783442 -0.266867 10.612190 162 143 145
-1.678322 -5.581996 10.105097 94 99 105
-1.797389 -0.507440 10.790696 141 126 129
-1.797389 -0.507440 10.790696 141 126 129
-1.694826 -5.766416 10.205611 100 98 99
-1.665696 -5.150115 10.234164 115 116 118
-1.665696 -5.150115 10.234164 115 116 118
-1.668972 -3.767765 10.319942 133 131 136
-1.707208 -0.871011 10.677254 135 123 125
-1.627252 -3.932695 10.274606 113 106 113
-1.627252 -3.932695 10.274606 113 106 113
-1.627495 -4.352873 10.273744 123 122 127
-1.636028 -5.135424 10.353762 48 52 55
-1.629658 -3.954674 10.339017 122 115 122
-1.629658 -3.954674 10.339017 122 115 122
-1.593900 -5.521029 10.235179 30 29 35
-1.628711 -3.181188 10.431541 130 130 130
-1.614738 -2.567096 10.465197 155 155 153
-1.563988 -5.741633 10.264759 39 40 44
-1.575015 -3.873165 10.363570 54 53 58
-1.545728 -5.582668 10.205005 107 112 116
-1.556242 -4.427936 10.311511 42 50 52
-1.556242 -4.427936 10.311511 42 50 52
-1.550015 -4.292989 10.315649 43 42 47
-1.569297 -3.190087 10.451341 144 148 149
-1.568224 -2.922812 10.522053 128 108 109
-1.715882 6.656525 11.635110 119 109 107
-1.571092 -1.530639 10.660830 149 134 129
-1.679625 5.429566 11.433093 134 130 129
-1.555316 -2.676295 10.608549 67 63 64
-1.629619 4.328809 11.314865 127 116 112
-1.526364 -1.690382 10.619860 167 157 155
-1.502236 -3.188716 10.490656 157 158 160
-1.481864 -3.831738 10.451863 131 135 138
-1.534632 -0.762586 10.820827 167 159 157
-1.471105 -3.291722 10.413078 127 118 123
-1.524914 -1.455688 10.840918 64 59 55
-1.553600 3.932766 11.178711 125 105 106
-1.497086 -0.707262 10.829509 52 44 41
-1.492699 -0.809092 10.829108 36 32 31
-1.504458 0.891858 10.927508 136 121 118
-1.446100 -2.618637 10.628062 148 150 149
-1.505027 2.076502 11.048602 125 104 101
-1.494521 2.220428 11.006756 194 198 199
-1.479120 -0.245266 10.905462 64 60 59
-1.446899 -1.958373 10.689954 175 179 178
-1.479166 1.486711 11.018619 141 120 117
-1.465876 0.508526 10.976009 73 63 62
-1.456944 2.236068 10.924926 128 118 117
-1.406959 -1.656243 10.630913 124 110 110
-1.406862 -1.479563 10.655558 67 53 53
-1.433329 -0.306630 10.883753 173 159 158
-1.457926 3.338261 11.179648 119 94 90
-1.423994 0.416775 10.923283 171 172 167
-1.364710 -3.321864 10.481353 121 116 120
-1.440946 1.560937 11.056598 46 41 38
-1.425821 0.919746 10.989598 53 47 47
-1.443726 2.834197 11.163301 160 160 158
-1.379204 -1.475280 10.727480 137 123 123
-1.399018 0.982058 10.968612 168 167 165
-1.393636 -0.192741 10.973348 165 167 166
-1.393610 0.838753 10.969739 192 184 182
-1.422251 4.106576 11.317357 143 141 142
-1.344647 -1.977678 10.724109 164 168 167
-1.411554 3.404510 11.242963 51 44 38
-1.383901 2.082621 11.078106 165 157 154
-1.338708 -0.775877 10.838371 161 156 153
-1.387216 4.044538 11.302563 57 49 47
-1.437978 6.143552 11.750898 140 136 137
-1.408486 5.423008 11.567389 146 140 140
-1.341483 2.069009 11.015563 107 89 89
-1.355331 2.885253 11.145350 168 160 158
-1.268139 -2.978553 10.511652 126 117 120
-1.268139 -2.978553 10.511652 126 117 120
-1.393832 5.699144 11.588889 136 121 116
-1.383030 4.712100 11.487759 47 41 41
-1.395854 7.236778 11.829727 115 97 97
-1.383780 6.744913 11.784101 140 134 134
-1.319986 4.113145 11.304111 140 132 130
-1.348212 5.981369 11.634131 51 42 43
-1.317147 5.728683 11.630202 140 125 122
-1.333082 6.695226 11.770687 51 40 46
-1.333082 6.695226 11.770687 51 40 46
-1.305841 5.875001 11.589296 150 136 133
-1.249478 3.348911 11.116185 50 46 47
-1.324732 7.168574 11.849814 51 47 46
-1.290429 6.070338 11.695525 135 134 132
-1.250419 4.703688 11.512522 48 43 40
-1.282222 7.390909 11.946053 124 120 117
-1.261815 7.138493 11.791222 121 113 111
-1.221717 4.647879 11.532021 117 99 97
-1.240012 6.044823 11.770021 39 34 30
-1.068159 -5.794872 10.369320 82 76 78
-1.227399 7.326454 11.905481 59 49 47
-1.070883 -4.408890 10.456952 113 115 114
-1.023333 -2.575110 10.639670 134 134 134
-0.990555 -5.813202 10.516434 28 27 33
-1.005037 -1.524463 10.910899 123 109 109
-0.966576 -3.970098 10.620753 111 99 101
-0.993650 -0.199287 11.086873 159 159 159
-0.933152 -4.440176 10.547587 109 110 112
-0.873711 -5.894175 10.479143 99 97 100
-0.935504 0.878161 11.202415 174 156 152
-0.890294 -3.375481 10.773220 118 114 115
-0.894665 -0.902251 10.999450 129 109 111
-0.897921 1.141746 11.208127 222 199 193
-0.864196 -2.699522 10.841144 45 45 45
-0.824476 -5.188723 10.562338 103 94 99
-0.826881 -3.829934 10.655332 122 118 119
-0.809420 -3.647208 10.698130 137 133 132
-0.800276 -4.603960 10.769276 35 35 37
-0.799073 -3.380783 10.753146 132 128 127
-0.799073 -3.380783 10.753146 132 128 127
-0.810610 -1.530639 10.982597 122 108 108
-0.775633 -5.147506 10.627213 6 4 9
-0.772384 -5.803821 10.612803 35 36 41
-0.772384 -5.803821 10.612803 35 36 41
-0.792762 -2.781974 10.870439 118 106 110
-0.774078 -3.783568 10.718371 35 35 33
-0.812402 0.831220 11.231401 170 152 142
-0.836634 5.390309 11.748485 129 128 126
-0.778553 -2.137153 10.914441 136 126 127
-0.778553 -2.137153 10.914441 136 126 127
-0.766721 -2.677868 10.900983 34 34 34
-0.770897 -0.213915 11.172949 172 172 172
-0.727589 -4.970440 10.625030 115 114 119
-0.728374 -3.767627 10.725771 151 151 149
-0.717782 -3.825438 10.669077 152 154 151
-0.748752 -2.066132 11.048368 39 39 37
-0.724855 -3.716149 10.755738 151 151 149
-0.713149 -5.071347 10.631599 111 108 115
-0.734970 -1.413790 11.080892 147 147 145
-0.735113 -1.426113 11.150801 144 144 142
-0.740249 2.049521 11.318285 120 101 97
-0.686319 -4.542617 10.755770 97 101 104
-0.714539 -1.352041 11.139972 144 138 138
-0.674707 -5.182523 10.588003 100 96 97
-0.682091 -3.646479 10.729886 156 155 151
-0.704373 -1.261216 11.091887 142 130 132
-0.713064 0.265200 11.281619 119 103 103
-0.659195 -3.990665 10.668966 105 93 95
-0.695639 0.206629 11.229080 124 110 107
-0.680316 -2.064329 11.033587 43 45 42
-0.673082 -1.476257 11.086910 38 34 31
-0.673082 -1.476257 11.086910 38 34 31
-0.682556 -0.219915 11.254159 160 156 155
-0.676329 -0.838883 11.157068 140 136 133
-0.688934 1.437512 11.378772 130 107 99
-0.681482 1.157628 11.389134 136 111 106
-0.683546 2.656774 11.417721 129 100 94
-0.676631 2.180278 11.423099 155 155 155
-0.626271 -3.842341 10.695381 121 123 120
-0.659022 0.841682 11.262077 158 145 136
-0.673181 4.056311 11.564243 136 127 128
-0.655907 -0.280876 11.290762 51 39 39
-0.655907 -0.280876 11.290762 51 39 39
-0.638297 -1.403216 11.103618 177 172 169
-0.613366 -5.261171 10.765138 104 100 101
-0.646497 1.014142 11.406281 40 40 38
-0.646814 1.502653 11.423575 57 44 38
-0.642244 0.302992 11.350925 40 36 35
-0.647187 2.124613 11.432503 41 35 35
-0.647187 2.124613 11.432503 41 35 35
-0.608449 -3.323075 10.828209 41 37 36
-0.644476 4.560730 11.596788 125 104 101
-0.643364 3.908935 11.598100 117 93 89
-0.630021 2.171256 11.445493 35 35 35
-0.579095 -4.612700 10.663309 111 105 105
-0.588954 -3.724334 10.809819 82 74 72
-0.609955 0.226569 11.276000 180 170 169
-0.616242 2.716847 11.476951 56 46 47
-0.607759 2.047531 11.361426 123 104 100
-0.602214 -0.213410 11.296799 135 134 132
-0.601187 0.989585 11.350775 153 158 152
-0.612820 3.858423 11.544185 120 96 92
-0.590064 -0.864374 11.233589 139 140 135
-0.627830 7.967224 12.206899 51 47 48
-0.631291 8.075355 12.310633 44 43 48
-0.586248 1.469211 11.427946 160 150 148
-0.579617 2.461572 11.451907 160 145 140
-0.587118 4.740123 11.746715 139 138 134
-0.570724 5.228871 11.737264 113 100 94
-0.562610 3.375431 11.513426 47 37 36
-0.562610 3.375431 11.513426 47 37 36
-0.542530 -0.090199 11.328129 119 100 96
-0.563557 4.686918 11.754462 45 37 35
-0.538073 2.500315 11.454226 108 89 82
-0.493682 -5.928314 10.721995 78 71 78
-0.544765 4.759292 11.785255 34 33 29
-0.539178 4.862673 11.827019 36 35 33
-0.518425 3.417634 11.520493 147 142 139
-0.513978 0.842930 11.392405 165 155 145
-0.523265 5.074050 11.814709 26 22 23
-0.483494 2.731203 11.548709 48 39 40
-0.483212 4.692901 11.670233 144 140 139
-0.489575 6.034220 12.001057 33 29 28
-0.477566 5.224694 11.873075 137 127 126
-0.470291 5.122418 11.798595 132 131 126
-0.475620 7.954872 12.312595 43 40 35
-0.448633 1.480470 11.513112 154 139 134
-0.427386 -0.088483 11.311571 153 140 134
-0.427386 -0.088483 11.311571 153 140 134
-0.454245 7.829464 12.269862 56 48 46
-0.433039 5.177120 11.831673 75 60 55
-0.430774 3.351143 11.878548 150 122 111
-0.407817 0.393569 11.456563 105 94 92
-0.409642 7.314823 12.162396 138 130 127
-0.407793 7.867985 12.278084 135 130 127
-0.354335 -3.895290 10.874030 120 119 117
-0.358773 0.844084 11.317259 161 151 142
-0.331881 -5.233569 10.733878 105 101 100
-0.367801 4.573947 11.726304 117 96 91
-0.369573 5.261999 11.953190 125 107 105
-0.359343 3.027645 11.560263 141 114 103
-0.364454 6.582923 12.067657 44 39 36
-0.343125 0.230819 11.346617 120 99 96
-0.349584 4.717860 11.838476 140 136 133
-0.339065 7.944726 12.311227 65 64 60
-0.298839 -1.898764 11.119367 163 158 162
-0.298839 -1.898764 11.119367 163 158 162
-0.306239 5.180116 11.875213 136 119 112
-0.278594 5.349912 11.938446 125 125 123
-0.223054 -2.201373 11.157922 115 105 106
-0.200767 -1.849576 11.134686 140 141 143
-0.200767 -1.849576 11.134686 140 141 143
-0.192654 -4.710073 10.883531 64 54 53
-0.178602 -4.310685 10.658566 100 98 103
-0.180683 5.135467 11.817178 121 98 92
-0.148599 -4.767390 10.890491 159 165 165
-0.148599 -4.767390 10.890491 159 165 165
-0.147503 -4.981762 10.866058 143 143 145
-0.146103 -2.791970 11.075871 107 105 106
-0.148094 0.223183 11.484090 127 109 105
-0.132866 -5.174647 10.917723 73 72 77
-0.140290 5.988910 12.082163 124 120 117
-0.118665 -0.967708 11.257195 120 108 108
-0.111055 8.080684 12.536180 122 123 125
-0.092776 -5.140882 10.901382 71 70 75
-0.069380 7.964210 12.416519 45 43 46
-0.069380 7.964210 12.416519 45 43 46
-0.054268 -2.756516 11.141069 30 30 30
-0.025764 -5.268143 10.968734 24 22 27
-0.020116 -2.187606 11.144459 132 133 138
-0.013332 -4.549925 11.026557 86 90 93
-0.013553 -4.051240 11.000123 101 92 95
-0.003398 -5.700906 10.892374 23 22 27
-0.003398 -5.700906 10.892374 23 22 27
0.019409 -2.853170 11.131344 103 99 100
0.019409 -2.853170 11.131344 103 99 100
0.043198 -5.500690 10.964584 90 85 91
0.049666 -5.239343 10.988609 20 19 24
0.050454 -1.606309 11.370431 119 110 111
0.061780 -5.297324 10.958884 72 67 71
0.064953 -4.484092 11.076378 14 14 14
0.064953 -4.484092 11.076378 14 14 14
0.060535 -4.015337 11.074658 31 29 30
0.068977 4.043606 11.891037 139 138 136
0.081398 0.797032 11.699687 150 131 127
0.083627 1.999132 11.764534 121 109 109
0.090347 -0.901702 11.404602 44 43 41
0.097427 -0.853639 11.481335 39 38 36
0.099208 0.330518 11.646762 156 155 153
0.105720 -0.346205 11.619221 41 31 30
0.105237 -0.777541 11.505750 42 33 34
0.123635 -5.928563 11.018860 7 6 11
0.127360 -2.069006 11.312422 140 144 145
0.132357 -1.523935 11.488017 35 37 34
0.131463 -1.591654 11.359017 172 170 173
0.142342 0.279476 11.613761 40 35 32
0.142724 -5.292927 11.087991 22 21 26
0.144863 2.036700 11.733816 112 100 100
0.152600 -0.770896 11.554142 148 139 140
0.157528 -0.847388 11.545706 119 118 116
0.161130 -0.471339 11.529107 163 159 156
0.164493 1.482275 11.753532 46 41 38
0.171870 -4.497749 11.047073 108 108 110
0.184192 0.344627 11.654851 150 145 142
0.184192 0.344627 11.654851 150 145 142
0.194904 2.101627 11.923983 43 39 40
0.193226 -0.443110 11.515448 59 39 38
0.188499 -3.931381 11.105945 108 110 107
0.211228 2.753047 11.810335 35 35 35
0.205086 -1.642667 11.337194 134 140 140
0.213031 4.428054 11.877648 114 90 86
0.214986 0.748873 11.669302 152 153 147
0.215766 0.822022 11.715845 141 131 130
0.223588 3.317027 11.858901 39 33 33
0.226468 0.898952 11.752386 158 164 162
0.220588 -2.787100 11.231041 25 20 24
0.271367 6.516890 12.360442 116 97 93
0.258965 2.799511 11.858569 146 152 148
0.268667 5.248218 12.097281 37 33 32
0.268667 5.248218 12.097281 37 33 32
0.259591 -0.345770 11.625463 40 30 29
0.256230 -1.587584 11.341000 130 128 129
0.266288 -2.016973 11.298333 88 86 91
0.297732 5.439857 12.199546 32 24 22
0.300016 5.907278 12.277638 32 28 27
0.308980 6.597193 12.275665 116 105 103
0.296081 3.371163 11.899195 135 137 134
0.298533 -4.616158 11.223177 87 87 87
0.323385 5.376643 12.179029 129 119 118
0.315169 0.907485 11.745556 148 150 147
0.324019 1.423786 11.816127 147 128 122
0.310339 -4.710342 11.112643 91 81 82
0.328544 0.172153 11.603681 117 93 91
0.323514 -1.797661 11.430717 91 91 93
0.340912 2.618104 11.880118 128 119 112
0.369995 7.197806 12.466916 32 26 26
0.370246 5.973818 12.333779 126 125 123
0.346831 -4.655323 11.196353 14 12 13
0.353606 -5.233819 11.203759 66 65 70
0.356622 -1.653384 11.373928 77 57 56
0.425999 7.280308 12.500847 121 117 114
0.440939 7.114595 12.478065 131 117 116
0.459551 7.916521 12.630745 46 40 40
0.460779 6.977165 12.406854 73 54 48
0.439645 2.759156 11.961794 160 162 161
0.419863 -2.854557 11.319494 105 96 97
0.467280 6.655896 12.368177 134 123 119
0.443358 0.777552 11.791054 124 106 104
0.487986 7.938331 12.592393 123 122 118
0.463430 1.406463 11.819701 141 126 119
0.498154 7.272386 12.531696 113 109 106
0.496058 5.852829 12.319956 130 111 107
0.512517 7.236368 12.570871 59 51 49
0.483357 -1.637506 11.442038 122 108 107
0.552841 8.036876 12.694469 30 29 27
0.552841 8.036876 12.694469 30 29 27
0.557000 7.912172 12.617806 47 45 46
0.512255 -4.587578 11.255087 93 97 98
0.526938 -2.547352 11.533818 100 104 105
0.559033 -0.898007 11.654812 132 128 127
0.609421 -2.872912 11.403390 104 95 96
0.686418 7.856492 12.551433 130 126 125
0.648108 -1.750552 11.608670 128 115 109
0.638310 -6.047537 11.340294 15 10 14
0.693693 -1.008351 11.645836 119 109 108
0.680973 -3.345095 11.344183 102 102 104
0.732838 2.648466 12.104850 111 83 79
0.727339 0.777298 11.882449 113 94 88
0.727541 -2.276828 11.582817 107 107 109
0.718489 -3.275852 11.358336 59 57 60
0.742451 -3.990625 11.377750 87 87 89
0.774287 -0.970824 11.779142 20 16 15
0.793164 -1.457017 11.675269 147 146 142
0.819214 -1.112115 11.746385 140 137 130
0.819214 -1.112115 11.746385 140 137 130
0.814455 -1.315910 11.682612 162 162 154
0.858620 2.634209 12.115149 116 101 96
0.840974 -0.912173 11.729834 125 124 122
0.863668 -0.371081 11.915789 45 40 37
0.883348 3.237880 12.116153 106 82 78
0.891786 2.118599 12.193805 148 150 149
0.849957 -2.304843 11.534302 103 98 102
0.877493 0.167238 11.891009 151 144 138
0.855768 -2.915195 11.516362 112 103 106
0.853910 -3.964609 11.387045 109 110 112
0.860603 -2.621573 11.500905 135 135 137
0.896265 -0.037351 11.864620 169 158 152
0.910570 1.376029 12.038400 139 123 110
0.910578 1.379251 12.025976 139 123 110
0.910578 1.379251 12.025976 139 123 110
0.893403 -1.567468 11.715420 33 33 33
0.937227 2.590470 12.134709 121 106 101
0.891699 -2.694997 11.532533 13 13 15
0.902495 -2.225804 11.625534 37 36 34
0.918464 -1.000836 11.835137 38 34 31
0.890270 -5.225767 11.346437 134 135 139
0.948269 2.429222 12.164037 114 101 95
0.943181 0.889175 12.016750 33 31 32
0.945753 -0.071319 11.917472 44 36 34
0.945753 -0.071319 11.917472 44 36 34
0.936765 -0.929604 11.777915 143 142 140
0.978489 2.743051 12.259048 141 141 143
0.960950 -0.973355 11.876522 21 20 18
0.995765 2.668433 12.277477 36 31 28
0.988357 2.370277 12.158624 45 37 34
0.944098 -2.689795 11.586324 123 123 125
0.995202 3.351869 12.216666 135 135 137
0.983933 1.465564 11.968591 159 164 160
1.062923 7.957044 12.856894 119 120 115
0.959880 -2.755061 11.590280 125 131 131
0.964192 -2.290244 11.632966 133 129 130
1.009072 1.027552 12.055830 149 145 142
1.007020 0.887712 12.014041 158 154 151
1.014467 0.887675 12.077531 157 156 152
1.042645 5.125319 12.422123 110 105 101
1.026101 2.093855 12.140412 153 155 152
1.026101 2.093855 12.140412 153 155 152
1.090608 8.166656 12.857197 118 111 103
1.048745 5.099672 12.379230 117 112 108
1.050826 3.928399 12.313582 32 32 34
1.110531 7.950057 12.901069 129 129 129
1.048486 3.444502 12.230413 42 34 31
1.063106 0.067587 12.217635 102 89 83
1.074897 4.623837 12.367270 17 17 15
1.074409 2.711222 12.229817 137 141 140
1.074409 2.711222 12.229817 137 141 140
1.081697 3.399609 12.259065 145 140 134
1.101763 5.184842 12.444409 32 28 29
1.071460 1.957735 12.087292 142 135 127
1.088971 3.660927 12.207006 138 130 128
1.138479 6.451236 12.623549 100 82 80
1.096610 1.889433 12.185391 95 84 78
1.163255 7.792786 12.810934 46 44 47
1.034930 -3.497696 11.459305 91 87 88
1.146636 5.833925 12.588053 114 96 92
1.115920 3.366063 12.233244 133 132 128
1.135272 4.609207 12.356361 131 130 128
1.178526 7.780434 12.723608 34 35 39
1.140906 1.471749 12.200648 138 142 141
1.154714 1.331469 12.096101 82 73 68
1.207968 5.981516 12.595998 134 124 125
1.109053 -3.468165 11.569874 18 13 17
1.258808 7.746627 12.909068 114 106 104
1.189727 1.423418 12.212490 41 37 38
1.263027 7.226912 12.763745 120 121 123
1.318455 6.521707 12.747907 28 22 22
1.197674 -6.112173 11.540405 74 69 66
1.209713 -2.767352 11.678766 103 109 109
1.349277 5.180814 12.373202 115 113 114
1.275098 -6.069188 11.591542 10 5 9
1.323789 -2.150321 11.741100 112 111 109
1.415905 4.451535 12.401361 99 78 73
1.322965 -4.011794 11.543878 85 85 83
1.450655 5.775495 12.613527 108 96 96
1.455083 -1.436529 11.857416 74 60 57
1.437086 -4.004055 11.591294 80 79 77
1.556861 1.356709 12.436860 104 91 85
1.508850 -2.074569 11.895266 96 92 91
1.655125 6.563350 12.893415 123 117 117
1.576454 0.715658 12.262748 108 88 87
1.544312 -3.448904 11.781570 84 84 86
1.566703 -4.781078 11.769019 23 19 18
1.637826 1.552066 12.320898 132 124 122
1.755037 7.851656 13.099684 48 44 45
1.755037 7.851656 13.099684 48 44 45
1.725796 6.509880 12.814407 130 129 127
1.772148 8.273671 13.136235 36 40 43
1.588857 -6.025194 11.763073 69 67 68
1.773721 8.277870 13.143218 36 40 43
1.713720 5.758122 12.709369 122 104 100
1.591042 -2.149512 11.746531 96 94 95
1.626261 -5.524889 11.881116 18 16 19
1.618134 -4.714055 11.769743 73 71 72
1.625595 -2.973301 11.844222 76 64 66
1.773601 5.843361 12.822489 30 25 21
1.676665 -0.510624 12.127661 126 123 116
1.784899 5.866638 12.880054 30 25 21
1.671640 -0.801840 12.065962 136 131 128
1.638595 -5.609787 11.756816 11 6 3
1.638595 -5.609787 11.756816 11 6 3
1.651412 -2.334110 11.866182 116 106 105
1.656404 -3.475706 11.886332 87 87 87
1.859418 8.479868 13.273383 105 109 112
1.741377 1.940866 12.435675 113 100 94
1.853954 7.934916 13.172459 119 119 119
1.703339 -1.020600 12.110644 26 24 25
1.703339 -1.020600 12.110644 26 24 25
1.703339 -1.020600 12.110644 26 24 25
1.735130 0.741453 12.339266 95 74 71
1.767074 3.224681 12.488173 103 82 81
1.674844 -4.178992 11.803654 27 21 21
1.697348 -2.110459 11.940147 26 22 23
1.694879 -2.909978 11.912084 23 25 24
1.740219 -0.460267 12.221737 30 22 20
1.702127 -2.238637 11.910123 30 29 27
1.785330 1.323269 12.467166 112 101 97
1.777334 1.403601 12.363980 35 31 30
1.705644 -4.688644 11.827455 17 13 12
1.686539 -5.746592 11.682489 80 75 71
1.700336 -5.994304 11.762362 72 68 67
1.801398 0.775044 12.405316 33 31 32
1.834370 4.446880 12.644341 101 81 80
1.793565 0.235502 12.315505 143 145 142
1.803638 1.592619 12.388903 36 25 23
1.830772 2.002524 12.534076 29 30 25
1.851090 3.972234 12.672696 127 127 127
1.872699 5.231575 12.785439 122 120 121
1.832050 2.648254 12.497897 37 31 33
1.888767 5.724040 12.808211 105 85 78
1.740621 -2.944546 11.798471 126 128 127
1.864816 4.355458 12.619528 113 98 91
1.818895 0.613076 12.274764 146 140 140
1.758669 -3.433439 11.822733 107 105 106
1.833509 0.708858 12.324828 135 134 132
1.828729 -0.550051 12.228751 80 61 57
1.873689 1.943747 12.505510 135 131 128
1.815325 -1.628948 12.079932 108 110 105
1.905362 3.245757 12.661103 29 27 28
1.817159 -2.866357 12.044713 95 99 98
1.876608 0.811252 12.445858 119 121 120
1.876608 0.811252 12.445858 119 121 120
1.897889 3.944776 12.582623 14 12 15
1.931281 4.528010 12.756928 32 31 27
1.791272 -2.308529 11.805207 105 95 94
1.906058 2.053849 12.579258 115 119 120
1.959283 5.808703 12.900170 27 25 26
1.988575 6.567047 13.028945 137 135 136
1.881466 0.666331 12.327906 72 54 54
2.003557 5.731090 12.891706 130 120 119
2.017442 6.578708 12.968911 31 25 25
1.950925 3.167036 12.559166 111 101 102
1.885224 -0.516336 12.098737 112 96 96
1.871616 -2.922883 11.967158 29 29 29
2.037716 5.885128 12.962765 132 131 129
1.887041 -4.122783 11.929770 71 73 70
2.083092 7.041225 13.131271 26 20 20
1.924649 -2.092940 12.068412 112 100 102
1.964391 -0.498216 12.274353 102 97 94
2.040306 4.525157 12.728297 19 20 15
2.100274 6.525462 13.035937 141 135 135
1.960837 -2.091028 12.047139 15 6 7
2.022178 0.092015 12.403543 115 95 88
1.991226 -2.180568 12.058716 111 111 109
2.080859 3.150800 12.599970 102 88 88
2.088402 2.564750 12.614686 108 91 84
2.074231 0.716444 12.428556 105 95 96
2.051113 -1.603925 12.215469 104 106 105
2.223668 7.027995 13.094065 113 103 102
2.040232 -4.091060 11.960065 74 73 71
2.028209 -4.064011 11.896843 79 75 72
2.289695 7.912117 13.367710 113 114 118
2.158549 0.817795 12.508210 94 90 91
2.337228 5.896625 13.122386 139 135 134
2.384326 7.874784 13.336672 113 114 116
2.232007 -2.304296 12.093391 11 10 8
2.299500 -1.805829 12.350576 109 99 98
2.374578 0.389567 12.575459 111 105 105
2.395018 1.892463 12.560830 103 85 83
2.347841 -3.663242 12.138176 84 75 76
2.366367 -2.321110 12.219589 13 9 8
2.397598 -3.562358 12.330964 74 73 71
2.568535 5.913997 13.179360 111 106 103
2.391857 -4.174149 12.198010 65 64 62
2.664346 7.815331 13.414830 130 132 131
2.587520 4.540310 12.907002 127 127 127
2.467658 -1.632264 12.291689 102 101 99
2.555403 1.261824 12.713284 113 105 103
2.481816 -3.633640 12.247478 22 18 17
2.682334 6.977516 13.201323 113 104 99
2.701673 6.564915 13.274635 125 117 114
2.519930 -1.786534 12.350593 98 90 88
2.553666 -0.481021 12.487225 29 23 23
2.620138 2.471597 12.816376 115 104 100
2.481724 -4.200480 12.116400 12 8 7
2.589200 0.743135 12.606006 21 21 23
2.526664 -2.428711 12.294763 101 97 96
2.611873 0.117827 12.705198 24 18 18
2.584174 -0.291125 12.553876 19 9 7
2.533845 -1.701896 12.291828 14 14 14
2.533845 -1.701896 12.291828 14 14 14
2.624739 0.888085 12.717555 16 16 14
2.636460 1.342401 12.783494 38 37 35
2.527960 -4.149483 12.179663 80 78 79
2.564549 -1.602225 12.368102 11 5 7
2.660245 3.473915 12.839446 121 108 100
2.574522 -2.371439 12.379171 21 21 19
2.783478 6.541225 13.350269 124 119 116
2.649362 0.801588 12.682133 129 135 135
2.544618 -3.672771 12.163567 113 103 102
2.655373 0.804594 12.694832 129 135 135
2.779361 6.990342 13.252501 108 100 97
2.578313 -2.652909 12.299636 12 7 4
2.578313 -2.652909 12.299636 12 7 4
2.597171 -1.635534 12.365678 121 117 118
2.656916 1.006474 12.640355 149 155 151
2.731630 3.860277 12.980057 28 24 25
2.778577 5.147609 13.187193 39 35 34
2.574121 -4.959911 12.193078 72 62 63
2.632703 -1.133979 12.439126 100 96 95
2.870625 7.840103 13.546168 131 132 134
2.592834 -2.892878 12.239491 101 106 102
2.704579 2.461920 12.758853 145 144 140
2.847559 7.104908 13.377881 35 34 32
2.718416 2.027153 12.776579 132 128 127
2.609380 -2.958089 12.249351 32 28 25
2.751798 3.303556 12.916651 137 133 132
2.901671 7.762127 13.518028 48 48 48
2.766294 3.777849 12.886179 115 97 93
2.832001 5.185017 13.116917 113 117 116
2.680542 -2.316297 12.418151 86 82 81
2.954776 7.893080 13.651418 40 44 45
2.810855 2.657357 12.958460 121 125 124
2.930394 7.656992 13.445291 130 128 129
2.906756 6.410971 13.324793 31 29 30
2.687519 -3.675135 12.236346 88 76 76
3.014824 7.871566 13.631747 117 121 122
3.014824 7.871566 13.631747 117 121 122
2.954951 6.356756 13.347622 109 100 101
2.750981 -2.430854 12.426790 80 70 69
2.743121 -2.921654 12.296375 85 84 82
2.767792 -3.003748 12.405599 15 10 7
3.021884 6.529630 13.490483 127 126 124
2.850580 -2.292021 12.425146 84 84 84
2.953502 1.288095 12.844590 98 80 78
3.100073 7.023887 13.451948 109 101 98
2.952029 0.047781 12.670606 91 81 80
3.159950 7.079111 13.501529 32 28 27
3.175178 7.038262 13.520706 99 89 87
2.991948 0.210237 12.636590 120 116 115
3.221696 7.047680 13.483711 34 30 27
3.471001 9.024270 13.937834 148 152 155
3.471001 9.024270 13.937834 148 152 155
3.439174 6.981507 13.546594 114 102 102
3.525309 8.146778 13.831038 55 54 52
3.277097 -3.574695 12.550737 74 66 63
3.302745 -4.332870 12.614184 13 9 10
3.437337 1.841332 13.140399 110 97 91
3.366827 -0.711792 12.817431 101 90 88
3.364479 -0.824365 12.768704 105 94 92
3.383441 0.083318 12.799815 26 24 25
3.383441 0.083318 12.799815 26 24 25
3.401515 -0.548381 12.846651 33 29 26
3.484165 1.625403 13.142305 122 101 98
3.489345 1.464033 13.154832 108 90 90
3.393191 -1.717767 12.748247 90 84 86
3.472617 0.679929 13.042151 33 32 28
3.544131 3.205128 13.307587 37 33 32
3.411998 -3.085086 12.785645 20 19 17
3.531176 3.839193 13.218642 23 21 22
3.524255 1.921998 13.190242 27 26 24
3.600091 5.432345 13.463995 108 99 100
3.595558 4.065537 13.405480 19 16 11
3.707780 7.027166 13.786605 113 99 96
3.650198 5.744434 13.573960 27 26 24
3.434732 -1.093639 12.765875 120 115 112
3.681407 6.473310 13.663986 110 109 104
3.441490 -3.580592 12.762032 22 14 12
3.674876 5.697291 13.620862 46 42 39
3.479176 0.132663 12.905663 107 103 102
3.538116 1.840231 13.102568 137 133 132
3.548876 1.382853 13.094543 142 137 134
3.615880 4.036714 13.311068 120 109 105
3.435465 -2.245741 12.635081 97 87 88
3.589694 2.639007 13.197639 123 124 126
3.444510 -2.317985 12.648972 92 88 87
3.659956 4.524998 13.443143 132 130 131
3.659956 4.524998 13.443143 132 130 131
3.588433 2.769686 13.174534 127 123 120
3.465954 -3.624147 12.706567 78 74 73
3.723122 6.413435 13.647932 36 30 30
3.602907 1.998147 13.214575 112 113 115
3.669696 5.230490 13.441797 128 124 123
3.684940 5.179439 13.479616 114 114 114
3.578207 0.730016 13.056575 115 117 114
3.524780 -4.463604 12.751637 90 81 82
3.511531 -2.397932 12.677001 18 14 11
3.719607 4.465358 13.405523 19 15 16
3.528499 -2.260287 12.664595 80 74 74
3.848162 7.003502 13.813892 119 110 111
3.803956 5.719132 13.626101 122 114 112
3.711084 3.191677 13.258161 21 22 17
3.844877 6.512161 13.731595 106 108 105
3.591376 -1.857153 12.740161 89 75 72
3.736846 -0.026377 13.007833 92 75 68
4.189183 7.779854 14.060252 35 38 43
3.888175 0.590040 12.961699 106 92 89
4.186422 6.414784 13.913537 30 25 22
3.887033 -1.864382 12.898825 82 72 71
3.892749 -4.387991 12.889955 10 6 5
4.261395 7.943043 14.096999 108 108 110
4.291184 7.844788 14.134905 123 127 128
4.014853 0.191914 13.139215 108 97 91
4.037261 0.312447 13.193774 110 97 89
4.053948 0.490123 13.205394 112 103 96
4.053948 0.490123 13.205394 112 103 96
4.092052 -3.782686 13.084204 9 5 4
4.429596 6.494794 14.060542 119 119 121
4.105999 -2.367632 12.953310 84 82 83
4.308653 2.585557 13.444112 129 130 125
4.254017 1.177534 13.271157 101 93 90
4.245706 -3.840672 13.230857 19 15 12
4.458148 5.086566 13.887090 101 87 87
4.458148 5.086566 13.887090 101 87 87
4.226577 -3.982896 13.131248 75 64 62
4.356985 2.199603 13.535336 98 88 86
4.361084 1.268320 13.499403 30 28 29
4.404597 3.697704 13.626016 111 97 96
4.329601 0.010355 13.391868 29 24 21
4.559779 6.320639 14.080489 122 112 110
4.510574 5.185830 13.922400 126 125 123
4.386351 1.958125 13.515517 10 10 8
4.299982 -0.577018 13.238948 35 30 27
4.411263 2.531137 13.586166 31 27 26
4.412990 3.184784 13.591793 14 13 11
4.556158 5.855908 14.009866 119 124 120
4.274767 -1.823887 13.123535 21 15 15
4.423305 3.258759 13.584365 20 11 12
4.516149 4.626832 13.825006 17 12 8
4.593746 6.061856 14.062179 127 124 119
4.385234 -0.027424 13.391641 104 94 92
4.340753 -2.414815 13.244923 83 79 78
4.291684 -3.848709 13.088805 90 82 80
4.291684 -3.848709 13.088805 90 82 80
4.356419 -0.525591 13.278765 108 107 105
4.696280 7.679205 14.278938 107 107 107
4.696280 7.679205 14.278938 107 107 107
4.330273 -1.772944 13.140695 84 79 76
4.602763 5.767784 13.959280 29 23 23
4.602763 5.767784 13.959280 29 23 23
4.574167 5.001245 13.867641 121 113 111
4.555075 4.551134 13.801731 125 124 120
4.485313 3.225017 13.591290 112 108 107
4.457845 1.335763 13.509239 112 113 115
4.489316 3.357566 13.598097 123 113 112
4.447221 1.975644 13.458277 118 117 115
4.406413 -1.152500 13.337166 87 87 87
4.355475 -1.896441 13.139627 90 82 80
4.716616 7.706223 14.224074 42 43 45
4.716616 7.706223 14.224074 42 43 45
4.334579 -3.052226 13.047668 67 67 67
4.501696 2.397975 13.546155 98 95 90
4.501696 2.397975 13.546155 98 95 90
4.675391 6.322982 14.042632 110 109 107
4.430366 -0.590894 13.294601 27 22 19
4.381063 -1.778482 13.086299 85 80 77
4.395372 -2.576106 13.139770 56 51 48
4.803032 7.765346 14.317472 43 45 42
4.787917 6.452414 14.221120 35 31 30
4.896754 9.282579 14.493516 107 121 124
4.575071 2.506282 13.515058 33 31 32
4.543628 0.467697 13.374764 163 153 151
4.897201 7.790807 14.335632 117 119 116
4.877115 7.763932 14.277730 117 119 116
4.632118 1.175925 13.470756 105 93 93
4.876051 7.064098 14.132371 124 124 126
5.205716 5.723532 14.263783 100 87 81
5.236787 6.454840 14.311182 124 123 119
4.914455 -2.456592 13.395621 80 74 76
5.005054 0.659300 13.545294 112 107 111
5.441550 7.780524 14.638535 34 34 36
5.463156 8.361917 14.638078 52 52 54
5.270429 4.390594 14.112967 95 79 79
5.270429 4.390594 14.112967 95 79 79
5.066576 -2.003052 13.532126 77 67 68
5.297947 5.130010 14.134695 130 124 126
5.195855 1.772405 13.856600 111 106 102
5.200929 1.305238 13.853580 115 114 110
5.135352 -1.218933 13.668762 82 80 81
5.140627 -0.582075 13.667352 99 101 96
5.423882 5.761926 14.396299 34 30 27
5.278015 3.796118 13.976980 30 26 27
5.278015 3.796118 13.976980 30 26 27
5.239828 0.591467 13.838696 23 14 15
5.277956 1.866549 13.938569 33 27 27
5.371287 4.424375 14.162093 24 18 18
5.245330 1.252523 13.822288 29 25 24
5.226117 -0.026734 13.762767 27 17 16
5.493469 5.709716 14.427344 102 93 94
5.208649 -1.931373 13.663157 20 16 15
5.511251 6.432867 14.437606 36 32 31
5.412141 4.331309 14.169841 107 99 96
5.514110 6.563499 14.424226 36 30 30
5.437683 5.259716 14.225218 104 98 98
5.216569 -3.240869 13.612836 15 10 7
5.183608 -2.548556 13.518556 4 0 0
5.301027 1.319453 13.827022 118 114 111
5.296072 1.422332 13.818769 125 115 113
5.334507 1.789552 13.914818 109 105 106
5.246354 -0.937970 13.674797 89 78 76
5.274553 -0.794159 13.745678 103 98 94
5.239054 -0.711535 13.653143 98 93 89
5.355412 3.839211 13.933782 116 108 106
5.402368 3.214893 14.018173 122 120 121
5.319231 -0.594337 13.800679 92 92 90
5.278353 -1.224540 13.690407 84 83 81
5.273626 -2.496210 13.654755 72 64 62
5.328656 0.049814 13.785026 108 107 105
5.443275 3.736751 14.079093 109 89 88
5.588768 6.941324 14.449535 107 103 100
5.236514 -2.000390 13.512383 72 61 59
5.553372 6.379330 14.310432 113 113 111
5.355590 -1.938134 13.744627 20 14 14
5.547564 4.445499 14.217232 29 25 26
5.385770 -0.657145 13.796738 30 26 23
5.657823 7.015704 14.481426 47 47 45
5.386381 0.008188 13.668736 86 78 76
5.700155 5.096385 14.465712 86 82 83
5.462326 0.530421 13.840107 93 77 78
5.620573 3.711305 14.121943 98 80 76
5.556017 -3.987518 13.800600 70 59 57
5.946945 7.774151 14.741020 103 107 108
6.048185 7.883546 14.972471 106 111 114
6.012223 7.775184 14.808499 109 112 117
6.183379 9.552028 15.130946 128 143 148
6.125065 9.335274 14.975934 40 53 59
6.080386 7.746684 14.835798 36 37 42
5.753739 -0.597904 14.016466 84 81 76
5.782849 -1.914838 13.978133 76 71 68
6.142805 7.754321 14.789781 111 114 119
6.172828 7.786047 14.858596 120 123 128
5.776947 -0.671175 13.909908 23 19 16
5.911881 -0.621601 14.098539 97 96 92
6.197522 5.123968 14.684093 24 20 19
6.051806 2.379546 14.319312 98 87 85
6.337851 7.731285 14.958542 36 36 38
5.983484 -0.016201 14.065033 84 80 79
6.135139 3.201777 14.397602 119 117 118
6.017459 1.152444 14.106526 86 76 75
5.944654 -3.992329 13.915197 67 59 56
6.357629 7.055410 14.869611 30 24 26
6.049285 -1.942179 14.150910 77 73 70
6.151996 3.676933 14.390298 113 103 102
6.140483 3.734752 14.311827 27 23 24
6.174375 3.144849 14.389444 15 9 9
6.211607 2.495460 14.460774 32 31 29
6.150639 1.977256 14.280913 26 22 23
6.207276 3.359366 14.383854 32 16 16
6.160690 1.197564 14.256539 23 19 20
6.347832 5.737336 14.685496 33 29 26
6.178443 3.648193 14.248673 109 99 98
6.171038 1.905443 14.229094 104 100 99
6.287702 3.207477 14.485541 102 98 97
6.412676 6.021643 14.769977 30 21 22
6.174538 -0.099002 14.221335 28 24 23
6.279426 3.205924 14.460458 99 95 92
6.208894 1.269579 14.263221 104 104 104
6.122880 -1.353495 14.050113 16 12 11
6.375286 4.539818 14.626307 99 100 95
6.223409 3.584602 14.242146 114 110 101
6.260478 3.407066 14.316142 118 107 101
6.710453 7.868675 15.227870 115 119 122
6.479211 5.008401 14.633247 111 106 102
6.709434 7.747462 15.123293 43 44 46
6.749149 9.194482 15.154189 47 60 66
6.749149 9.194482 15.154189 47 60 66
6.423027 -4.081161 14.404009 7 1 3
6.392556 -2.592215 14.287526 73 67 67
6.462894 1.260455 14.434047 105 103 104
6.745778 8.245181 15.039271 92 97 100
6.493788 -2.691437 14.254717 14 8 8
6.953574 9.720745 15.102131 156 175 179
6.932348 4.455991 14.893506 28 23 20
7.033502 6.370296 15.043081 36 36 36
7.046381 4.436137 14.880958 27 23 24
7.309883 7.815223 15.435307 120 121 123
7.218102 6.491814 15.230560 103 107 106
7.174232 5.695971 15.073619 24 18 18
6.897418 -1.349000 14.479533 76 76 74
6.901151 -2.721605 14.461840 19 14 11
7.083473 3.879747 14.790447 44 39 36
7.143255 3.113935 14.897701 28 22 22
7.198843 5.106448 15.008628 26 25 23
7.341828 7.026347 15.295313 47 47 47
7.067982 1.192329 14.723294 22 18 19
7.059211 2.678632 14.702859 42 30 32
7.201718 5.434916 14.979201 107 102 99
7.144204 1.642111 14.838787 28 20 17
7.098478 1.889070 14.716306 121 122 117
6.954518 -0.926501 14.416801 18 14 11
7.117444 2.999007 14.720413 85 75 74
7.297861 5.192541 15.061955 98 94 91
7.076864 -2.618152 14.598188 12 4 2
7.200888 1.537405 14.822318 103 94 89
7.111194 1.342864 14.641695 112 98 95
7.555803 7.822700 15.549801 115 117 114
7.175428 1.241645 14.727156 110 109 104
7.345224 1.834129 14.973131 24 23 21
-24.872982 6.622318 53.464531 119 102 84
-24.667389 10.515289 54.086121 116 97 83
-24.649517 11.945646 54.297447 121 109 95
-24.232456 5.563621 53.387787 118 97 80
-24.558462 9.460349 54.685719 167 158 141
-22.290283 -12.685949 48.365936 146 136 126
-22.481451 12.525806 51.982998 189 190 174
-23.763718 11.470797 55.338963 182 166 151
-23.526924 12.526949 55.245682 187 188 172
-23.165052 9.518668 54.457829 110 103 87
-15.349645 11.240585 36.432968 99 105 95
-22.809752 12.490749 55.497719 185 189 172
-22.024916 12.827076 54.323807 187 189 175
-15.025673 11.426035 36.733036 184 195 179
-23.992937 8.523438 58.793877 160 157 140
-14.423291 11.292253 35.766720 147 154 138
-9.972749 10.541584 24.757240 163 174 160
-23.853575 8.117393 60.779346 109 105 93
-23.352598 9.190580 59.819740 93 90 75
-23.019268 6.881853 58.797283 98 90 79
-7.010615 10.111835 17.488674 146 166 155
-6.656096 10.010967 16.608130 145 166 157
-5.699095 10.001945 14.375611 193 213 204
-23.802835 -1.978049 62.845753 98 111 101
-13.997331 11.665293 39.951977 172 179 163
-5.132748 9.965640 14.534662 157 170 160
-3.115225 -3.884803 10.168140 86 92 92
-2.916228 -1.061307 10.184421 223 216 206
-2.909458 -0.677209 10.275667 168 167 163
-2.828174 2.361413 10.616973 171 157 146
-2.719990 5.364257 10.937096 67 72 68
-2.684889 6.020180 10.986711 140 145 138
-2.739818 4.075678 10.824213 175 173 161
-2.827166 -0.664971 10.295090 112 113 108
-2.943319 -3.833768 10.098718 73 78 81
-2.922456 -3.307472 10.193268 152 147 144
-2.791044 -0.118435 10.374476 183 180 175
-2.927021 -4.533571 10.004383 167 167 159
-2.714304 1.118119 10.542794 184 190 180
-2.877643 -4.393563 10.051541 138 143 146
-2.688121 1.068971 10.528114 178 179 171
-2.544158 6.033091 11.075903 141 144 137
-2.716943 -0.806720 10.282817 152 141 137
-2.749563 -3.155383 10.171060 155 159 158
-2.695397 -2.523151 10.212036 165 170 163
-2.626187 -1.427937 10.185405 143 125 125
-2.548086 1.553592 10.624259 185 181 170
-2.362708 7.921858 11.350894 64 77 70
-2.658715 -2.637209 10.185748 147 138 139
-2.632852 -1.925655 10.298880 160 157 152
-2.606709 -2.516653 10.206740 172 175 166
-2.605654 -2.514429 10.203588 172 175 166
-2.288412 7.936034 11.357978 120 126 122
-2.629256 -3.765305 10.154696 142 143 145
-2.495436 -0.706512 10.393747 172 173 168
-2.433191 1.060423 10.672739 160 160 152
-2.471544 -1.419748 10.326662 140 129 127
-2.384105 1.654844 10.715489 171 168 161
-2.284360 4.896650 11.094820 144 141 134
-2.367364 1.558742 10.724613 191 187 178
-2.356933 1.051806 10.671746 161 160 155
-2.167333 7.293321 11.337470 131 133 130
-2.230132 5.300390 11.182092 133 133 125
-2.269817 3.536868 10.960765 156 147 138
-2.321613 1.600307 10.739935 52 53 47
-2.205878 5.034660 11.089280 165 162 155
-2.373893 -0.889851 10.448544 154 141 135
-2.292978 1.496660 10.691346 178 174 165
-2.184760 5.381976 11.238381 59 62 55
-2.183925 4.760172 11.117283 62 59 54
-2.285647 1.364661 10.749592 177 174 167
-2.428787 -3.308975 10.270103 137 134 129
-2.241456 2.355392 10.829996 142 123 117
-2.379121 -2.058997 10.359624 177 174 169
-2.385655 -2.504153 10.265165 160 163 154
-2.126970 5.998040 11.228829 45 46 40
-2.298806 0.339905 10.603442 147 136 132
-2.067988 7.914268 11.455979 133 142 137
-2.070046 7.800465 11.436491 131 133 128
-2.278557 1.064660 10.711988 169 166 161
-2.278557 1.064660 10.711988 169 166 161
-2.228897 2.827554 10.967098 58 57 52
-2.077271 7.349111 11.431733 126 127 122
-2.281261 0.177392 10.566442 163 153 144
-2.412762 -3.612763 10.229322 152 154 151
-2.350679 -2.216492 10.343152 188 189 183
-2.338718 -2.157588 10.322722 186 187 181
-2.066820 6.667627 11.318616 142 143 137
-2.449276 -5.006464 10.153089 129 139 138
-2.154496 3.851399 11.041418 163 159 148
-2.112865 4.800930 11.125770 150 149 145
-2.418624 -4.628692 10.158626 158 159 153
-2.146942 3.709568 11.033499 163 156 146
-2.153263 3.541177 11.060287 172 168 165
-2.130144 4.154120 11.119397 152 157 151
-2.130144 4.154120 11.119397 152 157 151
-2.324676 -2.460321 10.334680 58 60 57
-2.409349 -4.750638 10.161611 144 149 142
-2.168357 2.507208 10.904097 159 151 148
-2.196215 1.411253 10.783291 174 169 163
-2.311270 -2.661278 10.256111 149 140 141
-2.165127 2.259117 10.893871 167 164 159
-2.184660 1.510938 10.794347 165 160 154
-2.221106 0.012486 10.625279 174 163 159
-2.215715 0.072403 10.626884 172 161 157
-2.380877 -4.911553 10.168455 55 60 63
-2.093117 4.124696 11.208630 59 60 54
-2.201501 0.127972 10.644283 169 155 152
-2.159830 0.954923 10.674846 137 123 120
-2.194139 -0.112995 10.598959 121 111 109
-2.185957 -0.259378 10.574996 156 145 143
-2.248218 -1.982297 10.473248 151 160 155
-2.304720 -4.608220 10.233227 134 128 128
-2.298127 -4.475821 10.285076 128 138 139
-2.130930 -0.838239 10.528531 143 125 123
-2.038508 1.036629 10.777358 145 137 134
-2.039943 -0.861049 10.532728 137 117 116
-2.050091 -1.302868 10.517505 134 130 127
-2.077835 -2.530967 10.381040 145 141 140
-1.706499 8.115718 11.587169 124 123 119
-2.124516 -3.819664 10.374970 146 151 147
-1.713057 7.969133 11.650456 118 117 113
-2.125648 -4.599411 10.270596 123 117 119
-2.105908 -4.645375 10.276937 140 134 136
-2.008820 -2.640369 10.475217 67 66 64
-1.806278 2.966180 11.065053 159 152 146
-1.973161 -2.091421 10.487074 133 121 121
-1.806300 1.609578 10.885881 156 152 149
-2.012869 -3.856671 10.484820 136 141 137
-1.921208 -2.261340 10.483877 101 85 85
-1.716408 2.855915 11.103059 165 160 156
-1.836073 -0.738752 10.669607 180 176 175
-1.799983 -0.849372 10.585181 141 129 131
-1.953884 -4.703285 10.325904 173 164 165
-1.907092 -3.849694 10.472110 128 134 134
-1.734758 0.432794 10.837892 163 162 157
-1.612856 2.140871 11.053218 129 105 103
-1.768372 -2.588161 10.532947 154 153 149
-1.807876 -3.863257 10.548286 124 129 125
-1.556382 2.200229 11.043316 158 154 151
-1.642658 -0.282686 10.769407 145 116 110
-1.382098 6.653202 11.593966 130 127 122
-1.460887 4.625787 11.451221 121 103 99
-1.397617 5.743923 11.473549 134 120 109
-1.700517 -2.608576 10.575830 124 126 121
-1.339607 7.270040 11.771172 52 52 44
-1.305073 7.996808 11.846050 120 117 112
-1.303832 7.991993 11.839045 120 117 112
-1.503903 2.343029 11.184813 117 112 106
-1.497618 2.336097 11.151729 117 112 106
-1.423705 4.240298 11.363416 128 115 109
-1.320559 6.670676 11.619402 39 34 28
-1.454911 2.937387 11.182384 128 117 113
-1.649296 -2.678623 10.495459 121 110 108
-1.399372 4.069977 11.410214 46 45 40
-1.560079 -0.858042 10.668678 136 118 116
-1.458989 1.866381 11.050818 148 133 130
-1.238952 7.825822 11.792365 117 106 102
-1.227073 7.917629 11.854901 46 43 38
-1.316447 5.400107 11.514725 141 138 133
-1.716546 -5.110359 10.505058 109 119 118
-1.185851 8.058205 11.759254 60 55 51
-1.545930 -1.617901 10.678351 168 164 155
-1.468059 0.376849 10.915483 51 48 43
-1.362221 3.135202 11.271596 144 135 128
-1.414671 1.605414 11.062676 157 153 150
-1.352698 3.277922 11.314901 144 140 131
-1.170785 8.062283 11.857510 124 119 115
-1.342852 3.450284 11.360160 136 143 136
-1.493695 -0.803704 10.797802 44 39 36
-1.472403 -0.332670 10.837047 37 28 23
-1.563111 -2.712792 10.572276 116 102 102
-1.396483 1.630384 11.116485 141 133 130
-1.374927 2.190402 11.196481 160 162 157
-1.374927 2.190402 11.196481 160 162 157
-1.434753 0.481502 10.934695 177 169 167
-1.142423 8.271987 11.848409 119 118 114
-1.453022 -0.220519 10.969581 47 46 42
-1.456379 -0.662299 10.819742 195 186 181
-1.437142 -0.417512 10.856659 185 174 170
-1.445455 -0.778818 10.824692 182 179 174
-1.408887 -0.678691 10.811408 121 110 106
-1.323603 1.494459 11.058821 143 130 122
-1.484523 -2.736017 10.645364 153 153 151
-1.516754 -4.450331 10.549888 126 132 130
-1.272804 0.886869 11.048903 149 130 124
-1.319365 -1.475135 10.799052 125 111 108
-1.267110 -0.301635 10.905817 131 117 114
-1.208891 0.910948 11.084851 72 54 50
-1.238686 -0.679998 10.860186 172 158 155
-1.144200 1.486649 11.132878 140 121 117
-1.100355 1.035468 11.066939 106 91 84
-1.264084 -3.870688 10.647012 113 113 111
-1.239860 -3.358934 10.651530 122 118 119
-1.180164 -1.964234 10.804479 143 148 142
-0.967299 2.797588 11.359238 153 150 145
-1.126086 -1.382925 10.876037 151 144 138
-1.125321 -1.384608 10.869221 151 144 138
-1.098749 -0.878596 10.904730 116 98 94
-1.032197 -0.303500 11.027675 126 108 106
-0.927908 2.050966 11.271052 131 114 107
-0.627794 7.861682 12.025218 52 49 40
-0.899399 1.140089 11.161500 202 180 169
-0.740369 3.951608 11.581512 118 98 91
-0.562477 7.856390 12.070153 49 44 38
-1.028568 -3.268389 10.760412 132 132 130
-0.952313 -2.141143 10.913748 124 116 114
-0.530638 7.276341 12.000214 134 133 128
-0.514215 7.352051 11.985550 120 116 107
-0.564335 6.011845 11.895759 136 139 132
-0.556338 5.969488 11.813992 136 139 132
-0.961926 -3.916666 10.797573 99 98 94
-0.602775 4.061466 11.665442 150 145 141
-0.640654 2.981399 11.430971 143 114 106
-0.994308 -5.247738 10.652400 112 104 101
-0.606081 3.465922 11.591383 130 121 116
-0.690815 0.975868 11.280664 155 156 150
-0.919759 -4.383356 10.675385 111 113 110
-0.426487 6.483859 11.965179 126 115 111
-0.698497 -0.124651 11.127142 123 115 112
-0.586827 2.362985 11.431628 159 150 141
-0.526494 3.700263 11.686013 151 144 138
-0.529908 3.602269 11.641172 149 145 136
-0.569967 2.651413 11.491096 147 137 128
-0.341035 7.842041 12.134739 65 65 55
-0.684638 0.043024 11.130470 122 111 109
-0.717541 -0.917706 11.041542 132 108 106
-0.550397 2.791196 11.574615 131 136 132
-0.701252 -1.019854 11.057895 132 118 115
-0.541169 2.502131 11.490486 108 89 82
-0.652730 -0.138547 11.162249 36 31 27
-0.652050 -0.139213 11.154099 36 31 27
-0.748092 -2.405282 10.917919 131 122 117
-0.664025 -0.895828 11.135960 47 46 41
-0.691542 -1.552909 11.029179 124 108 108
-0.712812 -2.101301 11.022758 44 43 39
-0.721507 -2.472559 10.941891 37 32 28
-0.823258 -5.098830 10.659297 89 88 86
-0.661876 -2.166277 11.020485 140 136 133
-0.715651 -3.428288 10.906672 162 162 154
-0.282700 5.829775 11.958889 127 105 94
-0.511772 0.305945 11.231297 47 40 34
-0.506671 0.246098 11.216199 130 115 110
-0.363015 3.181691 11.626528 150 124 111
-0.410120 2.055538 11.509565 124 101 95
-0.707936 -4.575554 10.983278 103 104 106
-0.126937 7.953502 12.301003 130 129 124
-0.128755 7.927643 12.255987 131 130 125
-0.613663 -2.686045 11.035678 124 124 122
-0.501058 -0.233827 11.171382 157 156 152
-0.174641 6.617182 12.080176 123 120 115
-0.491004 -0.336721 11.164177 126 105 104
-0.427661 0.957597 11.320861 142 142 134
-0.137751 6.584715 12.087673 124 123 118
-0.036743 8.240979 12.260140 52 51 46
-0.036743 8.240979 12.260140 52 51 46
-0.644347 -5.255795 10.889946 29 28 26
0.001164 7.909107 12.299935 109 102 96
-0.441240 -3.948076 11.014199 104 105 100
-0.214729 0.851120 11.433456 161 147 138
0.076603 6.510090 12.125901 42 29 23
-0.166036 0.892644 11.444629 42 37 31
-0.282182 -1.551346 11.181441 103 93 94
0.101618 6.706246 11.430764 46 39 31
-0.275080 -2.268350 11.144901 132 128 127
-0.390909 -4.682857 10.927503 88 81 73
-0.179134 -1.580414 11.201400 110 98 100
-0.303397 -4.564321 11.017514 103 105 104
0.232598 5.810891 12.216210 111 91 82
-0.116221 -1.562210 11.168342 110 100 101
0.207967 4.357716 11.955528 119 99 90
0.169646 3.280658 11.856806 109 84 79
0.154016 2.764436 11.845180 147 150 143
0.098210 1.512493 11.613514 157 159 154
0.182313 2.871821 11.838015 118 100 96
0.021683 -0.401161 11.447893 113 87 86
0.388836 6.683166 12.363592 120 113 105
0.016251 -0.841784 11.341599 141 140 136
0.348653 5.314296 12.204258 131 126 122
0.288740 4.046669 12.010736 144 149 142
-0.147240 -4.580418 11.039875 99 103 102
-0.062464 -1.267584 10.178335 144 146 143
0.136468 0.854648 11.607464 43 40 35
0.136468 0.854648 11.607464 43 40 35
0.101395 0.206937 11.421523 111 92 85
0.270950 3.236202 11.902404 153 143 133
0.352762 4.680614 12.148103 143 146 139
0.192738 1.657902 11.671822 155 157 154
0.187926 1.528742 11.659749 164 166 163
0.066685 -1.535255 11.360710 35 31 28
0.213537 1.410074 11.620833 152 139 131
0.309141 2.764854 11.839455 147 150 143
0.418424 4.610722 12.161430 39 38 34
0.159001 -0.398675 11.501538 130 121 116
0.604725 7.962266 12.550406 113 114 106
-0.010556 -4.075724 11.074490 101 96 93
0.639744 8.262071 12.611303 111 108 103
0.198024 -0.288490 11.586681 123 130 122
0.082652 -2.742297 11.291883 111 116 112
0.283238 0.854035 11.705361 50 36 33
0.058180 -3.475229 11.152033 93 85 83
0.284074 0.851800 11.662807 50 36 33
0.081817 -3.265110 11.208376 40 42 39
0.055424 -3.952127 11.118256 100 105 99
0.107661 -3.326600 11.212936 134 139 135
0.297368 -0.268022 11.552331 132 134 129
0.105085 -4.325755 11.110140 109 110 105
0.484760 2.623187 11.894578 126 120 108
0.484260 2.616485 11.868331 126 120 108
0.251948 -1.887006 11.392902 155 161 159
0.251948 -1.887006 11.392902 155 161 159
0.236321 -2.819864 11.327029 23 22 20
0.744003 5.936134 12.403068 133 129 120
0.339263 -2.255680 11.440956 104 103 101
0.382267 -2.776970 11.470573 104 109 105
0.840198 5.890757 12.350150 135 126 119
0.416476 -2.109259 11.420909 110 109 107
0.268498 -4.980338 11.105356 153 145 142
0.296732 -5.336034 11.107913 117 113 112
0.320776 -5.636254 11.147156 66 66 68
0.443190 -3.338167 11.292891 102 104 101
0.384230 -4.563025 11.206773 94 99 95
0.427402 -4.730731 11.194943 86 78 75
0.802111 1.975286 11.969755 135 125 115
0.904579 2.665665 12.123456 35 27 24
0.529945 -3.980922 11.314178 99 104 98
1.023632 4.633813 12.384304 140 141 136
1.207661 7.615588 12.819754 58 49 42
0.723588 -0.921285 11.727116 122 118 115
1.204082 7.286415 12.735811 44 41 34
1.198205 7.141547 12.681824 30 30 20
0.994165 3.460995 12.214073 148 130 126
1.065598 4.595803 12.403447 23 22 18
1.011982 3.725538 12.254462 111 96 91
1.236776 7.795778 12.675181 133 134 126
1.159598 5.890081 12.580215 37 30 24
1.161153 5.140266 12.492727 127 117 115
1.237315 6.408645 12.630025 127 116 110
1.145626 4.633432 12.436478 136 138 133
1.217257 5.894216 12.563541 132 119 113
1.009408 2.133279 12.110991 157 158 152
1.028697 2.439229 12.136415 148 149 143
1.115989 3.858491 12.324799 133 126 118
0.616451 -4.835088 11.240625 92 82 80
0.889595 -0.178862 11.745447 132 108 106
0.879418 -1.374438 11.704835 143 142 137
1.203977 3.942676 12.437416 15 12 7
1.009407 -0.289792 11.827185 86 82 79
0.971058 -1.273400 11.829139 126 115 113
0.989647 -1.069092 11.844551 137 134 127
0.989647 -1.069092 11.844551 137 134 127
1.116812 1.367604 11.994197 111 104 98
0.820602 -3.957719 11.448578 29 31 26
0.977794 -1.400381 11.796561 113 104 99
1.051448 0.079254 11.757983 123 108 105
1.113014 -0.104319 12.179303 118 107 105
0.881104 -3.538181 11.551396 119 115 112
1.073357 -0.430340 11.881444 106 91 88
0.770779 -6.065902 11.332049 67 62 58
0.770779 -6.065902 11.332049 67 62 58
1.137714 0.164278 11.917768 107 92 89
0.951341 -3.205734 11.550938 97 93 92
0.877105 -5.055257 11.344977 82 77 74
0.888916 -5.201590 11.329550 120 122 119
1.291002 1.335891 12.094225 111 101 92
1.005133 -3.816370 11.511029 88 86 87
0.938215 -5.229314 11.336142 66 66 64
1.442063 2.693111 12.288451 145 144 140
1.183674 -2.952728 11.620400 100 96 93
1.441812 1.299464 12.104519 121 117 106
1.241397 -2.315299 11.781289 110 105 102
1.653647 3.544367 12.442630 139 114 109
1.826723 5.765634 12.786960 111 97 88
1.401230 -1.603652 12.053745 122 117 113
1.843123 5.877970 12.828569 132 128 119
1.758509 4.576394 12.640426 129 130 125
1.168285 -5.279032 11.381045 11 7 6
1.163111 -5.960269 11.448138 13 9 8
1.518470 -0.362378 12.130062 97 93 90
1.389753 -3.005980 11.958582 77 72 69
1.467183 -1.570537 11.975543 112 107 103
1.745296 1.693775 12.363785 113 99 88
1.984793 5.283274 12.840110 132 127 121
1.984793 5.283274 12.840110 132 127 121
1.749168 1.457000 12.385756 125 122 113
1.912069 3.926256 12.680383 28 27 23
2.102572 6.863960 13.038616 107 96 90
1.763325 1.544675 12.370042 109 99 90
2.122196 7.044456 13.089689 117 112 106
1.716891 0.565851 12.270489 137 120 112
2.004343 4.491749 12.791588 128 119 112
1.906606 2.689183 12.523309 134 135 130
1.873577 1.943616 12.507434 144 139 136
2.005624 3.330802 12.798774 131 136 130
1.664466 -1.736789 12.101672 89 78 74
1.658766 -1.725625 12.045632 89 78 74
1.619394 -2.909838 11.986453 12 13 8
2.068333 3.948489 12.770593 127 130 123
2.314374 7.777723 13.229779 39 41 30
2.314374 7.777723 13.229779 39 41 30
1.789335 -0.503272 12.249589 98 93 89
1.790842 -0.550000 12.260530 127 123 114
1.787223 -0.875597 12.240949 138 137 133
1.783274 -0.982348 12.217273 122 123 118
1.541805 -3.995738 11.561869 78 81 74
1.820246 -0.836857 12.253465 69 66 61
1.547428 -5.445804 11.530870 69 64 60
1.709108 -3.402542 11.873298 10 9 5
1.585567 -5.406273 11.666363 16 12 11
2.082934 1.471757 12.514222 132 129 124
2.100335 1.451884 12.574008 105 104 100
2.095780 1.268718 12.476822 130 127 120
1.751073 -4.224019 11.778129 87 82 78
1.722776 -4.683013 11.728795 59 58 56
1.656277 -5.534534 11.542677 89 84 78
1.666813 -5.679424 11.581116 72 65 55
1.659867 -6.172041 11.542272 93 85 83
1.659867 -6.172041 11.542272 93 85 83
2.141549 0.678396 12.406855 113 105 102
2.073971 -1.009802 12.289949 94 86 83
2.051017 -2.135778 12.292648 108 100 97
2.326601 0.806810 12.568371 114 109 105
2.791625 7.141324 13.339973 108 111 102
2.338376 0.096146 12.488263 95 81 78
2.439806 1.319013 12.695817 108 101 95
2.519557 2.055922 12.815899 122 123 117
2.757293 5.747447 13.206869 101 92 87
2.700024 4.610750 13.106509 129 126 121
2.616936 2.548003 12.932652 114 105 98
2.749264 4.857138 13.086408 103 90 84
2.759301 4.565381 13.132902 32 29 24
2.514537 0.798939 12.720408 126 125 120
2.688688 3.588756 12.944704 111 97 84
3.003763 7.842912 13.561693 116 121 114
2.905549 5.977955 13.345796 21 14 6
2.847953 5.088717 13.193173 104 96 93
2.584836 0.792420 12.775460 119 118 113
2.593237 1.111281 12.732048 118 109 102
2.724386 2.590483 12.966073 27 26 21
2.549519 -0.461438 12.688065 110 113 106
2.795475 3.413675 13.062119 118 103 100
2.711851 0.928970 12.833464 149 148 143
2.725724 1.282136 12.830746 142 142 134
2.450518 -2.852669 12.274057 85 80 74
2.694438 -0.434347 12.723275 101 100 96
2.708220 -1.241063 12.689786 130 123 115
2.667938 -1.725047 12.595869 12 9 4
2.755830 -1.107637 12.816241 110 113 106
2.596380 -2.843871 12.351995 19 12 6
2.640151 -2.706401 12.368786 97 90 84
2.504084 -3.982299 12.032103 87 82 78
2.570683 -3.553764 12.211441 73 72 68
2.570683 -3.553764 12.211441 73 72 68
2.646776 -2.794338 12.370368 91 82 77
2.792019 -1.127996 12.654714 30 29 24
3.436445 7.812306 13.707980 122 125 118
2.438726 -5.097645 11.874105 14 9 6
2.818626 -1.883772 12.710387 84 69 64
3.590035 8.944095 13.938607 51 58 51
2.852635 -2.410326 12.553884 17 16 11
3.186049 1.265420 13.041491 87 72 67
2.906020 -2.438972 12.408505 75 64 60
3.608448 5.704767 13.601502 94 85 80
3.558439 4.454230 13.466827 103 90 84
3.549509 4.080566 13.389230 100 87 81
3.809375 7.093140 13.880227 31 31 19
3.623759 4.514615 13.532840 23 22 17
3.667560 5.311093 13.554259 30 26 17
3.181113 -1.852762 12.767365 81 70 64
3.672593 5.453051 13.431566 110 105 99
3.887802 7.161312 13.922023 118 124 112
3.507258 1.379741 13.336226 125 126 120
3.659843 4.418362 13.464966 113 109 100
3.800875 5.793598 13.693297 22 19 12
3.198132 -2.321907 12.653816 72 71 66
2.997424 -4.195126 12.224615 12 9 4
3.532890 1.330451 13.228364 20 19 15
3.302082 -1.725940 12.836055 73 68 62
3.650525 3.140996 13.341312 115 116 110
3.615207 1.864343 13.341572 128 127 122
3.456401 -0.643367 13.097466 73 60 54
3.488121 -1.188641 13.087029 24 19 15
3.488968 -1.163296 13.083850 12 9 4
3.508219 -0.900923 13.101181 26 21 17
3.508219 -0.900923 13.101181 26 21 17
3.681985 0.746381 13.411349 107 110 103
3.718656 1.472830 13.349219 72 54 50
3.505418 -1.865937 12.883091 103 94 89
3.412196 -3.106995 12.560858 73 70 63
3.389579 -4.383738 12.330049 75 68 62
4.400559 6.475326 14.114928 36 33 24
3.376849 -4.650006 12.312881 80 72 69
4.536018 7.632883 14.134337 103 103 95
4.630681 7.108587 14.190951 24 21 14
4.455150 5.141506 13.900565 23 20 11
4.549423 5.092273 13.924087 33 33 23
4.937039 8.422803 14.491091 101 102 97
4.647752 5.190031 14.006893 105 111 101
4.693346 5.813799 14.002176 111 114 103
4.408866 1.917571 13.553578 23 23 15
4.560348 3.723708 13.762161 116 106 96
4.488339 2.374531 13.640163 114 114 106
4.533142 2.496422 13.727193 102 103 97
4.305875 -0.541595 13.363246 84 85 77
4.498683 1.228184 13.679175 104 103 98
4.393806 -0.068439 13.520200 24 17 11
4.437180 -0.450237 13.489205 94 81 73
4.309152 -1.713291 13.178255 25 14 8
5.107509 7.158341 14.400950 109 114 108
4.396072 -1.319153 13.345655 85 74 68
4.068793 -3.980217 12.658261 74 63 59
4.762001 3.733640 13.736648 99 82 75
5.409320 7.931039 14.737735 105 108 99
5.436861 7.819050 14.558972 39 44 37
5.467349 7.648288 14.565210 97 92 86
5.453105 6.477920 14.457472 124 125 117
5.307486 3.885920 14.170126 117 118 110
5.503892 5.814381 14.413657 118 119 113
5.085417 1.335001 13.778426 108 105 98
5.276421 2.583980 14.084947 98 94 91
5.487806 5.187254 14.367049 105 102 93
5.202972 1.567121 13.861797 112 105 95
5.815230 7.750890 14.686779 112 117 111
5.004403 -0.711558 13.474937 90 75 70
5.338120 2.574467 13.959576 106 105 101
5.284298 1.386470 13.927026 32 30 18
6.209179 9.148353 15.035313 109 115 111
6.294215 7.080796 14.817376 108 109 103
-9.341437 2.129609 18.361069 47 47 47
-9.415504 3.102353 18.647142 121 105 90
-9.014157 0.296771 17.543142 189 201 197
-9.014157 0.296771 17.543142 189 201 197
-9.282231 2.083123 18.331961 123 124 118
-9.235455 1.719748 18.197676 91 89 76
-9.235455 1.719748 18.197676 91 89 76
-9.249627 1.851919 18.247257 103 96 86
-9.375417 3.426214 18.704988 125 118 102
-9.118443 0.975334 17.879786 94 104 103
-9.293844 2.452934 18.447372 150 134 121
-9.362679 3.813200 18.770861 120 111 96
-9.223810 1.951174 18.274879 105 115 107
-9.085294 1.075660 17.915905 129 144 137
-9.139117 1.753916 18.187941 163 157 145
-8.979100 0.832519 17.790428 99 109 110
-9.168989 6.031472 18.831358 185 186 168
-9.087527 1.690009 18.153734 114 112 99
-8.905359 0.533332 17.639965 61 67 65
-9.063437 1.887497 18.216042 199 209 200
-9.089463 2.168848 18.312193 155 139 124
-8.938381 1.070825 17.884270 123 138 131
-8.952291 1.216412 17.946220 153 159 145
-8.990756 1.732663 18.146614 158 154 142
-8.990756 1.732663 18.146614 158 154 142
-8.979319 1.834402 18.178600 123 118 112
-9.092496 4.584603 18.777338 116 106 94
-8.923888 1.521202 18.056383 155 166 158
-8.923888 1.521202 18.056383 155 166 158
-8.973217 1.978926 18.224503 132 119 110
-8.781103 1.051646 17.844351 128 141 134
-8.814909 1.461895 18.010546 102 119 113
-8.881585 2.346187 18.312031 111 92 78
-8.661534 0.562904 17.609188 66 72 68
-8.804004 1.607481 18.060328 156 162 150
-8.827753 3.019368 18.463783 122 116 100
-8.521824 0.423232 17.518806 113 119 115
-8.676602 1.603762 18.029924 160 163 154
-8.740373 5.388007 18.680515 184 188 173
-8.635357 1.659884 18.039616 110 110 98
-8.635357 1.659884 18.039616 110 110 98
-8.612283 1.534603 17.991131 127 132 128
-8.612283 1.534603 17.991131 127 132 128
-8.589643 1.596043 18.007261 158 161 152
-8.601397 1.725751 18.053707 163 159 148
-8.601397 1.725751 18.053707 163 159 148
-7.346807 -3.436723 14.607971 144 134 124
-8.523252 1.777563 18.052061 124 120 109
-8.509909 1.654824 18.008635 111 113 100
-8.492016 1.535985 17.964106 117 122 116
-8.510336 1.837143 18.067955 176 183 176
-8.442702 1.203935 17.832979 178 182 167
-8.441989 1.364186 17.892065 109 125 122
-8.454349 1.600784 17.977510 172 178 168
-8.397328 1.637927 17.976566 117 120 109
-8.397328 1.637927 17.976566 117 120 109
-8.418497 1.925769 18.072926 146 142 133
-8.247602 0.927336 17.683949 64 75 71
-8.417471 3.677012 18.455824 109 103 91
-8.274903 1.743480 17.981464 168 174 162
-8.243942 1.569409 17.917747 159 165 155
-8.201804 1.907449 18.013618 138 138 128
-8.001788 0.498895 17.455366 55 59 58
-8.099729 1.377118 17.819082 107 117 116
-8.099729 1.377118 17.819082 107 117 116
-8.101995 1.627802 17.903044 103 107 93
-8.101995 1.627802 17.903044 103 107 93
-8.105922 1.744091 17.940538 120 126 114
-8.029164 1.555873 17.862450 157 163 153
-8.029164 1.555873 17.862450 157 163 153
-8.038103 1.837735 17.952085 99 106 98
-8.053502 5.075458 18.420074 178 185 169
-7.929595 1.608783 17.855438 105 111 99
-7.929595 1.608783 17.855438 105 111 99
-7.928437 5.160570 18.370754 108 114 104
-7.928437 5.160570 18.370754 108 114 104
-7.811705 5.934603 18.277340 106 116 107
-7.772719 6.107643 18.241776 144 151 135
-7.854357 5.200546 18.340923 168 171 160
-7.659143 6.660643 18.108553 148 154 140
-7.659143 6.660643 18.108553 148 154 140
-7.797184 1.533776 17.799732 154 160 150
-7.800621 1.599399 17.821156 107 113 101
-7.800621 1.599399 17.821156 107 113 101
-7.620539 6.799678 18.064325 147 153 139
-7.535519 7.188161 17.937960 152 163 149
-7.535519 7.188161 17.937960 152 163 149
-7.773200 1.658909 17.832695 158 161 150
-7.376646 7.739479 17.702660 160 171 157
-7.683425 1.590864 17.789839 100 106 94
-6.983962 -2.558710 15.439472 67 63 62
-7.650064 1.354098 17.706524 112 122 121
-7.130899 8.423843 17.314323 148 160 148
-7.130899 8.423843 17.314323 148 160 148
-7.645074 1.518337 17.758022 153 158 151
-6.988775 8.785946 17.065121 152 164 152
-6.779695 9.353776 16.623768 201 217 206
-6.888970 9.000410 16.893913 125 138 128
-6.763969 9.275225 16.659344 134 152 140
-6.763969 9.275225 16.659344 134 152 140
-6.737502 9.318748 16.615791 143 161 149
-6.661380 9.483317 16.462395 137 157 145
-6.787892 9.067484 16.792347 189 202 192
-6.202682 10.364114 15.442385 192 212 203
-6.509246 9.755258 16.171213 129 146 136
-6.672894 9.324617 16.568113 189 209 197
-6.440247 9.873549 16.034048 135 152 142
-6.440247 9.873549 16.034048 135 152 142
-6.410612 9.920042 15.976681 132 149 141
-6.081964 10.497638 15.212665 185 205 196
-6.321189 10.066520 15.792889 130 150 141
-6.321189 10.066520 15.792889 130 150 141
-7.482056 4.798009 18.203556 177 179 165
-6.150791 10.316450 15.440967 127 150 142
-6.150791 10.316450 15.440967 127 150 142
-6.119237 10.359840 15.374700 132 153 146
-6.119237 10.359840 15.374700 132 153 146
-7.439466 1.507234 17.704275 156 161 154
-7.496665 3.658394 18.154242 146 142 130
-7.434395 1.574845 17.723402 106 112 100
-7.434395 1.574845 17.723402 106 112 100
-5.969041 10.544418 15.064879 118 139 130
-5.969041 10.544418 15.064879 118 139 130
-6.184587 10.166478 15.599894 190 210 201
-6.319983 9.870113 15.944468 204 221 213
-7.375429 1.316030 17.628799 96 106 105
-6.713183 -2.704739 15.302751 43 54 60
-7.412704 4.336052 18.171019 113 109 98
-7.000423 -1.381935 16.299198 72 82 84
-7.000423 -1.381935 16.299198 72 82 84
-7.248661 0.250932 17.200768 209 224 221
-6.478468 9.396727 16.388514 195 213 201
-5.929905 10.510195 15.063479 176 197 190
-7.216287 0.112013 17.133480 44 59 56
-7.238647 0.470160 17.290680 54 64 63
-6.015668 10.250174 15.385338 207 223 213
-7.352280 2.864922 18.001160 98 95 80
-7.245195 0.869674 17.445837 53 64 58
-7.269654 1.489747 17.656990 151 154 145
-7.269654 1.489747 17.656990 151 154 145
-7.300172 3.501527 18.072725 93 91 78
-6.196609 -3.966020 14.060374 98 98 96
-7.043580 -0.291779 16.913416 92 101 98
-7.199782 1.557253 17.659403 111 114 103
-6.901780 -1.061100 16.480814 82 92 91
-7.237381 3.207829 18.017117 105 101 89
-7.141885 1.346128 17.581774 203 216 209
-7.162250 1.932940 17.751249 164 155 146
-6.430236 8.795343 16.705717 161 171 160
-7.050967 0.803828 17.378616 87 94 87
-7.119796 1.872762 17.724653 118 111 103
-7.058196 4.942706 18.035486 172 175 164
-7.037921 0.869892 17.399351 65 71 67
-6.767021 -1.237454 16.358221 57 71 71
-6.968119 0.240272 17.140602 68 78 77
-6.966808 5.726227 17.936226 100 107 99
-6.966808 5.726227 17.936226 100 107 99
-6.907628 -0.182965 16.941055 65 74 69
-6.861701 -0.423081 16.817326 60 72 68
-6.998122 0.858147 17.386175 81 87 83
-6.998122 0.858147 17.386175 81 87 83
-7.036617 1.463996 17.591139 98 101 92
-7.036617 1.463996 17.591139 98 101 92
-7.036617 1.463996 17.591139 98 101 92
-6.946792 0.388843 17.197460 73 82 79
-6.995996 4.970448 18.009600 110 113 102
-6.895500 -0.026328 17.010555 64 74 66
-7.055910 3.451854 17.986582 114 112 99
-6.999160 1.741791 17.658720 89 92 83
-6.981482 3.236772 17.938334 157 159 146
-6.957113 1.786858 17.659319 140 136 125
-6.966866 2.487240 17.818277 120 114 102
-6.829014 5.640826 17.886379 107 114 98
-6.963628 3.436954 17.954342 177 183 171
-6.963628 3.436954 17.954342 177 183 171
-6.959182 3.510220 17.959888 190 198 185
-6.891047 4.874516 17.971771 116 118 104
-6.891047 4.874516 17.971771 116 118 104
-6.948675 3.085387 17.908762 136 136 124
-6.948675 3.085387 17.908762 136 136 124
-6.930776 3.819090 17.974064 201 207 195
-6.906159 4.119250 17.979637 206 209 202
-6.842243 0.727756 17.304436 157 151 139
-6.872624 4.562045 17.972254 177 181 167
-6.876394 1.362107 17.520983 156 147 138
-6.838539 0.862469 17.351297 159 143 128
-6.841884 4.768420 17.956062 185 186 172
-6.848384 1.147758 17.448334 156 146 137
-6.641133 -0.832208 16.569948 179 156 138
-6.814112 4.995964 17.935270 184 187 176
-6.892974 2.677206 17.830156 176 163 147
-6.855487 1.605748 17.584764 84 84 74
-6.855487 1.605748 17.584764 84 84 74
-6.884587 3.106474 17.890965 171 161 151
-6.851771 1.682556 17.604301 75 75 67
-6.874537 2.817559 17.847132 169 153 140
-6.866811 2.443595 17.780550 166 149 133
-6.381279 -2.178946 15.692695 136 113 97
-6.831809 1.456424 17.537163 98 96 83
-6.495809 -1.572547 16.116838 136 113 95
-6.463460 -1.746900 16.000244 182 157 137
-6.844349 1.788892 17.629732 175 159 144
-6.544774 -1.264138 16.312166 137 116 95
-6.792709 4.733910 17.937784 122 120 107
-6.783842 4.814189 17.931549 130 128 116
-6.576442 -0.942351 16.500143 140 119 100
-6.576442 -0.942351 16.500143 140 119 100
-6.799278 1.291505 17.480711 101 92 83
-6.821114 3.756965 17.931765 83 85 74
-6.821114 3.756965 17.931765 83 85 74
-6.670044 -0.139876 16.916761 193 176 160
-6.827787 2.266969 17.734362 175 156 142
-6.621316 -0.451434 16.761616 188 161 142
-6.801949 1.916229 17.649456 183 171 155
-6.523162 -1.117117 16.394485 201 176 156
-6.505442 -1.224590 16.329962 197 176 157
-6.255162 -2.538468 15.411076 151 132 117
-6.532161 -0.998788 16.462307 211 189 168
-6.361945 -1.938183 15.860644 156 133 117
-6.760237 1.590025 17.555689 169 165 153
-6.675834 5.271201 17.858751 179 180 166
-6.718285 1.236301 17.444000 188 172 157
-6.389341 -1.648037 16.055849 163 138 116
-6.625372 5.446231 17.820236 175 176 162
-6.670031 0.920897 17.332052 194 182 168
-6.424280 -1.275392 16.288902 200 182 162
-6.382126 -1.531096 16.128759 211 188 170
-5.495617 -4.836735 13.010921 152 150 138
-6.464473 -0.965836 16.470137 135 117 97
-6.633335 0.593165 17.208906 185 169 153
-6.404877 -1.333996 16.251616 130 112 90
-6.584438 0.158310 17.028923 208 195 176
-6.676294 1.664398 17.553144 81 83 62
-6.676294 1.664398 17.553144 81 83 62
-6.676294 1.664398 17.553144 81 83 62
-6.661008 1.361219 17.466532 192 179 162
-6.254958 -2.096178 15.740071 224 207 189
-6.201812 -2.360678 15.543188 164 143 126
-6.692353 2.529968 17.744308 174 165 150
-6.362518 -1.429710 16.188482 212 191 170
-6.650388 1.457767 17.491091 178 159 142
-6.517452 -0.193664 16.863661 213 196 178
-6.665642 2.180280 17.669909 176 166 154
-6.304642 -1.703868 16.009886 146 124 103
-6.315932 -1.632402 16.056913 232 214 192
-6.445499 -0.697214 16.608952 221 200 181
-6.628143 1.805404 17.575401 172 164 151
-5.929749 -3.343998 14.705381 188 166 153
-6.633374 2.675101 17.750425 183 171 155
-6.059302 -2.762623 15.218901 186 169 151
-6.321992 -1.317306 16.250086 220 202 182
-6.129871 -2.383691 15.520003 237 216 199
-6.497281 0.210312 17.032263 211 195 180
-6.367311 -0.934949 16.471788 229 214 195
-6.111570 -2.444908 15.472428 173 152 135
-5.947483 -3.126760 14.903773 201 182 168
-6.438841 -0.232569 16.831242 151 130 111
-6.578125 1.894847 17.582798 183 171 157
-6.212738 -1.772274 15.954809 140 122 102
-6.491895 0.559986 17.165365 151 134 118
-6.217821 -1.718765 15.989965 225 208 188
-5.978426 -2.898592 15.101852 252 235 217
-6.371850 -0.573225 16.658457 219 203 187
-6.169780 -1.945142 15.835491 232 211 194
-6.479074 0.635107 17.189550 208 192 176
-5.827586 -3.472492 14.581738 181 165 150
-5.211300 10.123906 14.795341 150 162 152
-5.211300 10.123906 14.795341 150 162 152
-6.119793 -2.145289 15.692247 166 145 128
-6.170249 -1.855973 15.895086 245 227 207
-6.170249 -1.855973 15.895086 245 227 207
-6.426734 0.189018 17.009043 164 143 126
-6.115832 -2.099873 15.723708 230 213 195
-6.278303 -0.970112 16.438919 228 217 199
-6.410015 0.253597 17.031307 211 198 179
-6.010907 -2.550610 15.383808 165 146 129
-5.936299 -2.895340 15.102312 196 181 162
-6.017049 -2.490748 15.430128 234 215 198
-6.244124 -1.093401 16.366434 221 195 180
-6.409579 0.639419 17.175327 170 153 137
-6.337282 -0.160167 16.844110 233 220 201
-6.453067 1.605329 17.478548 198 182 166
-6.453067 1.605329 17.478548 198 182 166
-6.291185 -0.564254 16.648722 232 219 202
-6.230106 -1.034927 16.396357 136 119 103
-6.039882 -2.229451 15.624809 170 149 132
-5.799683 -3.300728 14.742213 199 181 167
-5.707006 -3.626805 14.430087 202 189 173
-6.153522 -1.402572 16.176548 219 200 183
-5.949535 -2.563112 15.369534 238 221 203
-6.135125 -1.464487 16.137186 138 117 100
-6.329715 0.236039 17.007444 155 142 123
-6.416968 2.162633 17.594484 200 185 166
-6.175970 -1.114572 16.344412 218 190 176
-6.237513 -0.616369 16.613880 163 144 127
-5.997978 -2.207086 15.636730 247 228 211
-5.814250 -3.032604 14.980079 197 182 163
-5.721804 -3.394314 14.653755 191 178 162
-5.721804 -3.394314 14.653755 191 178 162
-6.087518 -1.535887 16.087765 229 208 191
-5.635823 -3.713530 14.343253 201 187 174
-6.158521 -0.997161 16.405563 223 210 194
-6.248776 -0.187023 16.815174 144 126 106
-6.314624 0.719054 17.181067 160 147 128
-6.017868 -1.856305 15.877414 228 216 200
-6.005624 -1.918826 15.834941 186 164 151
-5.934801 -2.311078 15.556340 177 164 147
-6.051607 -1.564350 16.065725 224 203 186
-5.843292 -2.728532 15.232517 178 163 144
-5.843292 -2.728532 15.232517 178 163 144
-5.927873 -2.269420 15.585654 233 221 205
-5.492883 -4.097540 13.938971 207 199 188
-5.492883 -4.097540 13.938971 207 199 188
-6.243386 0.283411 17.007467 149 131 117
-6.047729 -1.467353 16.123634 240 224 208
-6.268485 0.696079 17.162537 229 212 194
-5.255484 -4.788224 13.106411 244 240 231
-6.033494 -1.517322 16.091806 161 142 127
-6.237234 0.357189 17.034176 231 222 205
-5.207561 -4.903231 12.952288 171 166 160
-6.237351 0.361506 17.035822 225 217 198
-6.078689 -1.145382 16.312643 231 209 195
-6.138087 -0.628715 16.590443 141 125 109
-6.282648 1.326056 17.359798 218 205 188
-5.542099 -3.820743 14.234333 183 171 159
-5.440958 -4.170040 13.859506 190 182 171
-6.260672 1.274983 17.339962 157 144 127
-6.032150 -1.312182 16.212023 231 214 198
-5.990146 -1.543357 16.070328 145 128 112
-5.986525 -1.545745 16.068403 145 128 112
-5.440632 -4.108913 13.928031 248 240 229
-5.440632 -4.108913 13.928031 248 240 229
-5.724873 -2.983476 15.017185 243 227 211
-5.911753 -1.982640 15.782050 150 134 121
-5.456775 -4.037239 14.006381 240 232 221
-5.755344 -2.810121 15.161444 196 180 164
-6.044512 -1.018649 16.376043 226 217 202
-5.496139 -3.880035 14.173267 203 193 183
-5.892459 -2.044877 15.738174 236 218 204
-5.907408 -1.938590 15.810760 241 227 214
-6.245550 2.772150 17.642904 154 138 122
-6.075005 -0.674548 16.557007 222 205 187
-5.382811 -4.243483 13.778125 169 161 150
-6.024292 -1.093566 16.332609 129 116 100
-6.024292 -1.093566 16.332609 129 116 100
-6.239151 2.417481 17.587973 210 197 181
-6.239151 2.417481 17.587973 210 197 181
-5.825149 -2.364718 15.507467 252 240 226
-5.745383 -2.770662 15.192391 241 225 209
-6.107558 -0.163586 16.797703 127 111 95
-6.113190 -0.085093 16.832176 229 220 203
-6.113190 -0.085093 16.832176 229 220 203
-5.797766 -2.442611 15.448020 162 149 132
-6.175747 0.909543 17.210327 227 211 196
-6.175747 0.909543 17.210327 227 211 196
-6.175747 0.909543 17.210327 227 211 196
-5.928947 -1.621574 16.014742 217 198 183
-5.774571 -2.503831 15.400561 240 224 208
-6.197876 1.957867 17.489613 217 205 189
-6.197876 1.957867 17.489613 217 205 189
-6.195804 3.013004 17.655645 215 199 184
-6.195804 3.013004 17.655645 215 199 184
-5.510723 -3.642372 14.413475 189 176 167
-5.683806 -2.882041 15.098696 146 130 115
-5.683806 -2.882041 15.098696 146 130 115
-6.116180 0.407400 17.026108 220 208 192
-6.075477 -0.108116 16.814915 233 224 207
-5.841129 -1.980576 15.775514 243 231 217
-5.687198 -2.828471 15.142280 241 225 209
-6.019166 -0.623776 16.571800 126 115 97
-6.019166 -0.623776 16.571800 126 115 97
-6.157045 1.399050 17.346651 170 154 138
-5.789620 -2.263479 15.576601 236 224 210
-5.755125 -2.425405 15.456929 229 218 200
-6.155475 2.550366 17.583200 223 207 192
-6.141011 1.505318 17.369709 215 207 188
-6.141011 1.505318 17.369709 215 207 188
-5.846303 -1.827086 15.875920 237 224 208
-6.038836 -0.208785 16.764704 226 207 190
-5.431892 -3.844310 14.210871 242 234 223
-5.378040 -4.035470 14.010208 156 148 137
-6.150488 2.456230 17.567131 159 140 125
-6.150488 2.456230 17.567131 159 140 125
-5.925625 -1.171867 16.274714 223 207 191
-5.549378 -3.330102 14.707887 157 143 132
-5.717156 -2.508817 15.392016 164 148 132
-5.717156 -2.508817 15.392016 164 148 132
-6.067317 0.373892 17.002995 137 124 108
-5.790938 -2.063431 15.714638 156 140 127
-5.790938 -2.063431 15.714638 156 140 127
-5.860120 -1.597806 16.020124 150 132 118
-5.439705 -3.730757 14.325775 182 172 162
-5.923975 -1.043074 16.343861 237 231 217
-6.048109 0.440646 17.022907 217 208 191
-5.535046 -3.288765 14.744516 235 221 210
-5.598561 -2.966362 15.024434 148 132 119
-6.062476 0.987874 17.206602 218 211 195
-5.816642 -1.672357 15.969015 220 201 184
-5.948857 -0.578187 16.580881 213 206 190
-5.663453 -2.603699 15.316235 231 212 197
-6.088689 2.642033 17.575439 217 206 188
-5.255011 -4.298954 13.719890 223 215 204
-5.595724 -2.911906 15.068962 240 224 211
-5.740779 -2.093888 15.688656 148 134 121
-5.740779 -2.093888 15.688656 148 134 121
-5.748682 -2.037430 15.727385 244 232 218
-5.224697 -4.379858 13.626774 212 203 194
-5.301765 -4.111435 13.929418 151 143 132
-5.301765 -4.111435 13.929418 151 143 132
-5.198222 -4.459558 13.532947 156 147 138
-5.972811 -0.122599 16.788185 130 121 104
-5.918406 -0.703531 16.515398 227 210 192
-5.915976 -0.695150 16.519039 227 212 193
-5.476846 -3.411022 14.632022 152 140 128
-5.481989 -3.357089 14.681305 225 211 200
-5.443465 -3.501573 14.547247 228 214 205
-6.022060 0.952923 17.186043 133 120 104
-6.050607 2.097017 17.474569 205 196 181
-6.012853 3.850521 17.645041 210 198 184
-6.012853 3.850521 17.645041 210 198 184
-6.031133 3.284970 17.624844 212 199 182
-5.351578 -3.826087 14.229856 181 172 163
-6.036544 2.181018 17.485935 223 217 201
-6.036544 2.181018 17.485935 223 217 201
-5.483209 7.817064 16.594774 210 216 206
-5.146161 -4.526382 13.454771 152 145 135
-5.605530 -2.599208 15.314969 149 137 123
-5.605530 -2.599208 15.314969 149 137 123
-5.666864 -2.199904 15.608550 232 216 201
-6.002455 1.551651 17.343636 143 130 114
-6.011449 2.315685 17.501741 168 150 138
-6.008852 2.663643 17.553009 171 153 139
-5.736276 -1.714891 15.932468 231 219 205
-5.951881 0.495939 17.020599 228 223 204
-5.862998 -0.628987 16.541309 128 117 99
-5.961009 3.964838 17.627234 218 206 192
-5.750134 -1.570413 16.021721 235 228 212
-5.397889 -3.497077 14.550407 147 133 124
-5.590328 -2.551852 15.349227 223 211 197
-5.203244 -4.242391 13.786753 165 158 148
-5.501447 -3.004240 14.987535 231 215 200
-5.410757 -3.427136 14.615368 219 205 194
-5.981564 1.639783 17.358713 218 209 194
-5.981564 1.639783 17.358713 218 209 194
-5.659209 -2.095111 15.678922 217 207 195
-5.849567 -0.560951 16.570818 237 231 217
-5.850260 -0.553256 16.574522 233 227 213
-5.925059 0.437035 16.993809 135 123 107
-5.880828 -0.172626 16.748682 211 195 180
-5.646431 -2.147326 15.642317 122 110 98
-5.477642 -3.073135 14.928754 157 141 126
-5.477642 -3.073135 14.928754 157 141 126
-5.380365 7.996212 16.445889 207 213 203
-5.077307 -4.611425 13.353926 138 131 123
-4.574813 -5.854405 11.474629 115 112 103
-5.446605 -3.155266 14.857509 226 210 195
-5.950978 2.876831 17.560165 213 199 186
-5.950978 2.876831 17.560165 213 199 186
-5.903590 0.523003 17.018850 224 221 204
-5.158741 -4.298144 13.725064 157 150 140
-5.261016 -3.923188 14.130803 149 141 130
-5.742696 -1.204991 16.228416 214 200 187
-5.910170 1.093864 17.199255 223 216 200
-5.543132 -2.523875 15.365905 176 164 150
-5.806969 -0.422359 16.625999 214 205 190
-5.806969 -0.422359 16.625999 214 205 190
-5.600401 -2.103559 15.666773 229 219 207
-5.914744 2.336666 17.475618 224 212 196
-5.572843 -2.209108 15.592395 122 110 96
-5.876322 1.040456 17.175392 147 131 118
-5.486578 -2.680552 15.243724 136 120 105
-5.392731 -3.149611 14.859701 145 131 118
-5.757245 -0.626336 16.523355 139 127 111
-5.857158 3.615760 17.581560 220 208 194
-5.213624 -3.916578 14.137986 203 196 186
-5.842988 0.619928 17.037338 181 169 155
-5.701170 -1.104128 16.275841 229 223 209
-5.457092 -2.747780 15.189817 202 183 168
-5.687239 -1.163269 16.242207 125 113 99
-5.794346 0.009716 16.805235 217 214 199
-5.784423 -0.076006 16.768866 116 106 94
-5.533057 -2.266449 15.548800 215 203 191
-5.544988 -2.171790 15.614817 215 205 193
-5.378989 -3.107244 14.894839 218 206 194
-5.063580 -4.399025 13.612555 135 128 120
-5.719052 -0.677752 16.492184 215 199 184
-5.719052 -0.677752 16.492184 215 199 184
-5.357417 -3.169666 14.840867 146 132 121
-5.759869 -0.142065 16.736858 209 193 180
-4.909424 -4.855363 13.051536 192 187 181
-4.936922 -4.770844 13.161065 107 102 96
-5.645587 -1.219931 16.205200 205 191 178
-5.702614 -0.576191 16.536591 225 219 207
-5.127862 -4.057353 13.991737 124 117 111
-5.807246 1.751343 17.334597 162 153 138
-5.765134 0.595288 17.010803 240 231 216
-5.761548 0.533547 16.989407 140 128 116
-5.220185 -3.610305 14.440245 200 190 180
-5.390790 -2.742790 15.188614 128 112 99
-5.390790 -2.742790 15.188614 128 112 99
-5.401914 -2.673376 15.242395 216 208 195
-5.469144 -2.259463 15.546985 138 126 114
-5.665833 -0.631181 16.504337 131 119 105
-5.187353 -3.703697 14.350344 137 128 119
-4.868967 -4.854568 13.056655 108 103 97
-5.737202 3.763580 17.541368 204 197 181
-5.759501 1.134866 17.171894 165 157 144
-5.417019 6.755175 16.967279 197 183 172
-5.417019 6.755175 16.967279 197 183 172
-5.533497 -1.682397 15.925419 221 212 197
-5.153265 -3.810442 14.245370 193 184 175
-5.766577 2.517258 17.456224 217 204 195
-5.070452 -4.124928 13.920466 124 119 113
-5.564376 -1.251657 16.175364 205 189 176
-4.923071 -4.607765 13.369637 191 186 180
-5.416912 -2.347816 15.480418 200 186 175
-5.719310 3.224965 17.512577 213 203 191
-5.735754 1.876306 17.339701 215 208 192
-5.729470 2.559093 17.450016 215 207 194
-5.055257 -4.085540 13.962987 193 186 180
-5.103409 -3.890759 14.164746 189 180 173
-4.889808 -4.669454 13.295089 199 194 188
-5.675053 3.862232 17.519093 214 206 195
-5.675053 3.862232 17.519093 214 206 195
-5.302407 -2.910725 15.050919 202 186 173
-5.675426 3.765389 17.518417 152 144 133
-5.237520 -3.214924 14.796351 201 191 181
-5.545397 -1.113978 16.245420 223 219 208
-5.595001 -0.570764 16.518953 215 209 195
-5.633556 -0.054804 16.745848 127 111 96
-5.023521 -4.125712 13.920606 188 181 175
-4.895205 -4.590826 13.392377 134 129 123
-5.663444 0.596240 16.986971 145 132 123
-5.446532 -1.870260 15.799151 207 193 182
-5.693070 2.512805 17.432266 131 118 109
-5.618092 -0.108052 16.721395 138 122 107
-5.618092 -0.108052 16.721395 138 122 107
-5.377266 -2.325113 15.492182 145 133 121
-5.686251 2.618614 17.443718 216 206 196
-5.686251 2.618614 17.443718 216 206 196
-5.686251 2.618614 17.443718 216 206 196
-4.986907 -4.228444 13.809605 135 130 124
-4.986907 -4.228444 13.809605 135 130 124
-5.462137 5.800139 17.238674 193 185 174
-5.609738 0.061746 16.786049 211 207 196
-5.566923 4.624946 17.448895 201 195 183
-5.642512 3.325100 17.491676 210 206 194
-5.172727 -3.353149 14.673563 125 112 103
-5.623781 0.560911 16.966005 206 186 175
-5.645738 1.239333 17.169729 131 117 104
-5.531410 -0.681700 16.456091 204 188 175
-5.261841 -2.797545 15.136583 205 199 187
-5.640982 2.028888 17.340487 220 217 200
-5.473889 -1.154897 16.212399 220 216 205
-5.622006 1.319269 17.183601 217 211 199
-4.704045 -5.039900 12.820065 121 118 113
-5.588247 0.633912 16.981054 119 109 97
-5.589664 3.387600 17.475988 218 215 200
-4.916679 -4.295263 13.737527 131 126 120
-5.540255 4.204162 17.461607 160 140 131
-5.015085 -3.880055 14.175447 109 100 93
-5.015085 -3.880055 14.175447 109 100 93
-5.372743 -1.819881 15.820765 118 108 96
-5.372743 -1.819881 15.820765 118 108 96
-5.493562 -0.624156 16.475584 124 116 103
-5.296910 -2.343155 15.471420 191 181 171
-5.496127 4.625593 17.419445 136 128 117
-5.597123 1.980868 17.318743 132 120 108
-5.480896 4.747038 17.402607 199 195 183
-5.587102 1.438600 17.202942 171 153 141
-5.281298 -2.394723 15.433992 128 116 104
-5.219055 -2.779760 15.146917 192 186 174
-5.565592 3.325516 17.464413 152 140 126
-5.094578 -3.440761 14.592793 134 126 115
-5.094578 -3.440761 14.592793 134 126 115
-5.405134 -1.230312 16.161591 133 123 113
-5.546608 1.314072 17.161949 140 130 118
-5.482675 4.140165 17.441063 208 200 189
-5.135985 -3.033179 14.941707 181 164 156
-5.525648 2.820468 17.413250 197 187 177
-4.056093 -6.363633 10.469174 103 102 98
-4.626914 9.026301 15.274557 206 219 209
-5.294844 -1.916024 15.751390 194 180 171
-4.592839 -5.176269 12.638106 108 104 103
-4.592839 -5.176269 12.638106 108 104 103
-5.143114 -2.907158 15.042559 187 174 165
-5.417373 -0.666860 16.441799 192 176 163
-5.028076 -3.513766 14.524737 128 119 112
-5.483837 3.532466 17.442963 204 200 188
-4.910793 -3.988272 14.066032 133 124 117
-4.910793 -3.988272 14.066032 133 124 117
-5.420327 4.249679 17.412064 206 202 191
-5.440749 0.005091 16.727903 115 105 93
-5.491491 2.192273 17.322495 217 218 204
-4.537255 9.134961 15.116292 207 220 211
-5.469488 2.906156 17.402227 205 197 184
-5.409601 4.146721 17.412010 153 139 130
-5.264189 -1.811083 15.811774 206 202 190
-5.477676 2.287091 17.332596 160 148 136
-4.781305 -4.436862 13.581809 123 116 110
-4.664374 -4.844214 13.089564 112 107 103
-5.315353 -1.262162 16.130325 127 117 107
-5.468690 2.129429 17.305479 152 142 130
-5.164729 -2.470572 15.369131 109 99 90
-5.164729 -2.470572 15.369131 109 99 90
-5.417118 0.091541 16.755156 224 220 209
-5.446702 0.776078 16.990017 209 212 201
-5.452029 2.844225 17.390789 122 120 107
-5.452029 2.844225 17.390789 122 120 107
-5.440306 0.715112 16.970135 104 96 85
-4.963064 7.437950 16.451267 186 186 174
-4.963064 7.437950 16.451267 186 186 174
-5.437976 1.416361 17.156593 129 121 110
-5.421614 2.969198 17.391117 198 190 177
-4.309325 -5.765153 11.721017 130 126 125
-5.272230 5.104560 17.270647 204 200 189
-5.307386 -0.666800 16.421175 186 166 155
-4.398706 9.291438 14.868229 197 213 203
-5.305012 -0.611084 16.445780 106 100 88
-5.251296 -1.226721 16.138597 183 186 177
-5.384637 2.304278 17.305862 215 208 198
-5.159851 -1.991153 15.687402 199 185 176
-5.053374 6.469141 16.863237 197 193 181
-5.315495 3.763402 17.382978 211 201 192
-5.280003 -0.550745 16.467628 219 217 205
-5.315935 3.671355 17.382992 121 111 101
-4.885911 -3.596059 14.445319 179 172 166
-5.328063 3.197198 17.373468 149 137 125
-5.250867 4.493661 17.327888 201 195 181
-5.346298 1.559563 17.162636 212 210 198
-5.331651 0.908753 16.999002 165 158 148
-5.049104 -2.544627 15.305397 109 96 88
-4.758010 -4.120503 13.930333 133 126 120
-4.964394 -3.072726 14.898698 182 169 161
-5.050244 -2.478642 15.352054 192 183 174
-5.331389 2.281304 17.285835 116 103 95
-5.331171 1.507929 17.147242 128 119 104
-5.286993 0.126099 16.738787 209 207 195
-5.308996 3.027111 17.356501 140 130 120
-5.114517 -1.862450 15.760734 203 196 186
-4.834340 -3.673624 14.372263 107 98 93
-4.628397 8.253471 15.809461 178 175 166
-4.958721 6.609578 16.767935 196 192 180
-4.492091 -5.028559 12.859794 110 105 102
-4.492091 -5.028559 12.859794 110 105 102
-5.038047 6.007757 16.984035 195 193 181
-5.275282 3.129336 17.351091 193 191 178
-5.281809 0.793176 16.953543 107 103 94
-5.180343 4.594001 17.289852 207 201 189
-5.087830 -1.877891 15.747829 204 200 189
-5.245364 0.082769 16.713793 94 87 77
-5.263290 0.874550 16.971889 215 218 207
-4.167380 9.515152 14.453630 196 209 202
-4.980552 -2.536852 15.304207 197 187 178
-4.892407 -3.107595 14.865896 184 173 167
-4.773713 -3.731154 14.316989 115 104 100
-4.773713 -3.731154 14.316989 115 104 100
-5.252758 1.580786 17.140354 133 123 111
-5.174361 -0.540610 16.451359 209 211 200
-5.102926 -1.371398 16.038317 190 173 163
-5.244035 1.671767 17.156218 207 209 198
-4.425630 -5.097453 12.771832 109 104 101
-4.669751 -4.160045 13.889880 174 166 164
-5.037782 5.446175 17.107468 201 195 183
-4.642805 -4.255861 13.788271 113 108 102
-5.198783 3.223218 17.328661 210 202 191
-4.103589 9.578911 14.329320 202 215 208
-5.089971 4.737432 17.236797 206 204 191
-5.089971 4.737432 17.236797 206 204 191
-4.724008 7.385101 16.330761 194 187 177
-4.724008 7.385101 16.330761 194 187 177
-4.401528 -5.124484 12.736727 109 104 101
-4.401528 -5.124484 12.736727 109 104 101
-5.200974 2.467202 17.268131 209 205 196
-5.132015 4.014769 17.307005 197 185 173
-4.837936 -3.155818 14.823329 170 161 154
-4.924988 -2.568661 15.276262 209 199 190
-5.165483 3.260983 17.318274 196 192 181
-5.195108 1.627565 17.133226 108 101 91
-5.153504 0.057306 16.684019 183 164 157
-5.069377 4.657953 17.236479 118 110 99
-5.183460 2.398531 17.254171 132 118 109
-5.176872 2.576037 17.272404 149 136 127
-5.050723 -1.310697 16.062010 115 108 98
-5.050723 -1.310697 16.062010 115 108 98
-5.068121 -1.094783 16.174927 163 150 142
-4.356876 -5.164228 12.685836 108 104 103
-4.683888 -3.809610 14.240867 106 101 97
-4.683888 -3.809610 14.240867 106 101 97
-4.944047 5.561677 17.040249 193 193 181
-4.762509 -3.329855 14.674588 174 156 146
-5.074746 -0.538956 16.432365 207 210 201
-5.069865 -0.597736 16.406097 101 94 88
-5.105949 0.117999 16.694986 88 81 71
-5.137974 1.751594 17.140331 215 215 203
-5.136069 1.754957 17.140388 215 215 203
-5.051010 4.126483 17.269852 203 190 181
-4.980684 4.909162 17.168045 201 191 181
-5.075006 0.180291 16.709642 208 208 198
-5.026405 -0.677203 16.362854 185 163 152
-4.744318 -3.213641 14.770312 192 183 176
-4.754242 6.417441 16.720284 194 192 179
-4.879963 -2.107251 15.579388 185 165 156
-4.894214 -1.972929 15.664411 200 191 182
-4.504095 -4.376321 13.660172 97 89 86
-4.977905 4.249334 17.232954 200 194 182
-5.052345 0.934342 16.933224 102 95 87
-5.046666 0.854112 16.910250 180 163 156
-4.990009 -0.515160 16.425501 210 212 201
-4.488510 -4.333117 13.707949 187 179 176
-4.882195 5.028771 17.106949 198 190 179
-5.038407 1.012889 16.949907 213 216 205
-4.996305 3.447373 17.261229 202 202 190
-4.950838 4.178257 17.226427 137 124 115
-4.672411 -3.342942 14.658764 97 87 78
-5.035144 1.843692 17.125986 210 213 204
-4.562288 -3.913182 14.139305 110 103 97
-5.026861 1.766263 17.109930 107 96 90
-4.451110 7.753502 15.977085 186 177 168
-4.995808 0.104053 16.664970 204 186 176
-4.754995 -2.679296 15.181026 197 187 178
-4.726768 -2.820014 15.075859 179 156 150
-4.900928 4.362501 17.192739 198 189 180
-4.991088 2.607737 17.213726 126 114 102
-4.124996 8.890755 14.983507 185 180 174
-4.124996 8.890755 14.983507 185 180 174
-4.981883 2.680992 17.217310 208 205 196
-4.816027 -2.011255 15.630716 192 185 175
-4.824919 5.117409 17.066923 198 191 181
-4.625745 -3.382069 14.623242 109 98 92
-4.799550 -2.072027 15.591182 112 99 91
-4.297486 -4.929138 13.010924 112 102 100
-4.297486 -4.929138 13.010924 112 102 100
-4.982447 1.808461 17.104017 99 92 84
-4.915173 3.561141 17.231459 210 211 197
-4.915173 3.561141 17.231459 210 211 197
-4.155248 -5.370401 12.410711 100 90 91
-4.955953 0.977482 16.918867 100 93 83
-4.613303 -3.310004 14.683034 193 190 181
-4.577785 6.645356 16.546547 192 190 177
-4.392640 -4.417107 13.618251 176 169 163
-4.489247 -3.926811 14.125124 184 177 171
-4.823171 4.435043 17.153770 200 193 183
-4.903508 2.759183 17.196980 196 198 187
-4.734132 5.253671 17.001244 197 193 182
-4.542365 -3.553023 14.471708 178 165 159
-4.012779 8.994621 14.804222 185 181 172
-4.090209 -5.476209 12.257942 169 164 161
-4.090209 -5.476209 12.257942 169 164 161
-4.793328 -1.437321 15.953741 189 169 160
-4.361214 -4.451506 13.580974 173 166 160
-4.848239 3.658592 17.205158 209 202 194
-4.848239 3.658592 17.205158 209 202 194
-4.646856 -2.721490 15.140485 187 178 171
-4.895405 1.871612 17.088188 91 87 76
-4.708471 -2.170152 15.518339 183 164 158
-4.874013 2.706983 17.182774 110 100 88
-4.317320 -4.563500 13.455744 103 94 89
-4.317320 -4.563500 13.455744 103 94 89
-4.754109 4.528058 17.115137 205 198 188
-4.082036 8.595956 15.180353 137 133 122
-4.406669 -4.061386 13.992005 102 91 87
-4.692970 -2.051036 15.590214 202 198 189
-4.096982 8.511537 15.253983 186 184 172
-4.803333 -0.522608 16.384544 201 207 195
-4.821833 0.106948 16.625914 215 195 186
-4.039562 -5.488410 12.247025 123 120 115
-4.814498 2.834884 17.171530 210 207 200
-4.762510 3.766104 17.169594 208 199 194
-4.809589 2.764609 17.165005 131 127 116
-4.389491 -4.007168 14.045581 193 186 180
-4.030981 8.633675 15.112402 187 183 174
-4.277231 -4.552313 13.470175 173 164 159
-4.820152 1.926355 17.073719 87 84 79
-4.291964 7.515956 15.999177 196 192 181
-4.137796 -5.085794 12.818609 118 110 108
-4.641955 -2.078161 15.566920 203 198 192
-4.558970 -2.763228 15.102160 199 194 188
-4.546146 -2.861198 15.029574 113 100 92
-4.344094 -4.119421 13.933551 111 100 96
-4.295144 -4.338693 13.705900 127 118 113
-4.295144 -4.338693 13.705900 127 118 113
-4.229366 -4.636498 13.375051 101 90 86
-4.787394 1.138029 16.912151 206 216 205
-4.782589 2.045708 17.079607 207 212 205
-4.716421 3.713888 17.152977 150 143 135
-4.336071 -4.062464 13.990549 184 177 171
-4.742778 2.926551 17.151754 206 203 196
-4.659287 4.347588 17.092684 174 147 136
-4.597383 -2.141370 15.522209 109 102 96
-4.597383 -2.141370 15.522209 109 102 96
-4.091687 -5.122341 12.773799 111 106 103
-4.709197 -0.656375 16.309525 186 169 161
-3.779438 9.211492 14.403324 137 132 126
-3.779438 9.211492 14.403324 137 132 126
-3.825299 -5.941359 11.510074 100 95 92
-4.603539 4.716233 17.027124 204 200 188
-4.603539 4.716233 17.027124 204 200 188
-4.723567 2.723716 17.132322 171 148 134
-4.569623 -2.229512 15.463572 188 173 168
-4.382594 -3.655774 14.374302 181 170 166
-4.477851 -2.946114 14.960553 212 199 191
-4.400474 6.345312 16.553192 190 186 175
-4.400474 6.345312 16.553192 190 186 175
-4.710432 0.304514 16.664448 205 206 198
-4.261759 -4.242055 13.808248 176 167 162
-4.633678 3.909315 17.112982 201 202 194
-4.167749 -4.638089 13.376001 182 175 169
-4.570565 4.573144 17.030771 160 141 134
-3.777349 -5.987851 11.432948 101 96 93
-4.357932 -3.574874 14.444602 112 105 99
-4.370393 -3.487796 14.520247 206 201 197
-4.588856 -1.501420 15.886898 189 176 168
-4.252651 -4.136555 13.916120 186 181 175
-4.240882 -4.192007 13.859893 121 114 108
-4.521888 -2.112795 15.529943 222 217 211
-3.849243 8.731377 14.891438 120 126 114
-4.341706 6.328556 16.526884 134 130 119
-4.553728 4.347065 17.048069 156 136 125
-4.129063 -4.682612 13.325835 180 173 167
-4.623740 -0.504519 16.354879 208 203 197
-4.199217 7.142354 16.122816 191 187 178
-3.995105 -5.220401 12.649119 129 125 124
-3.766183 -5.953222 11.502542 163 155 153
-4.200888 -4.305090 13.742951 183 174 169
-4.647728 2.275433 17.065388 167 148 141
-4.410003 5.664692 16.755896 193 180 171
-4.615484 2.959193 17.108009 104 97 91
-4.615484 2.959193 17.108009 104 97 91
-4.552002 3.987627 17.075695 200 197 190
-4.613542 0.329695 16.648691 208 209 201
-3.705103 -6.050393 11.329283 112 108 107
-4.601327 0.272582 16.627918 85 81 72
-4.610875 1.151541 16.866066 76 78 67
-3.825367 -5.685645 11.965816 117 114 109
-4.182042 -4.195958 13.855959 177 172 166
-4.566205 -0.580888 16.311977 113 106 98
-4.513738 -1.415890 15.918881 109 102 94
-4.151216 -4.340632 13.706072 181 172 167
-4.339516 5.774623 16.692068 196 188 177
-4.506408 4.014344 17.055408 208 204 195
-4.163606 -4.258583 13.791785 115 106 101
-4.163606 -4.258583 13.791785 115 106 101
-4.250014 -3.745899 14.288573 181 176 170
-4.435214 -2.232816 15.444581 124 120 111
-4.435214 -2.232816 15.444581 124 120 111
-3.745784 8.772156 14.773404 184 186 173
-4.426383 4.784112 16.938559 218 216 204
-4.340492 -2.968564 14.932054 129 122 116
-3.703413 -5.975856 11.475385 134 126 124
-4.568838 1.245247 16.874533 208 211 204
-4.555747 0.212777 16.597958 182 165 157
-3.671634 8.955988 14.549788 170 171 163
-4.556317 2.064482 17.010246 172 152 143
-3.644490 -6.117121 11.211222 109 103 103
-4.560333 1.187191 16.859676 80 82 71
-3.986416 -4.958791 12.997869 191 183 180
-3.927078 7.943986 15.513371 173 164 155
-4.550941 1.122859 16.842873 215 202 193
-4.386358 4.815260 16.915758 210 208 196
-4.013928 -4.792814 13.200975 192 188 185
-4.404922 -2.041990 15.556810 189 182 176
-4.489487 -0.639778 16.272051 220 211 202
-3.863376 -5.368574 12.453751 125 117 115
-4.408096 4.286413 16.992168 203 199 188
-3.737217 -5.788056 11.809137 113 110 105
-3.737217 -5.788056 11.809137 113 110 105
-4.421466 4.089413 17.015060 204 197 189
-4.212682 6.098733 16.532087 180 170 160
-3.705799 8.678506 14.818905 177 181 167
-4.398335 -1.886487 15.646413 193 180 174
-4.478734 -0.492610 16.329206 209 209 199
-4.462790 3.180393 17.058985 201 207 197
-4.136804 -4.017484 14.032311 186 179 173
-3.568551 9.099740 14.323245 172 172 164
-3.607306 8.975881 14.475800 184 181 174
-4.490513 2.369316 17.023149 221 224 213
-4.176842 -3.731059 14.299268 168 168 160
-3.696918 -5.870149 11.672873 191 188 183
-3.587379 9.020679 14.416253 178 173 169
-3.972599 -4.838116 13.148623 190 189 184
-3.410563 9.502191 13.738559 173 172 170
-3.950068 -4.926442 13.041242 113 110 105
-4.495314 1.174210 16.838465 210 206 195
-3.577088 -6.177603 11.105141 109 104 101
-4.477508 2.160525 16.996597 93 84 75
-4.440652 -0.804940 16.192650 217 213 202
-4.089928 6.697591 16.249699 185 184 179
-4.382509 4.065238 17.000771 130 115 110
-4.303141 4.994884 16.847609 184 181 166
-3.913269 -5.045678 12.892269 188 184 181
-4.339064 -2.204691 15.449630 202 204 193
-4.436413 -0.780218 16.202402 212 208 197
-4.478394 0.639909 16.704226 205 196 189
-4.171138 -3.635320 14.383548 190 189 184
-4.048274 -4.380730 13.664994 102 94 91
-4.471427 0.573347 16.684227 206 195 191
-4.473684 1.039510 16.802492 209 202 192
-4.373507 3.974465 17.003618 184 167 160
-4.301253 -2.487020 15.265336 224 217 207
-4.172658 6.001806 16.540863 183 181 168
-3.821342 -5.368876 12.458746 189 186 181
-3.369199 9.516659 13.678868 161 160 158
-4.294702 4.812136 16.874683 206 198 187
-4.322959 4.488339 16.933105 208 202 190
-4.444767 2.228809 16.993553 211 211 203
-3.798717 -5.429448 12.372871 114 106 103
-3.500668 9.141190 14.220407 186 191 185
-4.136188 -3.717624 14.309666 107 108 100
-4.440435 0.187556 16.562092 181 161 152
-3.534492 -6.222097 11.023142 111 106 102
-3.638304 8.662361 14.777459 185 190 183
-3.345765 9.530901 13.637341 146 145 141
-4.094851 -3.909641 14.133624 190 183 175
-4.385597 3.110068 17.029163 222 225 216
-4.385597 3.110068 17.029163 222 225 216
-4.294785 -2.214678 15.437705 210 210 200
-4.091729 -3.905377 14.137514 193 186 180
-4.418249 2.122994 16.972906 180 162 150
-4.418249 2.122994 16.972906 180 162 150
-4.396554 -0.577942 16.277990 97 97 89
-4.396554 -0.577942 16.277990 97 97 89
-4.108800 -3.774916 14.257418 112 109 102
-4.016098 6.780871 16.172329 187 187 179
-3.888684 7.489453 15.752782 180 176 173
-4.066008 6.429978 16.339153 127 121 109
-4.151479 5.779570 16.594614 142 124 112
-4.155170 5.740507 16.607288 135 117 105
-4.155170 5.740507 16.607288 135 117 105
-3.950737 -4.652786 13.368066 182 175 169
-3.950737 -4.652786 13.368066 182 175 169
-4.200113 -3.005954 14.892085 220 215 209
-4.359983 3.258859 17.021280 204 203 198
-4.199567 -3.001652 14.895233 221 216 210
-4.110317 -3.683111 14.339069 194 193 188
-4.378379 2.782126 17.015003 209 201 190
-4.242860 4.836197 16.847139 127 113 104
-4.330878 -1.464595 15.863308 97 86 82
-4.330878 -1.464595 15.863308 97 86 82
-4.407743 1.258421 16.831066 94 81 72
-3.501698 -6.244873 10.984172 102 98 97
-4.398512 0.252002 16.571987 180 161 154
-3.499149 8.989158 14.368347 107 102 98
-4.249694 4.666099 16.876705 129 112 104
-3.577171 -6.036627 11.391149 191 193 188
-3.748473 -5.474645 12.312419 116 108 105
-4.399781 0.914180 16.752865 219 202 194
-3.806632 -5.242074 12.639824 189 185 182
-4.363166 -0.651488 16.241304 203 196 188
-4.345245 3.193833 17.015343 86 85 80
-4.256659 4.517577 16.900320 120 106 97
-4.380542 2.270131 16.976635 196 196 188
-4.396263 1.077495 16.789392 216 199 189
-4.311670 -1.550821 15.815785 202 184 180
-4.309862 -1.546059 15.817960 201 183 181
-4.272298 4.227664 16.940256 193 190 183
-4.260070 4.313681 16.926115 139 122 115
-4.245216 -2.278594 15.391790 123 120 113
-4.149231 -3.176538 14.758684 190 179 175
-3.836201 -5.042120 12.903212 110 109 107
-4.354270 -0.239912 16.397411 217 200 190
-4.241051 4.398709 16.908257 122 103 96
-3.744688 -5.415565 12.400632 193 192 187
-3.299135 9.473555 13.658665 74 74 74
-3.299135 9.473555 13.658665 74 74 74
-4.201465 4.846821 16.826406 134 117 110
-3.846488 7.437757 15.753228 71 70 65
-3.717241 8.057625 15.290356 72 71 66
-3.819808 7.565265 15.665295 114 110 107
-3.961143 -4.390566 13.655725 197 192 188
-4.349624 -0.070930 16.455584 157 139 129
-4.356030 0.394247 16.603970 198 199 191
-4.027154 6.223956 16.390804 110 100 91
-3.485694 -6.202483 11.080896 177 178 173
-4.325183 -0.343977 16.352911 151 131 122
-4.325183 -0.343977 16.352911 151 131 122
-3.582051 -5.906483 11.633339 164 160 157
-4.318887 2.306701 16.959654 179 174 168
-3.675112 8.084730 15.241313 127 128 123
-4.335233 0.768486 16.699759 133 118 111
-4.289848 2.985374 16.991060 131 120 114
-4.330005 0.914793 16.733849 131 106 101
-4.132121 5.089115 16.749561 85 80 76
-4.212266 4.164164 16.920956 63 53 54
-4.030389 -3.749938 14.276754 186 186 178
-4.302751 2.473160 16.968624 133 116 109
-3.808571 -4.991870 12.969280 181 180 178
-4.322130 1.112750 16.776136 139 102 93
-4.190650 -2.265270 15.392984 200 197 190
-4.303666 2.225462 16.946533 80 75 69
-3.233753 9.475661 13.588380 133 137 136
-4.234928 -1.369734 15.894264 187 186 181
-3.897596 6.707342 16.133553 68 65 58
-4.138937 -2.606292 15.167741 149 134 129
-4.085375 -3.061476 14.840822 188 187 183
-3.989113 -3.799841 14.230642 102 97 91
-3.658203 -5.507216 12.276323 174 173 171
-3.866217 6.769516 16.088614 141 141 133
-4.054275 5.195790 16.690228 181 168 160
-4.231497 -0.592342 16.237583 99 88 84
-4.169179 -1.546425 15.794379 162 146 146
-3.952528 5.826927 16.477766 171 169 157
-4.073452 -2.707344 15.092319 148 127 124
-3.328934 8.993223 14.212001 116 106 104
-3.736723 -5.013187 12.947655 159 159 159
-3.456735 -6.008090 11.476102 163 162 157
-3.795624 -4.557577 13.479244 169 161 158
-4.066651 4.207083 16.854565 169 158 154
-3.878449 6.020423 16.378149 109 95 92
-4.184772 1.351397 16.783869 174 170 159
-4.059441 -2.332350 15.334512 66 65 63
-3.583083 -5.513069 12.278213 149 150 152
-4.164958 1.279457 16.764524 70 59 55
-3.797244 -4.431261 13.614727 180 184 183
-3.394390 -6.137864 11.241192 122 120 123
-3.944761 -3.200542 14.724135 187 184 177
-3.729351 6.721807 16.027893 134 131 124
-3.525763 -5.595805 12.160938 168 160 158
-3.814868 5.936582 16.371088 140 132 129
-4.100080 0.229063 16.491137 170 159 153
-4.094033 0.404283 16.540026 145 135 134
-3.912900 -3.064059 14.823757 180 176 175
-3.495229 -5.509921 12.295032 148 146 147
-3.383126 -5.928854 11.637376 152 158 156
-3.474702 -5.583354 12.187681 152 146 146
-3.390153 7.992010 15.095873 138 137 132
-3.340322 -6.016813 11.487900 160 159 154
-3.980857 0.393390 16.507786 160 155 152
-3.930505 -1.334647 15.856809 119 118 114
-3.900319 3.261572 16.845753 101 88 80
-3.718327 -3.760045 14.254279 165 166 161
-3.947599 0.243130 16.456923 162 148 145
-3.814862 4.165748 16.750656 158 154 153
-3.414608 -5.528727 12.278103 53 54 56
-3.418721 7.338406 15.526413 127 126 124
-3.855666 3.075391 16.830503 155 135 126
-3.176242 -6.294971 10.980942 126 131 135
-3.288519 -5.857186 11.780627 153 144 137
-3.264817 -5.933517 11.654369 146 147 149
-3.845124 1.392003 16.688915 178 181 174
-3.809961 -0.526673 16.171434 172 169 164
-3.779576 -1.354041 15.820059 172 171 167
-3.499969 5.855710 16.227966 132 131 129
-3.706845 -2.282916 15.317260 63 63 61
-3.649806 4.147045 16.681160 152 141 139
-3.598341 -3.597106 14.385262 153 149 140
-3.598341 -3.597106 14.385262 153 149 140
-2.816984 9.236896 13.446788 55 61 59
-3.464025 -4.542927 13.500705 170 161 156
-3.716240 -0.523663 16.151682 185 182 177
-3.415998 5.831864 16.190416 137 136 134
-3.331144 -4.983974 13.009097 148 148 146
-3.060662 7.853603 14.948687 134 133 128
-2.705583 9.232124 13.335372 134 140 136
-3.207206 6.867182 15.639980 138 128 119
-3.319546 5.677042 16.188972 161 157 145
-3.479725 -3.142578 14.726625 168 165 158
-2.873198 8.364962 14.399165 134 133 128
-3.274983 5.798186 16.125097 139 138 134
-3.513477 -1.525821 15.690398 151 136 133
-3.108505 -5.502338 12.354330 131 132 134
-3.292002 4.817277 16.404251 131 113 109
-3.083521 -5.603885 12.211315 168 169 161
-2.551175 9.199714 13.211108 130 136 132
-3.438480 -1.514666 15.682075 156 143 137
-3.352566 -3.139199 14.716882 184 181 174
-3.453883 -0.244411 16.186428 191 178 172
-3.453883 -0.244411 16.186428 191 178 172
-3.453883 -0.244411 16.186428 191 178 172
-3.432776 1.179327 16.528055 135 114 109
-2.797390 -6.611820 10.381785 125 127 126
-3.100028 -5.153470 12.816251 142 137 141
-3.032346 -5.497851 12.369208 145 145 145
-3.290026 -3.135231 14.713581 184 181 174
-3.174702 -4.420322 13.626561 143 142 140
-2.481656 9.100192 13.263744 127 131 130
-3.355383 1.182087 16.505014 134 115 109
-3.347020 0.238424 16.300478 139 129 127
-3.254400 2.998497 16.600695 140 120 113
-3.120701 -4.519558 13.526614 164 156 153
-2.771576 -6.406083 10.870527 129 133 134
-3.277974 -1.468587 15.673801 84 76 73
-2.791589 -6.308958 11.066258 122 127 131
-2.418680 8.999860 13.322254 122 123 118
-2.418680 8.999860 13.322254 122 123 118
-2.723906 -6.544538 10.575797 116 121 124
-2.760100 -6.378917 10.931660 117 118 120
-3.262630 -0.660563 16.000380 140 128 128
-2.680121 -6.644291 10.348530 112 116 117
-2.739228 -6.442716 10.801607 120 120 122
-2.915703 -5.588608 12.254377 147 146 141
-3.212080 -1.516849 15.639272 148 137 133
-2.345698 9.033369 13.203439 122 124 123
-3.071733 3.806066 16.470541 132 103 97
-2.943270 -5.127082 12.858081 145 140 144
-2.937257 5.286282 16.106861 168 160 149
-3.193851 0.369418 16.292629 175 170 167
-2.531648 8.160525 14.291389 50 49 44
-2.902909 5.566883 16.000580 148 144 135
-2.739207 6.892983 15.325068 163 160 153
-2.926823 5.057055 16.165771 165 156 147
-2.941489 4.721232 16.255596 137 119 115
-2.980050 -4.319535 13.721249 171 159 159
-2.980050 -4.319535 13.721249 171 159 159
-2.554447 7.677712 14.694826 42 41 37
-2.554447 7.677712 14.694826 42 41 37
-3.114817 -1.347176 15.696715 177 182 175
-2.684161 -6.306684 11.100278 119 124 127
-2.726480 6.444247 15.546401 43 35 32
-2.551324 7.628609 14.728213 45 45 43
-3.093536 -0.694937 15.949862 154 140 140
-2.933985 3.968081 16.389391 146 147 142
-2.622758 6.926086 15.229495 144 143 138
-2.936151 3.757099 16.417513 55 50 47
-3.049178 -2.204481 15.265182 158 153 150
-2.973863 -3.704218 14.257417 167 167 157
-2.983056 -3.533908 14.391664 179 175 166
-3.056495 -1.646969 15.549851 157 140 133
-2.635080 6.745218 15.337098 141 136 132
-2.985341 -3.383055 14.505358 186 186 178
-2.980714 -3.433730 14.467320 181 181 173
-2.960993 3.037764 16.484280 54 53 48
-2.960993 3.037764 16.484280 54 53 48
-3.039216 -1.409358 15.654729 60 61 56
-2.786735 5.178944 16.059843 159 149 140
-2.466161 7.660269 14.640477 133 130 125
-2.201179 8.929349 13.181036 57 62 58
-2.875953 -4.476352 13.568110 50 56 56
-2.194659 8.924488 13.180232 57 62 58
-2.733303 5.471753 15.940352 145 136 129
-2.861861 3.806133 16.379162 154 151 146
-2.982593 -2.168330 15.274345 63 65 62
-2.982593 -2.168330 15.274345 63 65 62
-2.984411 -2.092417 15.315108 62 61 59
-2.984411 -2.092417 15.315108 62 61 59
-2.941637 1.985954 16.463276 173 164 159
-2.974912 -2.021556 15.350579 70 70 68
-2.956698 1.454047 16.418703 185 178 168
-2.968763 -1.951214 15.385588 61 58 53
-2.828055 3.719743 16.375019 111 102 97
-2.969342 -0.375003 16.027773 175 163 163
-2.875152 -3.655942 14.288602 179 179 179
-2.947642 0.211762 16.187187 160 150 149
-2.778846 -4.856406 13.175157 184 184 182
-2.651973 -5.844515 11.909969 62 64 63
-2.891499 -3.147969 14.663749 187 183 184
-2.926864 0.350956 16.215071 181 180 175
-2.914844 -2.176674 15.259086 183 184 179
-2.920002 -1.774967 15.464176 169 160 155
-2.924107 0.042015 16.137217 183 168 163
-2.752046 3.868871 16.322395 65 62 57
-2.875198 -2.337354 15.165059 138 124 124
-2.892276 -0.699742 15.902190 157 141 141
-2.862221 1.194515 16.354378 46 36 34
-2.638997 -5.608574 12.257790 144 144 144
-2.761826 -4.399851 13.640092 146 148 145
-2.592715 -5.865247 11.886898 145 145 147
-2.857496 0.396456 16.206240 125 108 101
-2.847633 0.285851 16.177961 62 53 48
-2.677180 -5.016462 12.999715 66 66 68
-2.779988 -3.021227 14.736796 57 62 58
-2.815439 -0.687239 15.888743 148 138 136
-2.807902 -1.357487 15.631243 175 180 173
-2.562209 4.618152 16.093735 137 114 106
-2.733204 -3.010819 14.738167 53 55 50
-2.729768 0.189690 16.122715 138 119 115
-2.537888 -5.539438 12.362771 63 61 62
-1.946715 8.853929 13.004231 47 47 45
-2.733233 -0.702326 15.864481 149 133 134
-2.521107 -5.493933 12.424884 135 141 141
-1.923420 8.824958 13.016546 61 62 57
-2.665647 -3.114813 14.661448 137 127 128
-2.551231 2.896107 16.327263 131 111 102
-1.885408 8.833951 12.963504 53 52 48
-2.655210 -0.510658 15.908742 140 135 132
-2.651664 -2.099707 15.256281 169 161 159
-2.651664 -2.099707 15.256281 169 161 159
-2.633177 -1.504812 15.533428 136 118 114
-2.598438 -3.108980 14.657673 134 124 125
-2.429272 -5.478230 12.453137 124 128 129
-2.585006 -0.527116 15.886496 151 146 143
-1.825401 8.775861 12.973946 125 120 117
-2.120434 6.867071 14.923572 123 118 114
-2.566645 -0.681963 15.832193 154 140 140
-2.511589 -0.503800 15.875789 145 137 135
-2.450260 -4.354826 13.673306 145 141 138
-2.506448 -0.689598 15.815399 164 148 149
-2.374678 2.994635 16.250572 164 160 157
-2.354993 -5.471324 12.467916 121 127 127
-2.329758 2.866426 16.239920 130 111 104
-2.395299 -2.319111 15.099628 119 105 104
-2.300044 -4.996867 13.031542 62 66 65
-2.146518 -6.446035 10.969304 125 128 135
-2.274605 1.195243 16.166496 161 153 150
-2.267372 -4.789512 13.250383 164 155 156
-2.305954 -3.692314 14.215040 150 145 142
-1.819338 6.755292 14.783696 130 125 122
-2.122904 -5.912049 11.882971 121 129 131
-1.604247 8.227069 13.398875 59 51 48
-2.184825 0.432339 16.021168 159 148 146
-2.016220 3.797463 16.000977 159 159 151
-2.168407 -4.460625 13.566889 127 112 115
-2.087860 -5.818460 12.023797 71 65 65
-1.533489 8.221347 13.336902 130 123 117
-2.121434 0.170718 15.949444 135 114 111
-1.835819 5.371535 15.478634 159 154 151
-1.506062 8.179736 13.355925 56 45 41
-2.105185 -2.939963 14.703623 149 148 144
-2.084805 -0.730578 15.700865 113 88 84
-2.081588 -0.639670 15.728186 61 50 46
-2.023762 1.080170 16.071411 135 116 112
-1.582071 7.166501 14.331608 129 116 107
-1.937850 -6.392307 11.123208 121 112 113
-1.937850 -6.392307 11.123208 121 112 113
-1.952780 1.921538 16.107557 136 117 111
-1.895998 3.007722 16.051302 126 112 109
-1.895998 3.007722 16.051302 126 112 109
-2.038586 -4.450912 13.571177 127 115 117
-2.048237 -2.284012 15.060141 131 118 112
-2.048230 -2.936016 14.698311 161 157 154
-2.027584 -4.332375 13.676249 143 143 141
-1.991884 -0.417476 15.769790 105 94 90
-2.017935 -3.102891 14.591301 156 142 142
-1.985994 -0.519773 15.739572 165 161 158
-1.834357 3.141874 16.011810 151 138 132
-1.753016 4.418882 15.740045 118 93 88
-1.726954 4.327061 15.750514 128 103 96
-1.541933 6.623184 14.672573 46 41 35
-1.515539 6.849187 14.506911 48 37 31
-1.515539 6.849187 14.506911 48 37 31
-1.940685 -0.662586 15.686294 166 139 132
-1.942358 -4.448432 13.569688 123 111 113
-1.677042 4.543913 15.667317 135 131 128
-1.792369 2.527464 16.041189 136 123 117
-1.285579 8.491510 12.756859 112 108 105
-1.384474 7.741351 13.688435 136 122 121
-1.600089 5.428391 15.320605 54 45 40
-1.897437 -0.630035 15.685162 84 71 63
-1.473544 6.848363 14.476889 125 112 104
-1.918913 -2.626462 14.858106 143 126 119
-1.858960 0.189350 15.878373 134 116 112
-1.659322 4.330455 15.715774 46 37 32
-1.911864 -2.372401 14.991949 158 141 134
-1.840697 0.533824 15.936513 128 113 110
-1.769570 2.014371 16.041491 38 33 29
-1.763386 1.974482 16.038761 39 34 30
-1.881663 -2.382853 14.981501 166 153 145
-1.221999 8.562531 12.589579 48 45 40
-1.879372 -3.073796 14.591516 126 112 112
-1.809468 0.392488 15.902700 43 39 36
-1.806044 0.304019 15.885407 30 29 25
-1.800508 0.273139 15.877908 57 54 49
-1.623673 3.899366 15.797947 155 144 140
-1.466773 5.993448 14.979512 136 135 130
-1.705722 2.160572 16.017271 176 163 155
-1.842232 -2.703341 14.803731 153 140 134
-1.842873 -2.813782 14.741330 159 149 147
-1.174343 8.590357 12.495415 105 100 96
-1.569079 4.310994 15.675412 140 131 126
-1.183224 8.456564 12.690388 115 110 107
-1.586305 3.717216 15.816106 151 148 141
-1.755430 -1.136040 15.488846 189 180 173
-1.781660 -2.838199 14.718326 44 39 36
-1.695732 0.359533 15.862823 139 136 131
-1.695732 0.359533 15.862823 139 136 131
-1.175448 8.016612 13.215084 62 47 42
-1.217034 7.624525 13.651502 134 130 127
-1.639173 1.137717 15.950414 169 171 168
-1.736719 -2.541543 14.874880 172 174 169
-1.517477 3.534484 15.816824 124 105 99
-1.732576 -5.358251 12.641771 37 37 39
-1.115306 8.394282 12.698161 125 120 116
-1.730287 -2.814623 14.724212 186 181 178
-1.712693 -3.734409 14.130182 66 62 59
-1.687393 -5.231857 12.786492 135 129 129
-1.688055 -5.172059 12.852115 136 130 130
-1.650375 -1.468631 15.344266 131 112 106
-1.656172 -6.211219 11.490032 114 113 118
-1.682772 -5.011062 13.022812 138 130 128
-1.665413 -3.083789 14.556823 129 110 112
-1.473841 1.999677 15.930058 159 158 153
-1.059002 7.965487 13.158369 48 37 33
-1.607160 -3.681775 14.157472 50 52 47
-1.562619 -6.607187 10.806774 27 31 34
-1.570417 -3.643258 14.180773 150 152 147
-1.495111 -0.687066 15.566687 129 114 109
-1.535922 -6.440078 11.125876 111 110 115
-1.435444 0.183319 15.753383 127 103 101
-1.514099 -6.634646 10.765350 107 111 114
-1.518848 -3.668941 14.157434 43 44 39
-1.502531 -6.739713 10.552164 94 98 101
-1.380198 0.980395 15.848692 144 124 117
-1.197525 3.610344 15.654045 142 143 135
-1.380438 -0.682638 15.538447 134 120 119
-1.440571 -3.669516 14.148820 42 41 37
-1.173232 3.566783 15.651102 34 37 28
-1.433802 -6.325043 11.342807 37 39 38
-1.433802 -6.325043 11.342807 37 39 38
-1.238179 1.125586 15.813329 169 170 162
-1.203750 1.834982 15.828137 131 107 103
-1.192429 1.958924 15.822999 149 148 144
-1.142515 2.634341 15.768487 128 111 104
-1.137199 1.898541 15.802553 48 37 33
-1.309283 -3.652726 14.146266 45 46 41
-1.202705 -0.394387 15.565195 186 175 171
-1.202705 -0.394387 15.565195 186 175 171
-1.202705 -0.394387 15.565195 186 175 171
-1.235963 -1.346107 15.296161 160 155 149
-1.195369 -0.444935 15.551076 106 97 92
-1.158632 -0.654784 15.488120 126 116 114
-1.166071 -1.469107 15.236757 121 102 96
-1.259064 -5.962980 11.911244 108 104 103
-1.134255 -2.860312 14.607364 147 152 145
-1.157995 -3.615712 14.154303 140 141 136
-0.784527 5.063105 14.995651 143 140 135
-1.026801 -0.659827 15.451913 124 106 102
-0.559926 8.135278 12.428217 118 115 110
-0.878967 1.929001 15.702388 151 152 147
-0.878030 1.111002 15.687555 147 144 135
-0.529000 8.106741 12.432343 133 130 125
-0.519525 8.135413 12.382316 118 113 107
-0.619843 5.558552 14.663190 122 105 97
-1.034450 -4.402680 13.560537 111 105 107
-0.796705 1.110312 15.658998 147 147 139
-1.096864 -6.363841 11.337337 84 78 78
-0.478288 7.704308 12.880603 45 45 37
-0.478288 7.704308 12.880603 45 45 37
-0.547248 5.755051 14.510106 117 112 106
-0.532211 5.631876 14.567959 43 38 34
-0.532211 5.631876 14.567959 43 38 34
-0.742692 0.896031 15.625818 163 149 140
-0.742692 0.896031 15.625818 163 149 140
-0.581406 4.266089 15.176141 134 133 128
-0.414552 7.865258 12.622540 126 119 111
-0.945980 -4.256883 13.670579 139 141 138
-0.544163 4.905399 14.920797 55 48 42
-0.408054 7.906324 12.563694 122 115 107
-0.560117 4.450753 15.103018 124 104 97
-0.628173 2.652058 15.547422 39 38 33
-0.656768 1.619504 15.621579 131 111 102
-0.717026 0.138513 15.528730 116 98 96
-0.526908 4.289511 15.139348 18 13 7
-0.526908 4.289511 15.139348 18 13 7
-0.562133 3.445592 15.385272 35 35 33
-0.522452 4.347116 15.117857 22 13 6
-0.459162 5.721232 14.470678 146 142 133
-0.407135 6.833899 13.666475 122 119 114
-0.407135 6.833899 13.666475 122 119 114
-0.861574 -3.622601 14.114804 37 38 33
-0.384236 7.228179 13.293055 129 130 122
-0.475349 4.807045 14.921173 131 128 121
-0.541398 2.878246 15.478922 154 145 136
-0.678549 -0.314492 15.435426 124 110 107
-0.531526 2.740776 15.493996 148 148 140
-0.812484 -3.585670 14.132693 118 117 113
-0.346024 6.767467 13.671847 122 117 113
-0.699921 -1.809372 15.007600 136 122 119
-0.767452 -3.234421 14.341430 131 121 119
-0.528742 1.875727 15.566740 159 160 154
-0.633578 -0.550297 15.371668 25 24 19
-0.312013 7.138192 13.315222 119 105 102
-0.728458 -2.849473 14.547314 149 152 145
-0.757683 -3.525857 14.163792 133 132 130
-0.757683 -3.525857 14.163792 133 132 130
-0.748807 -3.461389 14.202809 127 117 116
-0.655850 -1.951461 14.943142 30 20 19
-0.655850 -1.951461 14.943142 30 20 19
-0.710197 -3.210677 14.346786 48 45 40
-0.710197 -3.210677 14.346786 48 45 40
-0.581028 -0.528638 15.361898 174 174 166
-0.474714 1.822217 15.547384 44 41 36
-0.615582 -1.384647 15.137290 47 48 40
-0.776479 -4.679832 13.312299 41 38 33
-0.711852 -3.479458 14.186750 36 32 31
-0.529981 0.260487 15.488099 160 165 161
-0.436845 2.200817 15.510755 157 137 130
-0.281881 6.132263 14.095090 40 40 32
-0.814063 -5.662385 12.324056 92 86 86
-0.688597 -3.524117 14.155944 154 153 151
-0.698173 -3.720235 14.031260 114 103 101
-0.400800 2.545923 15.461499 114 93 88
-0.598420 -1.908079 14.947788 177 168 163
-0.660895 -3.243277 14.320771 146 138 135
-0.571093 -1.478033 15.096078 135 128 122
-0.677086 -3.574346 14.122888 144 145 140
-0.721586 -4.463943 13.489512 159 159 151
-0.728257 -4.660563 13.326303 152 151 146
-0.670948 -3.679933 14.054392 49 41 38
-0.550498 -1.620132 15.042897 127 112 105
-0.782568 -5.888502 12.049921 6 7 9
-0.684091 -4.289621 13.624171 117 118 113
-0.684796 -4.328659 13.594057 49 50 45
-0.173031 7.872857 12.350584 125 110 103
-0.597127 -2.843049 14.528595 138 141 134
-0.556360 -2.231095 14.807844 127 116 114
-0.427624 0.269375 15.456684 168 169 164
-0.257189 3.937352 15.106410 148 125 111
-0.257189 3.937352 15.106410 148 125 111
-0.257189 3.937352 15.106410 148 125 111
-0.122253 7.910525 12.241826 123 124 119
-0.277837 2.642552 15.395330 143 146 139
-0.411452 -0.674342 15.281508 126 107 103
-0.444557 -1.454972 15.073501 133 119 116
-0.242235 3.054762 15.312407 141 114 105
-0.676051 -5.485857 12.527940 70 66 63
-0.676051 -5.485857 12.527940 70 66 63
-0.148218 4.867648 14.702814 142 139 134
-0.075287 7.867628 12.247819 52 53 48
-0.395851 -1.324211 15.102806 147 144 137
-0.064854 7.895257 12.197420 43 42 38
-0.064854 7.895257 12.197420 43 42 38
-0.235801 1.742286 15.456123 146 132 121
-0.057378 7.961356 12.094091 49 41 39
-0.143846 3.986237 15.031810 150 127 113
-0.415116 -2.187045 14.797626 52 47 43
-0.129476 3.997430 15.020667 150 127 111
-0.301642 -0.660336 15.254194 114 98 98
-0.017994 8.059324 11.898538 108 108 106
-0.453720 -3.566744 14.098615 143 143 141
-0.359250 -2.251113 14.759533 109 95 94
-0.270948 -1.287846 15.082659 156 156 148
-0.260490 -1.474801 15.022758 125 114 112
0.090462 7.010921 13.079002 126 117 112
-0.060968 1.052106 15.393184 131 134 127
-0.365594 -4.346979 13.553596 104 99 95
0.015751 0.987945 15.363377 35 35 25
-0.092768 -1.304381 15.032890 150 149 144
-0.233054 -3.556061 14.075349 116 116 114
0.188115 5.621006 14.090885 123 99 89
0.188115 5.621006 14.090885 123 99 89
-0.210368 -3.606723 14.041484 36 35 33
-0.408874 -6.294681 11.537589 23 22 20
0.224826 3.969081 14.839665 114 87 80
-0.194494 -4.341143 13.542956 108 102 102
0.289325 6.464536 13.406366 124 121 116
0.284416 4.078185 14.769170 136 139 132
-0.020261 -2.953347 14.373663 122 116 116
-0.346638 -6.465943 11.292534 79 79 79
0.326142 6.845977 13.028723 121 98 90
-0.324265 -6.327878 11.499818 102 101 99
-0.347331 -6.518361 11.211295 85 83 86
0.344231 5.941560 13.767309 134 136 131
0.353974 5.935911 13.764058 132 134 129
0.342423 7.213202 12.625539 97 82 75
-0.343778 -6.638199 11.018533 86 85 83
-0.347496 -6.749890 10.826561 74 74 74
0.221681 0.247755 15.242750 154 151 146
-0.000363 -3.648459 13.987520 112 111 109
-0.148772 -5.336365 12.684271 102 104 103
0.062287 -2.947287 14.362184 123 122 120
0.401428 5.873290 13.772911 37 34 27
0.393888 4.670337 14.465042 36 31 27
0.393888 4.670337 14.465042 36 31 27
0.415376 4.710912 14.433181 11 16 12
0.410562 4.050159 14.709322 134 133 128
0.427469 5.272068 14.134985 41 36 33
-0.016386 -4.323270 13.539666 104 99 96
0.437724 5.131693 14.206494 33 24 17
0.370609 1.934486 15.196774 115 91 89
0.442008 6.247096 13.461642 110 97 89
-0.109404 -5.559653 12.455538 64 56 54
0.271882 -0.843360 15.052606 123 102 97
0.359549 0.562197 15.221310 125 104 99
0.462146 3.259560 14.926278 36 37 31
-0.068308 -5.443650 12.575872 147 146 141
-0.068308 -5.443650 12.575872 147 146 141
0.204117 -2.794303 14.409686 139 138 136
0.398963 0.339453 15.191702 26 16 15
0.394628 0.181608 15.178668 41 42 36
0.521874 3.994540 14.667630 129 131 130
-0.027520 -5.469803 12.549031 75 70 66
0.498012 2.541751 15.061864 152 153 148
0.474453 7.837519 11.630016 53 55 50
0.499096 2.405703 15.083348 151 148 139
0.499096 2.405703 15.083348 151 148 139
-0.075683 -5.924006 12.047133 101 93 91
-0.016164 -5.513752 12.503858 65 62 57
0.272126 -2.397345 14.569160 130 127 122
-0.022641 -5.642849 12.367515 58 49 50
-0.026493 -5.677962 12.329366 65 64 62
0.275294 -2.645876 14.463210 116 106 105
0.481002 0.883866 15.190686 142 141 136
0.407399 -0.954382 14.989881 151 150 146
0.380546 -1.397660 14.885397 42 34 32
0.557313 7.200443 12.423287 122 119 114
0.509053 7.953368 11.386123 106 108 103
0.530707 7.804524 11.611527 111 114 105
0.355494 -2.057312 14.681366 133 135 130
0.363967 -2.291476 14.591876 155 156 158
0.362654 -2.337053 14.574292 147 141 141
0.398750 -2.061562 14.670043 140 142 137
-0.047050 -6.425249 11.392159 91 85 87
0.587894 0.832075 15.150329 143 124 120
0.656429 2.394612 15.014055 129 120 113
0.374698 -2.950085 14.304800 114 110 109
0.653188 1.797464 15.090703 98 94 91
0.061684 -5.992231 11.971976 24 20 19
0.595626 0.235825 15.116269 125 117 114
0.589125 0.098911 15.105768 118 97 92
0.349611 -3.565841 13.986196 111 116 112
0.360976 -3.532317 14.003584 100 105 101
0.690238 1.627786 15.089314 146 131 126
0.250409 -4.807356 13.143752 24 26 23
0.593796 -0.678242 14.993184 104 83 82
0.251971 -4.905028 13.062736 110 106 105
0.706841 7.070729 12.424714 110 97 89
0.766501 5.692652 13.629379 100 85 78
0.101876 -6.200276 11.714508 74 79 82
0.390752 -4.157640 13.613073 115 117 114
0.192128 -5.799343 12.199958 80 79 84
0.193061 -5.798499 12.200917 80 79 84
0.808409 2.980042 14.823897 131 117 106
0.769302 7.038028 12.399811 104 89 82
0.846543 5.182804 13.904181 143 148 142
0.836005 5.729303 13.551273 115 112 107
0.102685 -6.664842 11.050382 76 70 70
0.641704 -2.179873 14.572538 113 94 88
0.459735 -4.290063 13.514965 92 86 86
0.889573 5.707633 13.526634 125 126 120
0.186531 -6.337198 11.540174 11 9 14
0.507362 -4.132285 13.616365 113 118 114
0.150090 -6.696625 11.007375 14 8 10
0.150090 -6.696625 11.007375 14 8 10
0.939536 2.349395 14.892487 148 138 129
0.236648 -6.311541 11.579200 65 61 62
0.541289 -4.149705 13.600823 103 105 102
0.936375 1.598447 14.989837 131 111 102
0.980349 5.644427 13.504075 47 36 32
0.783720 -2.172048 14.543076 115 99 99
0.894280 7.340664 11.873629 49 45 36
0.756468 -2.914620 14.249997 103 102 100
0.841301 -1.985206 14.593194 120 122 117
1.027218 6.091329 13.115248 120 100 99
0.598003 -4.729931 13.179425 101 104 97
0.904076 7.773966 11.159478 112 114 111
0.926431 7.692031 11.277329 111 110 105
0.785482 -3.475096 13.968594 107 109 106
0.796940 -3.513146 13.946323 29 28 26
1.044498 6.906147 12.275457 101 90 84
1.069455 6.950274 12.196105 113 108 104
1.032286 7.354654 11.690367 104 107 100
1.193301 5.411939 13.510419 109 102 96
1.161242 6.101875 12.993988 127 120 112
1.201816 5.295406 13.583608 112 103 96
1.145676 6.468432 12.659859 105 86 79
1.098812 7.073096 12.008550 50 45 39
1.214260 0.915507 14.914165 14 15 9
1.272180 4.094023 14.195824 122 107 102
1.274113 4.006182 14.232762 140 125 118
1.261396 5.114368 13.659083 35 32 25
1.129394 -1.351102 14.698166 15 11 10
1.133192 7.045431 12.007223 117 114 107
1.290592 2.450753 14.709317 121 124 115
1.220202 6.056755 12.984126 36 31 25
1.276987 1.550211 14.851523 137 125 113
1.225480 6.095357 12.945361 39 35 26
1.289673 1.674800 14.833091 126 133 126
1.271423 0.972130 14.890503 147 148 142
1.288109 1.230037 14.872140 131 107 97
1.316943 4.219759 14.111827 31 23 21
1.319377 2.404706 14.705092 22 27 21
1.330192 3.790345 14.289001 19 21 18
1.297177 5.213089 13.569751 126 127 122
1.255722 6.110924 12.905521 144 134 125
1.264707 0.066322 14.874356 141 133 122
1.233939 -0.601614 14.811565 34 34 26
1.276224 6.051102 12.941809 120 111 104
1.245131 6.485159 12.550080 123 118 114
1.200722 6.938673 12.071850 72 67 63
1.343289 1.098918 14.857123 37 29 26
1.376319 2.620532 14.630570 154 153 148
1.183337 7.184984 11.759616 48 51 44
0.882163 -4.719971 13.162845 95 94 92
0.909205 -4.678700 13.191233 86 82 81
1.327595 5.965354 12.974110 116 103 95
1.382243 -0.365145 14.795087 161 160 155
1.142335 -3.452842 13.920826 101 106 102
1.297984 -1.888570 14.511149 17 11 13
0.911667 -5.238053 12.741116 82 82 80
0.839110 -5.747303 12.261662 68 67 65
0.727983 -6.307019 11.622561 19 15 16
1.090811 -4.250326 13.468453 30 26 25
1.262168 -2.747503 14.220329 116 116 114
1.347907 -1.782277 14.528814 127 116 110
1.395279 -1.301641 14.635550 136 141 134
1.442810 5.943688 12.896297 34 27 21
0.713168 -6.493250 11.377690 19 15 14
0.786833 -6.320691 11.609198 74 70 71
1.401741 6.731418 12.117605 112 99 93
1.171838 -4.107627 13.548061 102 104 101
1.095701 -4.660669 13.186760 114 119 115
1.482235 5.961202 12.847185 114 105 100
1.277619 -3.299272 13.973219 126 125 123
0.757228 -6.518300 11.347747 83 77 77
1.456105 6.391180 12.450308 112 104 101
1.618518 1.630424 14.696198 135 137 132
1.621783 1.533805 14.706391 110 102 99
1.385719 7.098029 11.647724 32 33 28
1.248077 -3.877599 13.673917 98 94 95
1.642764 2.200676 14.593296 147 139 128
1.644364 2.346494 14.562407 134 133 129
1.635195 3.986347 14.026214 169 142 135
1.635195 3.986347 14.026214 169 142 135
1.025060 -5.498225 12.501907 92 84 81
1.014733 -5.567951 12.436469 95 86 87
1.503763 6.370552 12.427082 124 114 112
1.621528 4.822438 13.590549 102 82 75
1.686637 3.058060 14.352766 125 127 122
1.318856 7.640767 10.805286 110 119 116
1.502176 6.679827 12.076122 104 90 87
1.703447 4.035595 13.961943 126 101 94
1.732729 2.348480 14.519456 117 113 110
1.603902 5.904355 12.794585 119 114 108
0.936279 -6.255608 11.698148 86 78 76
1.732956 4.307691 13.808513 122 124 119
1.442421 -3.418207 13.885833 99 101 98
1.480994 7.232218 11.323379 112 117 113
1.826537 2.898378 14.328399 109 99 89
1.636413 -2.121103 14.357004 102 87 84
1.866585 1.397751 14.616687 140 131 122
1.862059 0.793551 14.664787 109 96 88
1.907635 2.884125 14.290215 106 96 86
1.934850 1.475176 14.578002 112 104 93
1.946698 2.174534 14.454526 130 120 110
1.921902 3.877069 13.902719 131 106 101
1.626613 -3.400499 13.861152 104 106 103
1.957666 2.254341 14.431792 23 19 16
1.957666 2.254341 14.431792 23 19 16
1.955101 3.551488 14.025252 99 80 74
1.821384 5.751827 12.746492 115 97 87
1.979217 2.304209 14.409943 129 126 121
1.867170 -1.435305 14.473080 104 85 81
2.023484 2.183002 14.415871 133 119 108
2.017987 1.476455 14.541568 108 99 90
1.224515 -6.172449 11.807293 13 9 10
1.044060 -6.864923 10.880129 95 90 94
1.044060 -6.864923 10.880129 95 90 94
1.355538 -5.687626 12.313605 62 58 57
1.786882 6.523225 11.971125 117 103 100
2.037951 3.612417 13.951239 122 123 117
1.998111 4.620976 13.454316 102 81 76
1.731822 6.939468 11.468985 120 121 116
2.020913 -0.577535 14.562463 102 102 100
1.777960 -3.380425 13.842669 100 102 101
1.944692 5.575167 12.798055 45 40 34
1.842597 -2.842212 14.059436 106 98 95
1.875171 6.185716 12.271466 16 17 11
1.875171 6.185716 12.271466 16 17 11
1.797064 -3.307695 13.872581 58 57 55
2.064354 -0.576044 14.548300 125 121 118
2.122153 3.353858 14.008705 106 81 74
1.967431 5.659986 12.704653 123 120 113
1.902207 6.277495 12.143712 111 96 89
1.911022 6.218956 12.200568 111 107 98
2.165962 1.804162 14.424315 109 96 87
2.157681 2.910177 14.149180 36 35 31
2.171977 2.961647 14.124324 18 22 23
2.053274 5.261941 12.967673 134 135 129
2.182431 3.068102 14.081795 32 17 12
2.194693 1.583938 14.447994 18 17 13
2.108060 4.740661 13.300996 126 136 128
1.886250 -3.381904 13.821650 98 103 99
2.132694 -0.721751 14.509802 130 121 116
2.146431 -0.776889 14.498738 126 123 114
2.170658 4.198907 13.583707 125 128 121
2.226058 2.942187 14.101626 140 139 135
2.242586 1.586728 14.426032 141 136 130
2.074694 -2.128522 14.244722 96 82 81
2.080597 -2.126089 14.243908 101 87 86
2.186863 -0.810714 14.481544 19 20 14
1.814124 7.203402 10.924711 52 52 50
2.289150 1.557030 14.409737 111 112 107
2.129508 -1.997066 14.266828 108 111 104
2.107128 -2.246122 14.202193 88 80 77
1.915981 6.838680 11.397944 39 44 38
2.344879 1.554121 14.385088 125 124 120
2.049557 -3.364026 13.798633 98 100 97
2.142306 -2.689225 14.049506 14 15 9
1.967531 6.838577 11.335247 97 97 95
2.013468 -3.828545 13.579684 88 76 76
1.984533 6.804867 11.365884 126 128 123
2.135618 6.026191 12.194564 95 86 81
2.421729 1.413873 14.372116 117 113 104
1.675279 -5.855568 12.144196 83 75 73
2.094902 6.387006 11.816175 104 93 87
2.465220 1.124568 14.390770 152 149 144
2.465220 1.124568 14.390770 152 149 144
2.037857 6.778409 11.341151 128 129 124
1.708934 -5.930326 12.069728 13 8 2
1.708934 -5.930326 12.069728 13 8 2
1.769662 -5.784198 12.210863 70 64 64
2.533581 1.364478 14.329596 148 145 136
2.533581 1.364478 14.329596 148 145 136
1.980661 -4.905224 12.922554 82 72 71
1.733428 -6.013881 11.984958 73 68 62
2.549951 1.523270 14.297193 128 129 124
2.308860 5.621930 12.444728 81 78 73
2.308860 5.621930 12.444728 81 78 73
2.389794 -2.047446 14.184860 16 15 10
2.542504 3.121511 13.860470 121 102 95
2.512334 -0.679593 14.389210 95 90 87
2.336027 5.562572 12.476852 26 16 15
2.536486 -1.272789 14.305927 98 90 87
2.242899 6.374153 11.673658 111 113 108
2.336812 -3.453438 13.702964 87 79 77
2.464063 -2.461718 14.048210 77 67 65
2.586123 -1.390606 14.271221 91 67 65
2.301429 -3.975112 13.454912 76 76 74
2.472619 -2.811106 13.930820 96 81 78
2.227163 -4.571954 13.119200 75 76 71
2.726536 0.715432 14.320323 101 96 92
2.472685 5.534001 12.384035 130 127 122
2.269809 6.630768 11.282979 41 44 37
2.609404 -1.961749 14.147091 101 100 96
2.610331 -1.970350 14.144777 110 109 107
2.724365 -0.581166 14.325452 120 125 121
2.089857 7.289889 10.323359 71 81 80
2.103665 7.266699 10.353050 56 66 65
2.696730 4.026727 13.333220 113 114 109
2.178323 7.086628 10.617376 43 47 48
2.121081 7.268500 10.319707 121 133 131
2.398520 6.306308 11.592528 33 35 34
2.701350 -1.967296 14.120545 102 101 99
2.805116 -0.515530 14.301809 65 62 57
2.565360 5.508667 12.326305 123 122 117
2.363825 6.554400 11.284217 126 129 122
2.664607 4.888215 12.780707 111 98 90
2.581866 5.494648 12.325156 130 129 124
2.863001 2.211121 13.992721 117 112 108
2.350393 6.662947 11.133573 108 111 104
2.346426 6.688897 11.097084 105 104 99
2.727287 4.563014 12.972665 23 24 19
2.404636 -4.557041 13.105423 72 71 67
2.830448 3.426313 13.559786 130 131 125
2.532078 5.897172 11.952557 127 124 119
2.371954 6.609526 11.190459 113 120 112
2.689845 4.908149 12.745381 53 44 37
2.902786 2.191616 13.977864 111 108 103
2.896600 2.469673 13.897616 118 109 104
2.729074 4.705403 12.869310 26 15 11
2.729074 4.705403 12.869310 26 15 11
2.626655 5.483608 12.296010 33 33 25
2.588111 5.711008 12.101582 46 39 33
2.718832 -2.655125 13.925295 96 97 91
2.950243 1.069362 14.187103 123 113 104
2.885378 3.372354 13.551571 31 28 23
2.962037 0.962459 14.195782 116 105 99
2.788952 4.527356 12.952192 116 112 109
2.788952 4.527356 12.952192 116 112 109
2.955147 2.110134 13.973755 29 25 22
2.976624 1.486625 14.107298 122 124 121
2.687132 -3.306069 13.695646 84 80 77
2.355467 6.849145 10.811950 119 116 109
2.676322 5.457167 12.277388 127 126 122
2.689826 5.416510 12.304543 17 13 10
2.689826 5.416510 12.304543 17 13 10
2.543892 6.196585 11.577572 24 25 20
2.933512 -1.265001 14.184037 99 98 94
3.014060 -0.405250 14.233164 28 17 15
3.022795 -0.218132 14.234774 31 16 13
3.055167 1.346413 14.096721 141 138 133
3.058598 1.471307 14.072001 125 127 124
3.035233 -0.576543 14.217742 107 112 108
3.065337 2.022225 13.941811 99 88 86
2.799074 -3.298775 13.675152 89 86 81
2.615315 6.164638 11.541472 28 29 24
2.970297 -1.863147 14.068315 92 83 78
3.035242 -1.265896 14.151841 91 94 87
3.118174 1.415639 14.054891 37 32 29
3.065488 -1.309930 14.136239 30 33 26
2.916385 -2.900497 13.797145 98 88 86
2.753406 5.723948 11.929707 100 91 86
3.074322 -1.425373 14.116632 142 135 129
2.917317 -3.061588 13.740110 99 90 85
3.069645 -1.663623 14.078324 120 111 104
3.042044 3.931879 13.156815 129 129 127
3.171280 2.007807 13.892129 98 87 85
2.390930 7.112995 10.220732 137 149 149
2.731362 -4.436182 13.132333 24 21 16
2.433918 7.012439 10.374183 138 143 146
2.620986 -5.120381 12.703680 16 12 9
2.395407 7.151093 10.122746 86 102 101
2.979986 4.843904 12.566537 94 85 80
2.829368 5.699456 11.882976 105 94 90
2.991362 -3.092484 13.712206 100 90 88
2.846889 -4.063171 13.317574 113 106 100
2.601612 -5.394464 12.500558 16 8 6
2.930994 5.340798 12.163172 122 118 115
2.455297 7.088838 10.166859 67 81 81
3.289405 1.993588 13.835975 95 80 75
2.631097 -5.439758 12.462748 77 72 69
3.285737 -0.581141 14.128931 93 89 86
2.463020 7.109229 10.104696 129 143 143
2.647089 6.623795 10.811924 57 59 54
2.714914 6.416633 11.065650 36 41 35
2.484306 7.083076 10.130195 131 145 145
2.501076 7.046914 10.186359 114 126 126
3.394822 0.186734 14.083942 122 121 116
3.394822 0.186734 14.083942 122 121 116
3.394822 0.186734 14.083942 122 121 116
3.421501 0.109852 14.077130 114 113 108
2.921105 5.987153 11.440262 112 105 99
3.489292 -0.571498 14.056243 91 86 83
2.885623 6.309333 11.021198 37 37 35
3.178906 5.130015 12.146755 110 99 95
3.335591 4.253423 12.741490 98 89 84
3.233608 4.930272 12.283989 107 100 94
3.374909 4.107212 12.813708 113 95 91
3.411628 3.828126 12.967462 130 127 122
3.112106 5.577941 11.742146 91 82 77
3.387412 4.041346 12.848697 108 90 86
3.110726 5.609327 11.707530 27 28 23
3.578217 -0.564187 14.024208 96 97 92
3.579602 -0.561017 14.023785 91 90 85
3.234090 5.154174 12.074424 130 130 122
3.538070 3.065962 13.297813 104 87 80
3.370082 -3.353095 13.531212 74 63 61
3.590940 -1.247275 13.974836 100 97 92
2.965434 6.271323 10.981461 52 54 51
2.965434 6.271323 10.981461 52 54 51
3.086528 5.877517 11.403470 113 110 105
3.309522 -3.863669 13.330451 79 74 70
3.657336 1.560819 13.765272 115 96 90
3.664121 1.555308 13.763283 115 95 94
3.185547 5.545454 11.706490 93 84 77
3.590455 2.888302 13.347841 32 25 19
3.699479 0.609394 13.920062 99 80 74
3.699479 0.609394 13.920062 99 80 74
3.718379 0.102211 13.958813 100 96 93
3.407191 4.690870 12.347675 105 98 92
3.041029 6.211180 10.981522 125 124 120
3.026191 6.257923 10.926579 123 123 121
3.690431 -1.278811 13.938770 17 13 10
3.039441 6.235703 10.945135 48 48 48
3.039441 6.235703 10.945135 48 48 48
2.747414 6.978438 9.916464 95 111 111
3.758272 0.575180 13.898845 23 14 9
3.340249 5.122094 12.010683 103 100 95
3.714525 -1.241235 13.934622 99 95 92
3.743064 -1.048775 13.941679 107 96 92
2.826855 6.846172 10.097108 59 75 74
3.796238 0.472467 13.894540 115 111 102
3.751479 -1.266457 13.919862 14 10 7
3.362651 5.458466 11.630309 98 84 81
3.894795 -0.630496 13.907004 35 32 25
3.841948 -1.902400 13.805121 96 86 84
3.942717 1.359045 13.674113 104 103 99
3.310112 5.827958 11.222519 17 16 12
3.669519 -3.674332 13.340524 88 81 75
3.663495 -3.715362 13.324850 83 78 72
3.507318 -4.711356 12.858533 18 8 7
3.480624 -4.840619 12.785539 18 13 9
3.882053 3.178672 13.026262 118 120 117
3.325142 -5.574686 12.301292 60 52 50
3.537815 -4.752143 12.830252 78 68 66
3.991529 -1.893020 13.761362 84 80 77
3.853650 3.709353 12.734991 115 117 114
3.656694 -4.458738 12.975636 19 14 10
3.674854 -4.456429 12.973864 17 12 9
3.910675 3.638058 12.740576 25 21 20
4.127919 -0.570569 13.820724 94 93 88
3.555643 5.396749 11.508440 31 28 21
3.334425 6.104306 10.782601 118 119 114
4.057359 -2.009409 13.721889 82 67 64
3.685992 4.976980 11.842291 98 85 77
3.401795 5.987710 10.882868 54 53 49
3.419542 5.945725 10.925488 46 45 41
3.485799 5.794843 11.068564 38 37 33
3.485799 5.794843 11.068564 38 37 33
3.505643 5.737643 11.126115 24 25 20
3.665916 5.223862 11.597907 126 123 114
3.627579 5.391307 11.441623 120 121 115
4.207720 -1.219155 13.769898 91 87 84
3.049553 -6.863444 11.070503 72 63 64
4.253439 0.719758 13.658118 118 119 113
3.689479 5.226592 11.571717 121 121 111
3.938811 4.136669 12.371941 124 119 116
3.205957 6.607084 10.006336 96 110 110
4.076594 -3.159976 13.435401 77 76 74
4.077250 -3.156757 13.436261 77 76 74
3.237141 6.554529 10.073215 102 110 112
3.715795 5.230406 11.541424 50 50 42
3.715795 5.230406 11.541424 50 50 42
4.226461 -1.885937 13.690248 75 70 67
3.439076 6.097775 10.657786 46 47 42
3.430570 6.125001 10.622762 49 50 45
3.367930 6.308130 10.378648 103 105 104
3.978861 4.245945 12.254551 124 115 110
3.471338 6.069070 10.663728 120 120 118
4.152899 3.200649 12.838288 31 23 20
3.452859 6.125720 10.591746 108 113 107
4.342938 1.186917 13.519779 100 91 82
3.828710 4.978369 11.708967 129 131 126
4.362978 0.711976 13.609476 98 98 90
4.360688 1.107985 13.529766 117 108 101
4.372103 0.923282 13.564702 93 84 75
4.324709 1.898274 13.321413 28 27 23
4.319031 2.021462 13.280818 35 31 28
4.319031 2.021462 13.280818 35 31 28
4.139760 3.605768 12.600381 128 130 125
4.139668 3.606541 12.599939 128 130 125
3.984770 4.504300 12.030086 25 20 17
4.350484 2.026416 13.261622 114 106 103
4.310803 2.512137 13.086802 114 115 109
4.444855 0.725657 13.569375 119 114 110
4.446522 0.927460 13.528605 108 99 94
4.028373 4.460815 12.032127 90 79 77
4.469626 -0.499636 13.688910 19 9 7
4.365099 2.410391 13.099510 101 97 88
4.487976 -0.101011 13.659586 98 87 81
3.296592 -6.856491 11.089656 56 45 39
4.476547 -1.401507 13.664334 27 16 10
4.499181 1.225896 13.433027 88 77 73
4.458457 -1.867253 13.620319 8 0 0
4.476089 -1.782525 13.625748 22 9 3
4.210320 3.966389 12.293124 99 80 74
4.460308 -2.570762 13.493920 16 12 11
4.267021 -3.922755 13.114408 18 13 9
4.258445 -3.989172 13.088373 24 19 13
4.607949 0.467773 13.539617 143 135 132
4.233758 -4.218121 12.992199 16 6 4
4.441093 -2.942974 13.407399 27 14 8
4.260698 3.945136 12.270625 102 83 77
4.321592 -3.796921 13.153597 16 11 7
3.994289 5.186413 11.312407 104 96 94
4.682154 -0.566320 13.608315 106 102 93
3.480883 6.474313 9.845834 59 71 71
3.657120 6.157582 10.246335 47 47 45
3.787512 5.883157 10.561831 24 30 26
3.702965 6.097622 10.294937 102 104 101
3.808117 5.880187 10.539776 106 108 103
4.671175 -2.481842 13.452704 84 80 77
4.618982 2.890718 12.706270 99 88 86
4.749235 -2.477319 13.430968 74 69 66
4.717112 2.342931 12.920646 98 95 88
4.351930 4.373601 11.836124 20 15 12
4.656450 2.929369 12.660131 26 23 18
4.147531 5.154346 11.192752 27 28 23
4.366076 4.442413 11.759199 52 47 43
4.893063 0.621574 13.381114 28 25 20
4.597099 3.540524 12.314817 44 33 31
4.921021 0.927096 13.299841 140 129 125
4.921021 0.927096 13.299841 140 129 125
4.929498 0.832259 13.318308 115 104 100
3.981291 5.731401 10.562510 95 91 88
4.802293 2.499010 12.794770 54 43 41
4.555309 3.928495 12.053490 118 117 113
4.770868 2.823041 12.644812 101 94 88
4.815312 2.574357 12.748859 101 90 88
4.913963 1.852034 13.013059 107 108 102
4.881366 -2.783232 13.328564 100 85 80
4.854772 2.420281 12.800918 116 115 111
4.878171 -2.892665 13.303738 100 85 80
4.878171 -2.892665 13.303738 100 85 80
4.979536 1.223383 13.190946 22 25 18
4.389883 4.694803 11.482393 92 74 70
4.991175 -1.826647 13.453342 84 79 75
4.398601 4.736468 11.429000 109 106 101
4.988826 1.496908 13.100221 124 117 111
5.073949 -0.011076 13.402914 30 23 17
5.097697 0.311734 13.344278 105 96 91
5.106766 -0.727029 13.448152 27 20 14
5.108712 -0.844430 13.450982 33 24 19
5.110304 -0.937635 13.452009 29 20 15
3.770214 6.326271 9.694360 44 58 58
5.125839 -1.055997 13.446744 29 21 18
5.124498 -1.107121 13.446980 29 20 21
5.125691 -1.146840 13.446114 33 27 27
5.120158 -1.321410 13.443934 71 61 60
3.977479 5.977913 10.124734 52 47 51
4.995046 -3.065422 13.229078 73 68 65
5.158401 -1.010197 13.434443 87 79 76
3.881938 6.175026 9.858936 109 117 119
4.092672 5.754394 10.376932 55 57 54
4.116300 5.703357 10.433477 29 31 30
5.104344 -2.365234 13.345540 25 15 13
5.104344 -2.365234 13.345540 25 15 13
5.104535 -2.498953 13.322443 6 0 0
4.080527 5.826731 10.263969 118 118 116
5.041650 -3.212255 13.177689 19 11 8
5.022534 -3.472313 13.106379 22 17 13
5.012602 -3.586460 13.072418 21 13 10
4.331779 5.313988 10.775973 115 107 104
4.913193 3.280931 12.264765 101 84 77
5.084086 -3.189189 13.172929 76 68 65
4.327012 5.335694 10.750087 25 24 20
5.244507 0.642147 13.209998 98 95 90
5.247295 -1.791754 13.371340 75 70 66
4.226851 5.608918 10.447824 93 92 90
4.220411 5.648662 10.389057 125 127 124
4.490072 4.982493 11.047822 30 26 23
4.646058 4.585212 11.357578 98 84 83
4.368074 5.419488 10.574536 46 45 41
5.025045 3.254070 12.202312 107 97 88
4.423943 5.289511 10.703692 18 17 12
4.545197 4.986553 10.983956 116 115 113
4.406776 5.341415 10.646986 43 42 38
3.796085 6.484663 9.199921 151 171 170
3.796085 6.484663 9.199921 151 171 170
3.796085 6.484663 9.199921 151 171 170
4.378897 5.435534 10.535952 102 101 97
4.714209 4.559525 11.320495 105 94 90
5.351599 -2.422641 13.260857 72 64 61
4.722434 4.547959 11.325294 99 85 82
3.797367 6.504876 9.131021 142 162 161
4.937839 3.803613 11.849874 126 122 119
4.730087 4.541314 11.325245 98 85 79
4.457073 5.291101 10.662136 110 111 106
4.714621 4.603795 11.271008 122 121 117
4.855304 4.148154 11.611438 84 76 73
3.833034 6.479031 9.134345 105 125 124
4.967368 3.852639 11.784042 30 23 15
4.967368 3.852639 11.784042 30 23 15
4.705291 4.722332 11.143799 37 28 21
4.947797 3.939050 11.724576 41 34 26
5.473406 0.534066 13.124508 81 67 64
4.725573 4.675620 11.178254 51 40 36
4.725573 4.675620 11.178254 51 40 36
5.134822 3.233456 12.136715 36 29 21
5.134822 3.233456 12.136715 36 29 21
5.520316 -0.026169 13.209184 21 16 13
5.217916 2.912804 12.291259 50 41 36
4.963003 4.008950 11.648516 76 71 65
3.969506 6.322405 9.322762 108 130 128
4.429261 5.495659 10.373789 99 95 94
4.411653 5.534473 10.331086 45 45 43
5.387680 1.987303 12.681770 36 29 23
4.987438 4.045351 11.593707 108 101 91
4.987438 4.045351 11.593707 108 101 91
5.407022 2.053164 12.639707 105 102 97
5.403655 2.115990 12.611885 93 90 85
5.396683 2.189699 12.580187 81 80 75
5.396683 2.189699 12.580187 81 80 75
5.610230 -0.552948 13.234276 80 81 76
5.544332 1.065641 12.945925 25 20 17
3.942036 6.407039 9.121255 161 181 182
5.604146 0.584524 13.049255 30 24 24
5.648720 -0.617647 13.223948 26 25 20
5.668380 0.009711 13.137098 83 80 75
4.945397 4.462264 11.205473 103 89 86
5.712072 -1.376849 13.227027 28 17 13
5.668412 -2.365265 13.170731 82 74 71
4.591366 5.407874 10.309715 101 96 93
5.759017 -1.317372 13.209824 71 63 60
5.759017 -1.317372 13.209824 71 63 60
5.683996 1.186682 12.832282 100 99 95
5.706510 -2.534282 13.134452 16 11 8
5.769616 -1.753123 13.194526 76 73 68
4.027137 6.387039 8.988968 162 186 186
4.027137 6.387039 8.988968 162 186 186
5.696136 -2.902488 13.072183 25 17 14
5.742826 -2.508374 13.127152 63 58 55
5.820903 -0.585712 13.149603 101 100 98
4.638963 5.408849 10.245146 31 33 32
4.638963 5.408849 10.245146 31 33 32
5.857304 0.007584 13.051672 80 79 75
5.755915 -3.025792 13.029492 13 10 5
5.832653 -2.323387 13.123732 73 68 65
5.555355 2.667134 12.212659 84 73 67
4.541715 5.667790 9.898645 46 50 51
4.480322 5.775803 9.767273 48 52 55
4.689031 5.388392 10.213734 37 39 38
4.440856 5.845120 9.677436 53 61 63
4.440856 5.845120 9.677436 53 61 63
5.930769 -1.153307 13.141798 76 70 70
4.873840 5.014432 10.577970 99 91 88
5.181888 4.274807 11.185338 105 94 90
4.895769 5.020684 10.542995 42 41 36
4.927075 4.952938 10.605070 40 39 34
5.210352 4.255737 11.179048 41 32 27
5.246777 4.160589 11.246720 38 27 21
5.246777 4.160589 11.246720 38 27 21
5.527431 3.201120 11.867867 107 108 103
4.915944 5.025177 10.512407 100 99 95
5.749693 2.245592 12.328579 115 114 110
5.752125 2.242663 12.328611 113 112 108
4.788799 5.310675 10.215183 104 99 95
5.464577 3.519022 11.663240 33 20 14
5.208385 4.336317 11.091497 83 78 72
6.021312 0.003984 12.977009 86 82 79
5.563279 3.177560 11.858448 14 15 10
5.569249 3.159097 11.867801 29 28 23
5.047920 4.763980 10.731033 98 99 94
5.872688 1.601204 12.566780 92 83 76
5.776738 2.230386 12.319468 97 98 93
5.061968 4.746470 10.739050 116 115 111
5.483292 3.537383 11.632438 85 74 68
5.522139 3.427491 11.693374 95 82 76
5.551350 3.327880 11.751083 100 90 80
5.471759 3.622434 11.568053 115 116 110
5.812177 2.179114 12.324512 25 26 21
5.812177 2.179114 12.324512 25 26 21
5.907743 1.648579 12.525558 24 25 19
5.917804 1.667814 12.511060 20 25 18
6.012033 1.110270 12.681494 25 24 20
5.121452 4.719355 10.710086 116 115 113
6.123147 0.015400 12.927575 74 69 66
6.130399 0.008713 12.925525 79 74 71
5.976919 1.583249 12.513678 91 84 78
5.976919 1.583249 12.513678 91 84 78
6.099376 0.594321 12.800328 106 107 99
6.186314 -0.648821 13.002249 27 23 20
6.168196 0.064771 12.896439 41 31 29
6.212810 -1.141555 13.030882 65 66 61
6.150851 0.474771 12.807298 83 75 72
6.218366 -0.782125 13.002610 23 19 16
5.585688 3.589997 11.501863 111 114 107
4.913497 5.286084 10.090648 108 110 107
6.229468 -1.725531 13.031597 70 69 67
4.552724 5.900250 9.343925 61 79 79
4.552724 5.900250 9.343925 61 79 79
6.246018 -0.699296 12.982518 72 68 65
6.246018 -0.699296 12.982518 72 68 65
4.642790 5.771481 9.505514 49 61 59
5.357037 4.331580 10.950155 99 96 91
5.495440 3.948845 11.237621 21 16 13
5.081943 4.987315 10.369786 102 101 99
4.804822 5.520500 9.799077 43 43 41
4.959659 5.246405 10.098386 29 34 30
4.830044 5.482852 9.837454 46 46 44
4.850839 5.448715 9.874538 42 41 37
4.928716 5.312938 10.021114 41 40 38
4.888212 5.388189 9.937603 41 40 36
6.285675 -1.860358 13.007130 62 57 51
6.285675 -1.860358 13.007130 62 57 51
5.124010 4.948059 10.379133 19 11 9
4.965252 5.269501 10.049535 88 90 87
-2.921655 2.294206 10.565842 149 149 141
5.825243 -25.266102 87.905037 117 122 118
-9.155897 0.502038 24.853411 193 182 160
-9.078010 1.225655 24.945120 197 189 168
-8.618082 -3.930310 23.202784 145 128 110
-8.645667 -6.052671 23.306543 166 153 136
-8.722933 2.447614 23.921846 195 184 166
-8.722933 2.447614 23.921846 195 184 166
-8.671692 -0.729688 23.710537 135 120 101
-8.397296 -6.481954 22.601961 231 219 203
-8.317186 -4.505182 22.379976 139 124 103
-8.541340 -2.743267 23.290781 205 187 167
-8.282071 -1.197383 22.389727 211 200 178
-8.423250 -2.509464 22.902258 229 227 204
-8.439362 -7.148826 22.885677 229 217 201
-8.320420 -5.960089 22.477810 158 142 126
-8.546896 -7.016249 23.294834 230 217 200
-7.955729 -9.818365 21.103331 171 167 155
-8.344434 -4.667368 22.795128 145 127 107
-8.366560 -2.641727 22.930574 141 126 107
-8.468474 -1.332204 23.354841 134 117 97
-7.830659 -8.819147 20.852819 174 167 157
-8.175183 -5.967506 22.210068 166 150 134
-7.794108 -8.893838 20.746649 128 119 110
-7.794108 -8.893838 20.746649 128 119 110
-8.317464 0.510888 22.894783 219 201 177
-8.166124 -2.528163 22.503872 220 215 193
-8.166124 -2.528163 22.503872 220 215 193
-7.732639 -8.954771 20.776834 166 163 154
-7.503762 -1.579646 20.070068 216 216 192
-8.096980 -3.800091 22.238844 233 230 213
-8.101962 -1.907178 22.347696 132 121 99
-8.141948 -3.968588 22.449190 141 128 109
-8.141948 -3.968588 22.449190 141 128 109
-7.808581 -5.781420 21.220675 133 124 107
-7.808581 -5.781420 21.220675 133 124 107
-7.513752 -8.781026 20.061443 118 119 113
-7.513752 -8.781026 20.061443 118 119 113
-7.763802 -7.236594 21.128382 126 123 104
-8.226328 -3.076469 22.975397 219 204 185
-5.865850 9.376263 14.406192 181 199 183
-7.939700 -6.741561 21.833717 142 133 116
-7.939700 -6.741561 21.833717 142 133 116
-7.837801 -6.238947 21.465363 223 217 201
-7.898888 -0.589549 21.866674 132 119 102
-7.443271 -9.583178 19.933178 104 100 89
-8.256469 0.046084 23.242561 147 131 115
-7.783391 -6.664792 21.289089 201 189 175
-7.783381 -5.171507 21.338221 127 113 100
-7.734504 -4.448170 21.199371 135 119 103
-7.734504 -4.448170 21.199371 135 119 103
-7.783101 -0.453850 21.561293 224 222 199
-7.544045 -3.598684 20.625324 222 217 195
-7.922031 1.431458 22.238861 197 190 164
-7.718017 0.825419 21.553936 205 194 174
-7.411849 -4.995008 20.305651 126 114 100
-7.411849 -4.995008 20.305651 126 114 100
-7.712224 0.183311 21.606178 214 208 186
-7.669352 -0.529443 21.475826 140 128 106
-7.470977 -5.818849 20.607861 131 125 109
-7.470977 -5.818849 20.607861 131 125 109
-7.349072 -6.911871 20.119740 195 193 180
-7.363788 -4.341331 20.275126 130 117 100
-7.472902 -1.646657 20.806728 215 219 196
-7.393542 -2.269253 20.485764 225 220 200
-7.575351 0.769399 21.291161 148 133 112
-7.038404 -8.681757 18.989943 96 96 84
-7.565821 0.148687 21.305265 123 110 91
-7.607635 3.389861 21.639290 203 188 169
-7.203573 -4.343732 19.863474 209 196 179
-7.206177 -5.557818 19.831373 202 201 183
-7.347417 -0.441431 20.561260 123 115 92
-7.361478 -0.444368 20.620996 123 115 92
-7.375557 -1.799139 20.644543 209 196 177
-7.120690 -4.801343 19.576616 209 202 184
-7.180182 -5.697273 19.857655 127 120 104
-7.266323 2.255230 20.466774 169 151 127
-7.266323 2.255230 20.466774 169 151 127
-7.348815 2.620387 20.808319 133 122 102
-7.181375 -1.668346 20.015644 132 125 106
-7.265676 2.686312 20.505693 215 208 190
-7.265676 2.686312 20.505693 215 208 190
-7.031365 -0.416755 19.508312 125 114 92
-7.055396 0.860266 19.642429 207 202 182
-6.962490 0.263041 19.321825 211 204 186
-6.950320 0.196607 19.305038 138 130 109
-6.974395 -6.991747 19.239933 115 111 99
-6.979859 -4.920278 19.328907 126 119 103
-7.091754 -6.443241 19.728203 133 125 112
-7.091754 -6.443241 19.728203 133 125 112
-7.253020 5.143302 20.776648 192 184 163
-6.982110 3.223788 19.645014 191 184 165
-7.013488 0.374868 19.698296 157 145 129
-7.139710 2.175752 20.323931 213 207 183
-7.029207 -1.576603 19.783491 210 209 188
-6.903060 -5.001309 19.180977 208 194 181
-7.044064 -1.585099 19.850067 210 209 188
-6.874266 -2.337424 19.198666 212 199 183
-6.794587 -1.049180 18.948763 210 192 170
-7.073928 2.776401 20.224968 208 196 180
-6.840299 -5.584476 19.016260 112 106 92
-6.840299 -5.584476 19.016260 112 106 92
-6.787190 -6.121191 18.784151 181 179 166
-6.858813 0.241735 19.300182 127 121 99
-6.844174 -7.032333 19.036289 109 103 89
-6.804600 -4.896615 18.983898 115 106 91
-6.804600 -4.896615 18.983898 115 106 91
-6.657952 -0.942939 18.541773 133 121 97
-6.707597 0.184051 18.789381 192 175 155
-6.798056 0.322931 19.166283 217 212 192
-6.879548 0.329170 19.523155 217 212 192
-6.704141 -4.239460 18.668446 214 198 183
-6.773762 -7.146977 18.918179 155 151 139
-6.483109 -2.787380 17.868845 203 186 170
-6.689597 0.031234 18.855789 160 141 124
-6.691210 -2.945590 18.790325 203 186 170
-6.833073 3.952675 19.646305 143 135 116
-6.618262 0.861207 18.679653 139 131 110
-6.652827 1.475334 18.850861 132 119 102
-6.579328 -4.013701 18.379301 212 205 187
-6.684912 0.268351 18.968473 124 116 95
-6.561555 3.840649 18.612568 202 195 176
-6.574800 -0.246057 18.603529 220 223 202
-6.532188 -4.107911 18.298313 116 109 91
-6.714808 -2.192331 19.138613 213 208 189
-6.616623 2.299672 18.892073 147 139 118
-6.541301 -1.598850 18.442745 197 184 167
-6.610635 -3.526955 18.684263 123 111 95
-6.577915 -2.864166 18.589733 125 113 97
-6.697019 -0.398237 19.207092 195 186 169
-6.526574 -6.928401 18.263355 91 87 76
-6.429720 -6.931501 17.883440 181 175 163
-6.300228 -0.805835 17.610842 210 207 188
-6.420850 2.163092 18.271400 200 197 178
-6.430276 2.106974 18.338207 124 122 101
-6.518157 4.026159 18.801535 206 200 178
-6.354044 -5.320048 17.779226 176 177 161
-6.359550 -3.926929 17.875776 204 199 179
-6.563846 3.975582 19.094666 146 138 119
-6.371414 -0.277101 18.134918 120 113 95
-6.429663 -2.101276 18.329710 192 189 172
-6.381499 2.717839 18.311213 153 142 124
-6.293730 -5.402708 17.714382 104 102 89
-6.293730 -5.402708 17.714382 104 102 89
-6.406781 -2.767248 18.292704 201 203 182
-6.336310 1.556048 18.159252 132 124 101
-6.456799 -2.811331 18.530479 201 203 182
-6.338321 -6.200812 17.921103 113 111 99
-6.229678 -6.767343 17.446260 96 90 78
-6.251868 -4.727651 17.626646 116 109 93
-6.223213 -0.325916 17.669985 199 187 171
-6.289623 0.489337 18.018011 162 153 136
-6.282257 -4.069179 17.822617 124 115 98
-6.282257 -4.069179 17.822617 124 115 98
-6.186614 2.116291 17.677208 119 110 93
-6.101073 -0.140844 17.219366 214 217 196
-6.242260 -1.527787 17.820290 198 185 169
-6.516384 3.006691 19.208782 202 195 176
-6.130191 -5.175656 17.206450 183 184 170
-6.240235 -1.417843 17.840876 210 211 193
-6.553542 8.980377 19.723717 199 210 194
-6.268571 3.380673 18.228973 117 104 87
-6.091807 0.432683 17.333586 213 212 192
-6.236142 -2.806916 17.959810 118 109 92
-6.074610 -4.797298 17.184048 180 172 161
-6.077052 -0.759460 17.343050 209 210 192
-6.146422 3.511120 17.869089 202 191 173
-6.034446 -5.988121 17.012100 109 105 94
-5.937603 -0.203434 16.814854 124 115 98
-5.826890 0.378911 16.356581 123 115 96
-5.972349 2.210983 17.110062 207 202 182
-6.213644 4.732823 18.304722 199 188 168
-6.045683 -4.594489 17.175753 188 189 173
-6.047266 -2.627344 17.265614 193 192 172
-6.039310 -6.240232 17.112299 182 181 163
-6.079206 -2.172117 17.436796 197 180 164
-5.984186 -6.694881 16.859783 92 92 82
-6.038345 -3.234113 17.227188 197 196 176
-6.076115 -3.500697 17.436916 190 177 161
-6.237084 7.223373 18.686640 188 181 163
-6.237084 7.223373 18.686640 188 181 163
-6.041038 2.908534 17.607822 197 196 176
-5.868484 -1.911804 16.708132 199 200 182
-6.103743 4.787535 18.103758 198 192 176
-6.103743 4.787535 18.103758 198 192 176
-5.910161 -3.119757 16.876041 201 198 179
-5.842298 -0.121255 16.743740 197 194 175
-5.878407 -1.312655 16.899937 211 215 198
-5.852056 2.780982 16.969954 118 106 90
-5.985023 3.568217 17.720278 205 199 185
-5.681794 -0.219159 16.167700 186 170 154
-5.681794 -0.219159 16.167700 186 170 154
-5.839339 2.894062 17.033554 201 198 181
-5.839339 2.894062 17.033554 201 198 181
-5.593480 1.031676 15.840195 209 211 190
-5.944056 3.606687 17.581268 151 142 127
-5.867996 -4.013462 16.907848 108 99 84
-5.669508 1.004776 16.229155 127 126 105
-5.932465 4.091650 17.600401 141 129 113
-6.149712 9.196485 18.920481 204 217 200
-5.732419 -1.839193 16.447483 153 146 130
-5.732419 -1.839193 16.447483 153 146 130
-5.746449 -6.643652 16.317619 98 98 88
-5.754546 -0.692047 16.620146 206 205 187
-5.827301 -3.445652 16.883581 184 166 152
-5.783399 -5.349297 16.617952 105 97 86
-5.621859 1.684647 16.178217 203 205 183
-5.753436 -1.373575 16.672276 121 114 96
-5.752025 -2.687532 16.679897 119 110 95
-5.614403 -0.072065 16.171000 202 207 187
-5.562494 -0.015255 16.009529 199 193 177
-5.581079 -0.700304 16.070814 114 109 90
-5.581079 -0.700304 16.070814 114 109 90
-5.674283 -5.317588 16.340845 99 91 80
-5.613746 -4.618020 16.216551 90 84 72
-5.499169 -3.796975 15.724640 112 105 89
-5.499169 -3.796975 15.724640 112 105 89
-5.441881 -0.615535 15.612986 203 202 184
-5.531256 1.079690 16.143974 115 109 93
-5.592681 2.976621 16.557281 204 201 186
-5.515206 3.424134 16.287691 113 107 91
-5.534435 -4.679229 15.997619 164 154 144
-5.378716 -0.712551 15.446740 192 175 159
-5.357098 0.449059 15.417949 195 173 159
-5.498087 -1.310223 16.036814 119 112 94
-5.444259 3.476052 16.021980 202 204 183
-5.401078 2.298322 15.773376 204 203 185
-5.461215 -1.939778 15.879425 112 105 89
-5.701330 6.833014 17.518602 190 185 166
-5.688688 5.636993 17.471201 182 187 165
-5.574382 6.135406 17.052197 189 186 171
-5.574382 6.135406 17.052197 189 186 171
-5.273473 1.685381 15.330539 125 126 108
-5.296597 -0.752562 15.332917 139 123 110
-5.296597 -0.752562 15.332917 139 123 110
-5.590930 6.084491 17.171169 135 128 112
-5.222315 -0.015283 15.015133 187 192 172
-5.239305 0.581879 15.149837 204 207 188
-5.431108 4.243670 16.364851 187 188 172
-5.256518 -3.632261 15.083701 180 181 167
-5.374809 -6.008635 15.574050 154 144 134
-5.386671 -4.563025 15.696849 103 95 82
-5.386671 -4.563025 15.696849 103 95 82
-5.298955 -4.351656 15.305581 181 185 170
-5.294078 1.179692 15.601795 193 196 175
-5.531965 5.623776 17.050619 188 185 170
-5.243620 1.124762 15.403746 128 115 98
-5.084670 1.654976 14.678254 99 96 79
-5.249959 -4.379692 15.214767 171 173 159
-5.232579 -3.134337 15.211159 112 100 88
-5.251762 -5.800379 15.183278 91 84 74
-5.256930 -5.155973 15.276789 90 86 75
-5.136353 -1.145442 14.921372 194 201 183
-5.142813 -1.147416 14.956058 194 201 183
-5.013799 1.106692 14.529897 106 100 84
-5.199800 3.689867 15.638171 145 131 120
-5.169360 3.489335 15.471114 140 132 119
-5.064110 1.176678 14.799195 204 209 189
-5.193989 4.116881 15.699137 102 99 84
-5.048687 2.299911 14.854940 131 115 102
-5.048687 2.299911 14.854940 131 115 102
-5.005145 2.341834 14.697320 183 177 163
-5.354051 4.481929 16.653078 188 192 175
-5.277119 6.684305 16.427837 130 128 113
-5.149557 -3.181141 15.213537 97 89 76
-5.149557 -3.181141 15.213537 97 89 76
-4.932446 0.575653 14.320670 99 92 76
-5.113754 3.621509 15.454653 211 205 193
-4.949949 -0.519867 14.357785 201 202 188
-5.027812 1.171932 14.900612 95 96 78
-5.023095 -1.831260 14.809706 113 103 91
-4.938455 2.887741 14.707749 135 119 104
-4.809134 -0.003088 13.854835 110 104 90
-5.028422 -5.100554 14.738069 82 85 74
-4.798877 0.696937 13.947553 148 145 130
-4.835429 -0.533753 14.133071 102 92 80
-4.840450 -0.535145 14.163166 102 92 80
-4.840450 -0.535145 14.163166 102 92 80
-5.101026 7.477746 16.128183 179 175 163
-5.101026 7.477746 16.128183 179 175 163
-4.817770 1.878807 14.228521 148 142 128
-4.952346 3.095298 15.123556 195 193 178
-4.819745 2.364521 14.416524 96 90 78
-4.801178 -3.528085 13.959975 171 171 159
-4.908230 -4.503899 14.520721 164 157 147
-4.861876 3.635548 14.835409 189 191 170
-4.878219 -1.888725 14.564857 184 170 159
-4.723161 1.825548 13.959658 195 196 180
-4.653296 2.323178 13.612523 183 181 166
-4.653296 2.323178 13.612523 183 181 166
-4.770443 -1.144917 14.076101 112 110 97
-4.786521 2.991851 14.530136 122 110 96
-4.718625 2.974765 14.177159 187 181 167
-4.808452 -4.355761 14.246746 86 86 74
-4.808547 -3.090735 14.397858 97 89 78
-4.725712 -1.752536 14.052711 99 93 81
-4.698323 -3.586583 13.807046 97 88 79
-4.758333 -2.404571 14.209127 103 91 79
-4.697564 -6.250155 13.668847 82 78 69
-4.562661 0.130134 13.381370 198 202 187
-4.589653 0.711216 13.595847 196 207 191
-4.647821 1.918108 14.077397 203 197 181
-4.562675 0.764066 13.539976 157 143 132
-4.743316 2.540195 14.710247 129 121 108
-4.517499 2.375459 13.408380 185 188 171
-4.684029 4.219415 14.510748 132 123 106
-4.550416 0.653101 13.525927 100 96 84
-4.498192 1.343390 13.363632 136 124 112
-4.629189 -4.297053 13.747599 86 82 71
-4.556493 1.910594 13.789576 201 204 187
-4.500122 2.455700 13.520959 178 179 165
-4.584449 -1.650664 13.735882 189 193 179
-4.588129 -2.907034 13.726016 175 179 165
-4.478617 2.976758 13.520967 196 197 183
-4.459010 2.498017 13.380648 142 135 117
-4.653494 7.053882 14.886068 190 189 168
-4.673319 7.596982 15.150412 182 184 173
-4.639903 4.470448 14.723998 186 190 173
-4.571247 3.740168 14.270412 186 190 173
-4.501390 -1.685723 13.455158 111 107 95
-4.438885 -0.972323 13.162431 195 206 190
-4.435774 1.269041 13.335844 104 98 82
-4.630692 7.066082 14.976524 175 177 156
-4.562877 4.292283 14.343830 92 93 75
-4.522759 3.662419 14.107141 126 117 102
-4.533373 -5.600791 13.501622 88 78 69
-4.571056 6.784169 14.731466 105 106 88
-4.555672 4.481596 14.519567 179 180 166
-4.435140 3.699063 13.800570 197 198 184
-4.313208 0.752198 12.861224 197 203 193
-4.438556 -3.577763 13.327981 85 83 70
-4.318266 1.285627 13.018353 103 99 87
-4.427067 -3.500137 13.326148 164 164 154
-4.485417 5.146472 14.455886 183 190 174
-4.466083 5.749158 14.474905 187 190 171
-4.227148 2.391833 12.755699 107 101 89
-4.242099 -0.797572 12.587601 144 140 128
-4.406301 -5.601975 13.252087 77 67 55
-4.380877 -3.029648 13.308551 158 136 125
-4.364941 -6.103866 12.940351 124 121 112
-4.297086 1.962904 13.251484 199 207 194
-4.289337 -1.682839 12.905898 176 154 143
-4.226805 -0.350046 12.635982 191 199 184
-4.339367 -4.874679 13.043649 90 87 78
-4.387677 5.176943 14.273947 189 191 177
-4.299679 4.430696 13.723516 186 190 173
-4.209611 1.898970 12.958287 101 95 83
-4.264752 1.369034 13.282590 91 83 70
-4.244351 1.986013 13.204427 190 196 182
-4.171650 1.982066 12.737725 136 126 114
-4.196119 3.101662 13.016208 183 179 168
-4.171556 1.382983 12.755734 199 201 187
-4.299861 -3.507828 13.178617 161 165 151
-4.230357 3.680722 13.375646 106 96 84
-4.280787 -5.522925 12.899495 85 73 61
-4.168720 2.472461 12.894137 87 85 72
-4.306541 6.384796 14.186089 181 185 170
-4.190614 3.718758 13.184663 189 193 178
-4.208288 -4.068298 12.777019 168 176 163
-4.097093 3.127789 12.783696 196 197 181
-4.210742 6.238409 13.855484 119 115 103
-4.103022 3.140900 12.832183 196 197 181
-4.185991 9.161426 14.033485 187 205 191
-4.142547 4.418630 13.315235 179 185 171
-4.088170 -0.311265 12.498118 201 207 193
-4.074969 2.478795 12.701296 105 101 89
-4.148222 -5.449855 12.501929 83 66 56
-4.148222 -5.449855 12.501929 83 66 56
-4.157472 5.695293 13.658375 175 173 160
-4.142116 -4.803070 12.578547 85 76 67
-4.067972 3.789919 12.947387 187 184 169
-4.064979 1.396477 12.712255 105 95 83
-3.975560 -0.394028 11.948460 169 150 135
-3.977927 1.944993 12.244640 190 194 180
-3.973715 0.022926 12.095567 204 185 171
-3.973715 0.022926 12.095567 204 185 171
-4.070032 -2.301385 12.555068 164 142 129
-3.968554 2.460749 12.326200 106 102 91
-3.971822 0.179897 12.170056 204 192 178
-3.980558 0.726147 12.300487 175 158 148
-3.928952 1.915915 12.116714 95 89 77
-4.042765 -5.509457 12.255566 156 148 137
-3.958122 1.468835 12.453774 199 203 188
-3.907412 0.220222 12.005900 99 91 78
-3.919716 0.268661 12.098020 199 201 188
-3.982839 -2.727187 12.265707 178 181 170
-3.947029 3.757577 12.700413 121 109 95
-3.890244 0.791322 11.989483 100 98 85
-3.974052 5.152821 13.158015 186 190 175
-3.914714 -1.484044 12.001580 186 188 175
-3.964459 6.974184 13.356990 173 174 160
-3.980128 -4.773508 12.221682 98 89 82
-3.903484 -0.283720 12.106586 188 196 181
-3.895969 3.142548 12.431016 92 90 75
-4.002856 7.207377 13.756960 173 174 160
-3.836538 0.857654 11.847866 200 211 194
-3.868274 3.233192 12.372588 185 189 174
-3.868274 3.233192 12.372588 185 189 174
-3.909274 4.393283 12.816638 105 99 87
-3.940699 6.441096 13.343616 173 171 158
-3.912086 5.769481 13.114982 176 180 163
-3.916461 -5.362686 11.951242 97 96 78
-3.862269 0.257618 12.240351 100 97 82
-3.813018 3.797598 12.299259 188 186 171
-3.845325 2.625422 12.417719 95 91 79
-3.812283 3.757792 12.314137 117 110 100
-3.767127 0.807912 11.690042 111 107 95
-3.846076 6.427412 13.079176 170 177 161
-3.818266 5.119082 12.713757 177 184 168
-3.773306 2.058014 12.000241 188 195 177
-3.752300 1.984312 11.853125 96 97 83
-3.722634 3.696112 11.947200 121 115 103
-3.811371 -2.756361 12.006936 172 174 161
-3.727047 -0.239462 11.675636 190 196 182
-3.729424 3.280063 12.137742 190 191 175
-3.704872 1.491166 11.762213 193 206 189
-3.744841 5.183595 12.617181 176 185 168
-3.736396 -2.129645 11.659336 87 77 65
-3.709094 7.593106 12.739977 177 181 167
-3.668395 1.430342 11.600632 80 70 60
-3.779061 -4.074488 11.822034 70 57 48
-3.756516 -3.673527 11.744211 111 98 90
-3.746764 -2.796915 11.819892 82 78 67
-3.660561 0.212635 11.508649 205 193 179
-3.680610 2.654427 12.002874 109 107 92
-3.644958 0.815192 11.569797 175 158 148
-3.649637 -0.852866 11.389242 107 104 89
-3.671226 5.075038 12.384842 124 122 109
-3.607768 1.471294 11.376409 200 206 194
-3.628027 3.795586 11.907053 102 96 84
-3.629868 3.908806 12.038013 183 185 172
-3.616166 0.285632 11.446214 104 100 88
-3.611753 4.105181 11.942890 195 181 168
-3.631780 3.346546 12.040705 192 196 181
-3.681788 -2.874988 11.653074 165 152 144
-3.623070 0.937788 11.657143 197 204 188
-3.601924 2.090933 11.670159 197 201 186
-3.585016 2.624225 11.625927 73 73 63
-3.556910 -0.304896 11.051758 176 159 149
-3.559308 4.136297 11.776633 184 170 157
-3.559308 4.136297 11.776633 184 170 157
-3.588863 7.671998 12.529986 172 173 159
-3.582053 2.061311 11.684945 100 90 80
-3.574193 1.475552 11.543347 97 93 81
-3.685448 -3.419444 11.822678 174 185 169
-3.573129 5.156042 12.086739 177 186 169
-3.609470 -2.151511 11.409554 196 186 176
-3.563696 3.847498 11.852525 96 97 83
-3.537401 2.574182 11.456721 191 177 166
-3.573595 6.909439 12.431889 132 126 114
-3.579542 5.124568 12.256535 121 115 103
-3.550890 0.353811 11.345923 195 206 190
-3.550890 0.353811 11.345923 195 206 190
-3.636280 -3.435667 11.629288 93 89 78
-3.514062 2.113301 11.427876 198 204 192
-3.615300 -4.694050 11.404722 79 77 65
-3.505520 1.534260 11.314600 203 207 193
-3.517792 7.046316 12.276525 127 134 118
-3.574250 -2.097624 11.429282 99 97 84
-3.489149 2.693134 11.408080 193 199 185
-3.545254 -2.588132 11.155766 188 194 180
-3.496054 2.672086 11.505094 113 107 95
-3.495557 6.727345 12.207673 193 187 171
-3.488628 -1.353949 10.911147 197 203 189
-3.488349 5.800168 12.065042 181 185 170
-3.476712 -0.875978 10.944928 176 168 157
-3.444183 3.223846 11.335875 112 106 94
-3.460726 1.473439 11.309500 178 160 150
-3.438232 3.948672 11.577802 185 179 165
-3.524325 -5.229279 10.996169 84 82 67
-3.455455 4.655410 11.909819 174 170 158
-3.424900 -0.180294 10.953588 198 199 185
-3.409420 2.766192 11.348763 194 195 187
-3.505538 -4.569918 11.107559 148 150 139
-3.415598 2.185638 11.374915 190 200 189
-3.414543 -1.940138 10.771918 196 202 188
-3.346756 1.428047 10.716094 182 162 151
-3.463721 -2.750501 11.264271 83 79 68
-3.382356 -1.459339 10.704975 176 166 156
-3.421357 -2.782728 11.027227 163 160 153
-3.352082 -1.399457 10.624548 113 111 98
-3.336312 4.570872 11.536291 115 108 98
-3.326177 -0.716507 10.495584 196 200 186
-3.329062 -0.718051 10.529762 196 200 186
-3.325439 -0.618092 10.624614 207 204 189
-3.291198 1.644501 10.745275 163 141 127
-3.390938 -4.076166 10.817449 172 172 164
-3.298781 -0.205916 10.536249 104 105 91
-3.296466 0.473066 10.654756 200 194 182
-3.296466 0.473066 10.654756 200 194 182
-3.385922 -4.088820 10.809968 173 173 165
-3.276361 2.750933 10.939505 189 197 184
-3.241203 2.016194 10.458169 82 82 70
-3.241203 2.016194 10.458169 82 82 70
-3.249740 7.596595 11.605296 172 176 161
-3.280001 5.266976 11.529855 177 179 165
-3.281373 0.929763 10.738921 86 80 68
-3.361073 -3.420489 10.864825 171 158 150
-3.291058 -1.352927 10.555676 199 205 191
-3.285562 -1.389303 10.496902 170 166 154
-3.260329 4.591969 11.414697 89 89 79
-3.270680 0.324405 10.779603 185 163 152
-3.260218 5.378823 11.671567 175 177 163
-3.261487 1.008026 10.898980 201 205 190
-3.227873 2.065567 10.765228 210 204 188
-3.213698 6.989535 11.625174 96 102 88
-3.228035 3.336847 11.108059 193 183 173
-3.216251 3.994060 11.165033 122 113 98
-3.298964 -3.261234 10.732734 157 158 144
-3.230475 3.497413 11.308393 191 191 179
-3.182343 3.962926 10.920927 183 182 164
-3.290767 -3.931685 10.575648 101 98 89
-3.290767 -3.931685 10.575648 101 98 89
-3.249420 -2.063431 10.464145 178 165 157
-3.216939 -0.712879 10.370774 195 193 181
-3.185153 3.318897 10.841707 122 122 110
-3.187203 4.011625 11.028969 183 182 164
-3.224540 -1.383419 10.390389 117 113 101
-3.185574 -0.213065 10.262850 206 208 194
-3.207468 0.980539 10.790183 89 100 86
-3.207468 0.980539 10.790183 89 100 86
-3.202232 1.013948 10.734690 195 197 183
-3.141516 2.647644 10.429219 91 81 71
-3.170790 -0.117268 10.292594 201 207 197
-3.263834 -2.733271 10.854547 90 86 75
-3.151804 2.773163 10.720622 189 190 184
-3.129696 3.323410 10.707243 104 106 93
-3.129696 3.323410 10.707243 104 106 93
-3.167792 -0.376614 10.366929 210 208 193
-3.215867 -3.823502 10.279586 85 95 84
-3.231990 -4.013939 10.417633 182 178 167
-3.160220 -0.176216 10.410156 84 86 75
-3.160220 -0.176216 10.410156 84 86 75
-3.163607 0.995280 10.713730 77 79 66
-3.163607 0.995280 10.713730 77 79 66
-3.158892 -1.293619 10.164377 193 206 189
-3.168760 -1.126682 10.392805 187 178 169
-3.165679 -1.347373 10.297922 177 183 169
-3.097343 4.519914 10.810551 141 145 130
-3.116989 1.725590 10.505773 217 226 205
-3.116989 1.725590 10.505773 217 226 205
-3.200840 -3.350621 10.449055 185 176 167
-3.128768 2.242781 10.800399 190 196 186
-3.094690 2.957917 10.556536 202 200 185
-3.198970 -4.592443 10.273919 168 155 147
-3.080456 4.481207 10.958459 177 170 151
-3.112272 -0.204352 10.363054 201 202 188
-3.096448 -0.684414 10.085719 188 194 180
-3.146854 -2.735251 10.326960 188 180 169
-3.016613 6.622695 10.886315 179 183 166
-3.158929 -3.928921 10.294691 88 92 77
-3.081971 1.351495 10.583656 194 180 167
-3.081971 1.351495 10.583656 194 180 167
-3.024677 3.302620 10.370951 92 93 77
-3.046879 1.583346 10.278728 198 204 194
-3.057175 2.150749 10.565524 213 216 197
-3.135804 -3.617526 10.338196 170 163 153
-3.121096 -3.192287 10.300343 180 180 168
-3.081728 -2.017545 10.099521 183 170 161
-3.032753 0.958170 10.247962 197 180 164
-3.120327 -3.441579 10.425201 169 165 154
-3.086217 -3.710459 9.920050 170 177 169
-3.039991 -1.279974 9.990970 197 203 189
-2.996557 1.513432 10.183631 170 151 137
-2.975837 3.298405 10.364021 198 189 172
-3.025879 -0.191864 10.167054 200 196 184
-3.011855 0.792080 10.248693 206 197 180
-3.017822 -0.040157 10.109654 207 189 177
-3.020309 0.029298 10.187642 201 182 168
-2.932992 6.916344 10.848927 173 175 161
-2.980606 2.811937 10.390486 187 198 184
-3.008536 0.379110 10.156375 177 161 148
-3.000954 0.573916 10.143988 198 192 178
-2.984923 1.799068 10.263122 200 196 184
-3.010166 0.076319 10.175349 216 203 187
-3.085029 -4.404131 10.024520 158 164 150
-3.004755 0.231883 10.165470 193 175 161
-3.003020 -0.669884 9.935252 180 186 172
-2.962437 4.213147 10.720685 186 175 155
-2.999408 0.180976 10.142812 140 124 109
-2.957125 4.122271 10.667896 171 172 156
-2.981308 1.154337 10.291865 146 128 114
-2.970217 1.936928 10.349776 205 202 185
-2.970217 1.936928 10.349776 205 202 185
-2.993884 0.007295 10.154319 144 125 108
-2.934398 4.739857 10.731248 180 186 176
-2.938122 2.985823 10.275563 114 94 85
-2.942534 3.117826 10.384881 120 101 94
-2.932217 3.851697 10.449124 128 110 96
-2.934884 4.453678 10.696263 119 116 99
-2.939745 2.875145 10.338256 138 118 109
-2.940627 2.829577 10.347494 172 178 166
-2.887554 7.114576 10.810212 175 183 172
-2.904138 6.602750 10.929780 176 182 170
-2.925857 3.196248 10.253255 131 113 103
-2.955660 0.896964 10.048803 127 91 79
-3.006576 -1.905218 10.023885 178 181 172
-2.964396 0.789528 10.219379 132 105 94
-2.920617 5.426554 10.921704 168 165 158
-2.917585 2.759665 10.250965 63 56 50
-3.030079 -3.876007 10.110873 56 57 49
-2.938896 1.757372 10.367271 123 106 98
-2.925249 2.039586 10.247411 124 116 105
-2.957573 -0.155635 10.157620 80 77 68
-2.862461 5.713892 10.475262 64 64 52
-2.950060 1.028734 10.443958 90 78 62
-2.879773 5.243237 10.634519 62 63 55
-2.879773 5.243237 10.634519 62 63 55
-2.967790 -1.344883 10.015308 57 52 46
-2.895844 3.378373 10.333020 66 63 56
-2.954133 -1.164776 9.866784 197 191 179
-2.941646 2.127833 10.751715 124 116 105
-3.012358 -3.357391 10.278007 155 152 143
-2.875592 4.637995 10.589586 68 72 58
-2.875592 4.637995 10.589586 68 72 58
-2.945449 -1.643044 9.963329 138 121 114
-2.988415 -3.224614 10.272976 172 177 170
-3.011114 -4.063917 10.384892 139 132 126
-2.840327 5.125151 10.539177 163 159 147
-2.913262 0.672823 10.336683 136 117 110
-2.852206 3.427086 10.270029 167 159 146
-2.803469 6.508719 10.766944 134 141 133
-2.886897 1.076532 10.458271 174 171 156
-2.935789 -2.735604 10.333317 137 128 123
-2.952568 -4.571216 10.129313 126 126 116
-2.761402 5.136388 10.583809 166 164 151
-2.839257 -2.041087 10.132631 173 174 158
-2.817851 -0.809308 10.225418 156 145 141
-2.701794 4.918878 10.877971 160 161 147
-2.777251 -0.692827 10.207347 172 178 168
-2.743452 0.985120 10.626595 141 123 113
-2.710969 0.383245 10.357409 155 149 137
-2.697274 1.110338 10.497849 185 194 177
-2.605814 5.957804 10.882257 135 135 125
-2.735095 -0.705247 10.523532 167 170 161
-2.717292 -3.275125 10.468677 154 157 150
-2.531885 5.955636 10.938874 122 122 114
-2.627014 -0.701247 10.277695 160 166 156
-2.637676 -1.985965 10.026164 160 159 141
-2.555593 0.356809 10.382694 153 144 137
-2.659368 -4.769758 10.495629 145 149 132
-2.456037 3.725050 10.744433 152 145 129
-2.502805 0.055667 10.502828 182 174 163
-2.448659 2.261535 10.749578 165 165 155
-2.565410 -3.853253 9.846614 149 146 141
-2.558584 -4.022539 10.239036 147 144 139
-2.473933 -0.227140 10.360484 136 127 122
-2.471907 -0.563673 10.643213 126 115 111
-2.402650 -0.128592 10.453125 155 155 143
-2.469252 -3.589930 10.288479 134 132 120
-2.386142 -0.845693 10.494276 142 132 122
-2.164887 7.326293 11.390773 121 122 114
-2.247883 3.796088 10.548980 169 164 145
-2.242058 3.700720 10.644560 164 158 142
-2.394166 -3.382718 10.444147 129 120 113
-2.223940 3.784214 10.689379 152 149 132
-2.290361 0.457787 10.718015 157 159 148
-2.187389 4.576137 10.706854 54 46 35
-2.355149 -2.428847 10.088322 155 157 143
-2.381989 -3.574509 10.134959 147 144 135
-2.379884 -3.602231 10.203238 147 144 135
-2.347118 -2.367554 10.218309 164 166 152
-2.276901 0.176398 10.703842 160 151 144
-2.214025 2.800005 10.842972 52 48 39
-2.169274 4.674940 10.822546 47 53 41
-2.345886 -2.636509 10.617927 151 157 143
-2.303716 -0.922061 10.467051 149 139 129
-2.135241 5.879740 11.024113 47 40 32
-2.278841 -0.061773 10.773205 162 158 149
-2.335808 -2.318988 10.352113 171 174 163
-2.283385 -0.261520 10.622593 140 129 125
-2.088849 7.542893 10.951830 116 126 117
-2.363739 -3.937985 10.419636 48 49 43
-2.086472 7.455518 10.966612 126 129 120
-2.202354 2.236346 10.917608 46 47 41
-2.202354 2.236346 10.917608 46 47 41
-2.229403 1.041609 10.930700 47 48 42
-2.229403 1.041609 10.930700 47 48 42
-2.092069 6.865843 10.723517 124 126 115
-2.321129 -2.510575 10.253703 78 81 72
-2.192662 2.371710 10.895602 52 45 35
-2.099641 6.209656 10.789073 127 120 110
-2.248926 -0.189231 10.684782 50 52 47
-2.323606 -3.412168 10.518883 33 32 27
-2.361112 -4.825112 10.270282 135 135 123
-2.149850 3.760092 10.801619 154 150 139
-2.268869 -1.197947 10.435794 64 64 54
-2.094615 5.793876 10.769314 128 134 124
-2.195338 1.147963 11.094419 165 169 155
-2.048240 7.400512 10.820257 62 65 58
-2.156445 2.841658 10.883136 148 159 151
-2.130281 3.897295 10.756297 139 133 119
-2.130281 3.897295 10.756297 139 133 119
-2.158069 2.556404 10.876004 156 154 141
-2.189096 1.193283 10.938767 174 174 162
-2.157838 2.506579 10.889938 152 150 138
-2.290316 -2.497741 10.068830 160 165 158
-2.174933 2.068881 10.412674 122 108 99
-2.174471 1.644732 10.953215 158 174 163
-2.174471 1.644732 10.953215 158 174 163
-2.285621 -2.464561 10.171693 164 165 159
-2.212440 -0.051846 10.825130 175 166 157
-2.209859 0.008113 10.909699 177 170 162
-2.208584 0.072201 10.800855 171 162 153
-2.160471 2.196834 10.605893 160 162 151
-2.269035 -2.056724 10.261818 173 174 168
-2.335545 -4.977645 10.264636 37 43 31
-2.192328 0.346697 10.857930 158 152 140
-2.239494 -1.307841 10.391460 178 180 169
-2.172745 1.076018 10.822525 161 164 153
-2.235922 -1.321898 10.490566 178 180 169
-2.232183 -1.183994 10.402679 176 179 170
-2.184077 0.235372 10.787318 174 165 156
-2.261286 -3.258918 10.428661 134 142 131
-2.163511 0.202712 10.754441 108 95 87
-2.089978 2.803871 10.913109 54 54 44
-2.290528 -4.947494 10.283013 133 130 123
-2.099348 1.657114 11.329592 59 59 51
-2.255108 -4.621858 10.544544 111 122 114
-2.147361 -0.723493 10.503880 161 169 158
-2.185600 -3.389740 10.675767 47 48 40
-1.902780 7.531732 10.990955 115 125 114
-2.164833 -3.239810 10.464412 140 146 136
-2.366663 0.068469 1.479225 93 96 89
-1.974373 3.400402 11.082941 136 114 101
-2.054435 0.328669 10.679821 129 112 102
-1.833457 7.527010 11.021338 53 59 49
-1.833457 7.527010 11.021338 53 59 49
-2.061132 -1.278102 10.499972 166 161 155
-1.879017 4.642425 10.902386 129 135 123
-1.737326 7.667937 11.226709 106 109 100
-2.087333 -4.659829 10.366847 107 102 96
-1.857438 2.652078 10.667208 126 108 98
-1.929542 -0.271837 10.655624 148 134 131
-1.648047 7.693216 11.300393 121 121 111
-1.784905 1.677240 11.352067 155 152 145
-1.720142 0.440452 11.075048 145 153 140
-1.872713 -3.859103 10.467190 123 128 121
-1.796382 -4.431280 10.858759 109 105 102
-1.453510 5.645177 11.013796 123 110 101
-1.509668 2.358799 11.447019 119 112 102
-1.520918 2.361780 11.269581 182 175 165
-1.446004 5.185183 11.076545 128 130 119
-1.576369 -0.355901 11.254243 159 135 123
-1.576369 -0.355901 11.254243 159 135 123
-1.440644 4.095459 11.402640 42 43 29
-1.473707 3.372192 11.234542 123 101 90
-1.569516 -0.103703 11.144189 99 92 84
-1.376547 6.715666 11.136905 50 46 35
-1.388886 6.286251 11.079130 53 43 34
-1.437724 5.030164 10.845578 42 39 30
-1.344275 5.983896 11.604275 47 45 33
-1.386057 5.450366 11.146334 47 38 29
-1.426800 3.351087 11.341870 123 100 92
-1.463399 2.287291 11.225264 115 111 102
-1.499197 0.451157 11.330750 81 84 77
-1.408407 3.994074 11.202427 46 46 34
-1.311663 6.908781 11.331374 119 116 107
-1.362981 5.407118 11.138915 132 119 110
-1.284790 7.536600 11.311946 50 48 36
-1.418111 2.206445 11.480095 47 43 34
-1.339687 5.686307 11.235507 146 136 126
-1.437342 0.877759 11.571054 142 129 120
-1.374530 4.109000 11.022929 146 136 127
-1.381284 1.651262 11.728102 46 39 31
-1.709877 -4.892986 10.077466 101 112 106
-1.415675 0.529389 11.505283 53 50 45
-1.644446 -3.912651 10.260653 107 97 95
-1.371707 2.213910 11.308061 152 164 152
-1.471533 -0.837174 11.102234 29 29 19
-1.466595 -0.787032 11.086406 35 32 23
-1.350277 1.698089 11.553096 135 135 125
-1.380011 0.498682 11.552688 175 172 167
-1.514219 -1.935775 10.853703 142 133 126
-1.564731 -2.746424 10.537621 111 101 91
-1.538133 -2.590030 10.485171 137 143 133
-1.394513 -0.442111 11.282037 183 175 164
-1.333195 1.013210 11.435437 151 162 148
-1.302592 2.193973 11.382586 53 46 36
-1.408241 -0.815474 11.184193 177 177 167
-1.277066 3.368071 11.241185 52 43 38
-1.374620 -0.948380 11.518280 128 113 108
-1.494579 -2.674745 10.683960 31 39 28
-1.432275 -1.401826 10.812964 155 155 143
-1.432275 -1.401826 10.812964 155 155 143
-1.450409 -1.953950 10.645885 151 161 150
-1.295411 -0.269389 11.371260 60 51 42
-1.499331 -4.127189 10.475765 126 119 111
-1.489781 -4.247757 10.574606 117 109 106
-1.391688 -1.933523 10.792963 107 103 94
-1.508021 -4.317386 10.245251 114 124 116
-1.462978 -4.498405 10.630307 114 124 116
-1.345744 -3.590399 10.997206 117 116 114
-0.945031 7.610113 11.528211 112 108 99
-1.178165 -1.984540 10.901361 139 145 135
-0.850665 5.861448 11.509436 120 127 119
-0.828826 6.386882 11.447500 122 128 116
-1.222068 -3.246035 10.684076 121 124 115
-0.787451 7.441266 11.365677 106 105 100
-0.766123 7.331337 11.259690 45 47 36
-0.766123 7.331337 11.259690 45 47 36
-0.991794 -2.057200 11.117782 129 135 125
-0.773757 3.851800 11.043170 134 134 124
-0.598736 7.385121 11.445078 51 47 38
-0.595971 6.923734 11.527790 42 42 30
-0.625855 5.816072 11.532038 126 129 122
-0.636216 6.197523 11.251196 121 118 109
-0.682166 4.954938 11.152493 115 101 90
-0.660654 4.561600 11.338634 132 138 128
-0.526904 7.343431 11.482498 121 117 108
-0.630983 2.251631 11.823026 134 142 131
-0.597913 5.648128 11.317265 45 41 30
-0.666624 0.893663 11.854239 106 94 80
-0.684119 4.863982 10.901724 30 30 20
-0.501029 6.977516 11.613176 124 121 112
-0.609880 4.580985 11.399808 31 37 25
-0.775761 -1.497992 11.482486 133 136 127
-0.536221 6.151962 11.398721 125 118 112
-0.618577 3.374105 11.373332 45 43 31
-0.588696 2.226109 11.783610 29 37 26
-0.731219 -0.944959 11.474831 103 83 76
-0.586064 3.799373 11.356152 141 137 125
-0.507150 4.656671 11.623844 132 138 124
-0.546866 5.560860 11.116701 123 120 111
-0.537377 2.526316 11.773799 148 141 131
-0.527150 3.428584 11.605201 142 148 138
-0.545403 2.247329 11.710818 146 146 136
-0.461350 6.174094 11.421397 113 100 91
-0.483513 2.263520 12.058928 148 151 142
-0.491134 1.626926 11.977339 147 152 145
-0.579548 -0.228496 11.790176 130 131 125
-0.495201 1.041704 11.962321 158 162 148
-0.668029 -1.377039 11.322616 135 131 128
-0.754000 -2.298315 10.967210 124 111 103
-0.448502 4.422220 11.377721 109 91 81
-0.757187 -2.338996 10.886405 122 109 101
-0.591374 -0.934204 11.563058 47 40 34
-0.716954 -2.104110 11.029758 36 36 28
-0.777300 -3.451471 10.922086 123 121 109
-0.818697 -3.647245 10.694469 128 126 114
-0.313418 2.963940 12.280354 147 151 136
-0.765066 -3.843003 10.962882 106 101 95
-0.464886 4.328788 11.062915 33 26 20
-0.761165 -2.490133 10.635253 55 50 44
-0.585698 -1.451656 11.398522 168 170 159
-0.560846 -1.392961 11.519914 157 150 144
-0.751106 -3.665656 10.836844 33 35 22
-0.534764 -0.986592 11.558558 135 128 122
-0.508004 -0.905916 11.672738 138 141 132
-0.373135 3.173609 11.593796 143 121 107
-0.374804 3.175687 11.583399 143 121 107
-0.214593 7.467681 11.662366 50 50 40
-0.342787 3.063581 11.760989 136 115 98
-0.697226 -2.643979 10.869417 133 136 127
-0.615148 -2.116064 11.189825 103 109 99
-0.713533 -3.416436 10.845849 151 153 142
-0.203637 7.578914 11.595719 51 46 40
-0.203637 7.578914 11.595719 51 46 40
-0.607706 -2.068566 11.159065 123 133 122
-0.713022 -3.307811 10.788215 86 87 79
-0.340409 0.253946 12.137674 113 100 91
-0.711566 -3.823380 10.850883 150 153 142
-0.550566 -1.577683 11.309519 110 99 95
-0.189122 7.523313 11.454394 107 103 94
-0.777828 -4.983727 10.588108 20 17 12
-0.709829 -3.814848 10.692869 117 123 113
-0.145947 7.394644 11.633072 60 53 43
-0.399698 -0.995255 11.730170 125 110 107
-0.254163 3.273113 11.724787 144 122 108
-0.718966 -4.631248 10.696712 113 110 103
-0.256944 1.518399 11.993659 132 120 108
-0.697640 -5.040797 10.773293 107 108 100
-0.707764 -5.074086 10.652917 99 101 98
-0.451204 -2.190018 11.417786 36 33 26
-0.580416 -3.246836 10.709702 41 47 37
-0.294195 -0.855338 11.660424 144 150 136
-0.630511 -5.152139 10.677941 22 21 16
-0.194224 -1.048678 12.061479 120 104 104
-0.393196 -2.220270 11.170937 108 97 93
-0.201829 -1.711394 11.831781 111 104 98
-0.294584 -1.635040 11.348958 126 119 113
-0.111047 -1.047562 11.977602 123 109 108
0.113135 6.096444 11.599884 117 97 86
0.076870 1.506732 12.137658 126 109 99
0.202651 6.778152 11.761108 41 37 26
0.242918 6.748549 11.887221 45 41 32
0.226259 6.303625 11.853143 37 27 26
0.226259 6.303625 11.853143 37 27 26
0.062341 4.891364 11.323041 38 31 21
0.062341 4.891364 11.323041 38 31 21
-0.296177 -3.298169 11.001539 106 113 106
-0.406877 -5.227321 10.746475 90 88 76
0.174121 6.417479 11.452103 112 108 96
0.141398 4.417765 11.595858 36 37 29
0.344134 7.547079 11.989046 114 117 108
0.165190 5.463391 11.519805 130 115 108
0.021787 0.214806 11.721187 116 96 85
0.141535 5.050531 11.458871 125 115 105
0.272646 6.695065 11.767209 118 116 104
0.203183 5.220384 11.648769 126 112 99
0.303937 7.261176 11.620165 48 48 38
-0.248278 -4.578855 11.040342 94 100 96
-0.196606 -3.283673 10.994325 108 118 110
0.117508 -0.410642 11.875553 111 88 80
-0.051929 -2.246480 11.426894 111 113 108
0.514544 7.728909 12.222371 107 108 102
0.222857 0.750956 12.078189 135 121 112
0.167628 -0.533932 11.975786 114 95 88
0.250927 1.573525 11.994592 140 150 141
0.290310 0.211378 12.314575 117 99 89
0.039373 -1.646839 11.529523 104 96 93
0.316777 2.077511 12.114283 143 143 131
0.219162 0.289442 11.925012 30 33 22
-0.285007 -4.507342 10.480234 58 54 43
-0.234557 -4.608328 10.692695 58 54 43
0.202352 -0.897096 11.919191 11 12 6
0.202352 -0.897096 11.919191 11 12 6
0.295068 2.088969 11.841621 31 33 22
0.295068 2.088969 11.841621 31 33 22
0.256921 0.362446 11.939837 147 149 136
0.271603 0.482472 11.977963 147 143 134
0.184953 -0.728294 11.798500 32 25 19
0.117490 -1.655151 11.641340 108 100 97
0.297617 0.596206 12.045086 146 148 137
-0.176617 -4.966032 10.916559 49 42 36
0.150383 -2.166575 11.585422 21 24 17
0.350100 0.798916 11.903113 134 120 111
0.177721 -1.633092 11.565414 149 152 145
0.179065 -1.509269 11.537816 129 137 126
-0.067711 -4.566515 10.907770 9 6 1
0.646745 7.339557 11.933862 40 36 25
0.252516 -1.697131 11.666862 109 116 108
0.067694 -3.247275 11.126705 62 65 58
0.185328 -2.252627 11.396273 107 102 99
0.480558 2.022494 11.901125 135 127 116
0.132573 -2.907419 11.246352 132 133 127
0.116445 -2.715434 11.132328 99 109 100
0.327160 -1.595567 11.773476 27 27 19
0.076305 -3.277070 11.040905 117 127 118
0.131631 -3.199497 11.233788 119 118 113
0.631999 6.491344 11.594155 101 90 84
0.097897 -3.985894 11.096850 13 16 7
0.468153 -0.345580 11.968156 27 27 17
0.815191 7.376111 12.060431 58 51 43
0.318975 -1.950438 11.549247 111 124 115
0.091256 -4.266400 10.914151 103 100 93
0.312750 -1.834018 11.372205 139 154 149
0.068109 -5.285086 10.954368 61 58 53
0.469641 -0.444120 11.709158 126 109 102
0.229519 -2.775862 11.144183 27 22 16
0.507610 0.162691 11.720333 108 90 78
0.075387 -5.115244 10.878002 65 65 63
0.938335 5.833593 12.475828 114 104 94
0.897849 8.383963 11.928051 60 66 64
0.279649 -3.315349 11.157596 102 109 101
0.409926 -2.096639 11.369650 108 109 104
0.969764 7.142515 12.040018 57 48 41
0.980914 7.289781 11.922411 122 125 116
0.844034 4.413239 11.828143 124 132 121
0.686365 -0.245567 11.867864 128 128 116
0.913326 5.511456 11.807703 36 32 23
0.797772 4.768716 11.496315 37 37 29
1.073224 6.868042 12.170113 119 122 115
0.839043 2.527634 11.841059 117 99 87
0.658319 -1.655435 11.759189 112 99 91
0.960349 4.530104 11.923422 136 133 124
0.494461 -2.733415 11.309905 96 103 95
0.783762 1.982229 11.609849 34 35 27
0.334875 -4.442299 10.942093 88 95 87
1.076427 2.211804 12.548042 125 126 118
0.310417 -4.381117 10.822268 82 89 81
0.764573 3.515119 11.253341 115 117 104
0.951881 3.535723 11.858119 124 120 117
1.147807 3.889087 12.448604 115 117 104
0.942694 2.100076 11.929128 143 146 139
0.725474 -2.143531 11.776587 112 111 106
0.378497 -4.638274 10.947034 100 93 83
0.893292 2.487913 11.690372 122 122 114
0.893292 2.487913 11.690372 122 122 114
0.988324 2.211486 12.045507 141 138 129
0.921091 1.411687 11.910622 30 36 26
0.860752 0.842300 11.781021 28 29 21
0.857326 -0.099727 11.748787 137 129 118
0.841541 -1.080033 11.818330 138 136 124
0.975532 0.222332 12.031296 22 23 15
0.985746 0.891282 11.965958 139 145 135
0.900057 -0.266545 11.778016 88 98 90
0.968071 1.385918 11.750261 32 32 24
1.083631 5.273524 11.571398 106 96 87
1.461035 7.507393 12.429026 118 126 115
0.958843 -0.317885 11.843002 129 139 131
1.607063 7.771287 12.847147 118 126 115
1.002365 -0.416790 11.899656 101 84 77
1.015169 0.062906 11.860789 101 89 77
1.441626 7.298427 12.206303 43 46 37
1.556304 7.540779 12.508603 46 51 44
0.946043 -0.931346 11.693402 115 120 113
0.589693 -3.256994 10.836517 21 21 13
0.782226 -2.276607 11.298365 96 99 92
1.339406 5.535771 12.018048 113 106 98
0.843782 -2.796461 11.565988 86 96 87
1.433566 7.646478 12.008802 108 111 104
1.021606 -1.555030 11.895048 123 126 117
0.772404 -2.562971 11.243723 101 107 97
0.837535 -2.911967 11.461064 92 87 81
1.463641 7.219068 12.025407 110 117 109
0.918788 -2.265213 11.476014 115 115 107
0.741116 -4.430169 11.203164 95 90 84
0.741116 -4.430169 11.203164 95 90 84
0.750797 -4.628533 11.218683 15 14 9
1.375639 5.328371 11.810724 115 99 86
0.886917 -2.071387 11.276039 102 108 98
1.549312 6.169581 12.208926 121 118 111
0.910901 -2.720414 11.418702 104 116 106
1.425545 4.347044 11.984876 113 120 113
0.928819 -3.436577 11.424490 23 24 16
0.811034 -4.661680 11.143466 83 78 74
0.637938 -5.738459 10.768902 61 56 50
0.637938 -5.738459 10.768902 61 56 50
1.714415 5.624677 12.491883 109 95 84
1.744525 6.656075 12.367804 106 96 87
1.716999 6.192678 12.309347 123 126 115
1.374918 0.759736 11.984562 103 90 82
1.257933 1.884055 11.476845 18 20 7
1.257933 1.884055 11.476845 18 20 7
1.373143 3.548174 11.525747 36 29 21
1.768061 6.247845 12.326324 68 59 50
1.462946 4.095654 11.686438 99 84 77
1.697465 6.364388 12.080713 52 39 30
1.454182 4.661662 11.561068 38 31 25
1.454182 4.661662 11.561068 38 31 25
1.456056 3.629654 11.629406 122 132 124
1.631188 5.275625 11.919266 121 121 111
1.825626 6.599183 12.306877 114 107 97
1.666574 5.231889 12.005244 128 124 112
1.675776 5.429925 12.001948 124 130 118
0.896905 -4.492086 11.006671 11 13 8
1.644459 4.251910 12.016042 27 22 16
1.045763 -3.306646 11.244594 84 89 83
1.543467 2.584746 11.910257 125 128 119
2.048317 7.520827 12.716193 111 117 107
1.461580 3.546275 11.513503 25 25 15
1.563668 3.663782 11.771777 16 18 7
1.351180 2.385025 11.264924 31 31 23
1.351180 2.385025 11.264924 31 31 23
1.946003 7.223834 12.330873 42 44 33
1.661834 4.164284 11.905353 123 116 108
2.032566 8.041888 12.460123 114 117 110
1.475779 2.873722 11.497194 41 29 17
1.620665 3.659590 11.754793 115 118 109
1.856276 4.356481 12.299987 19 22 13
1.637920 3.078279 11.808165 116 128 114
1.594594 2.929354 11.671164 105 96 87
1.467610 1.782127 11.427944 125 125 117
1.375832 0.728968 11.255502 30 25 19
1.398447 -2.797840 11.717200 85 95 87
1.243188 1.182099 10.778778 100 94 82
1.518915 0.766278 11.481445 127 131 130
1.562626 0.592889 11.609066 120 123 116
1.083305 -5.850691 11.113652 63 59 47
1.583358 2.834409 11.373583 101 92 87
1.548244 -0.981793 11.698526 32 29 22
2.533099 7.196362 13.326427 105 113 102
1.427626 -1.614544 11.406954 93 78 73
1.572995 -0.618470 11.609043 127 127 119
1.504966 -0.906923 11.433988 119 120 112
6.831049 13.088838 23.806494 105 113 102
1.570606 -1.696827 11.631502 26 15 9
1.643995 -2.115962 11.662338 111 110 105
1.679835 -1.665918 11.638015 100 81 77
2.280034 7.006587 12.155037 121 127 117
2.090587 6.235315 11.727530 106 112 102
1.691151 -3.378811 11.809213 29 28 23
2.447615 7.136954 12.479168 43 46 37
1.752681 -2.982460 11.859724 102 101 96
2.344935 6.476480 12.243672 33 33 25
2.383846 6.572699 12.309147 46 49 38
1.896293 -1.658973 12.002804 20 17 10
2.543758 7.133776 12.572395 118 119 111
2.216365 5.254713 11.921155 129 130 124
2.072567 4.079503 11.655778 119 121 110
2.477720 6.555810 12.376189 100 103 94
1.737662 -2.133056 11.495571 93 96 87
1.537364 -5.416275 11.396623 14 10 1
1.537364 -5.416275 11.396623 14 10 1
1.866289 2.261978 11.292435 107 101 89
1.721501 -4.258884 11.693432 78 69 64
1.512415 -4.438812 11.180431 65 64 59
2.535590 7.559389 12.291695 117 115 102
2.296172 5.217083 11.966709 39 39 31
2.296172 5.217083 11.966709 39 39 31
2.343666 5.591645 12.036706 57 46 42
2.358634 4.660295 12.176766 55 46 37
1.871760 -2.018746 11.717706 97 92 86
1.937178 -2.836014 11.958275 82 89 81
2.377997 5.701439 12.035555 102 92 83
2.347920 4.745519 12.061409 119 126 118
1.625752 -5.951904 11.547961 5 1 0
1.956313 2.876399 11.304881 110 113 104
1.535305 -5.375081 11.244929 78 74 62
2.115507 3.435265 11.597856 27 24 17
1.467311 -5.572199 11.038972 66 64 51
1.966378 -2.319871 11.816381 79 70 61
2.170881 3.385209 11.608340 109 95 86
2.229659 3.517748 11.727999 113 116 109
1.982274 -2.242092 11.789400 13 15 4
1.932630 1.141572 11.247773 104 101 92
2.034228 2.223606 11.369506 42 40 28
2.083808 0.750341 11.653791 121 123 112
1.918569 0.096170 11.322629 99 89 80
1.820165 1.698038 10.902807 24 25 17
2.394026 3.551203 11.999351 23 19 10
2.076349 2.197238 11.390178 143 145 132
2.786577 7.998718 12.408661 139 142 135
2.786577 7.998718 12.408661 139 142 135
2.127413 1.818632 11.456195 122 119 112
2.094753 1.151736 11.362897 129 132 115
2.042506 0.735239 11.278238 121 129 118
3.077815 8.200686 12.856496 60 67 60
2.009491 0.828818 11.167858 142 148 136
2.768454 5.818189 12.374736 106 101 97
2.189736 -2.207509 11.927289 88 94 84
2.145894 -0.430089 11.558731 20 17 12
2.952775 7.086621 12.576095 40 46 36
2.065412 -1.495132 11.385898 89 89 81
2.141513 -0.361134 11.394518 104 110 100
2.172852 -1.019199 11.528156 35 28 22
3.202980 7.247258 12.888153 120 126 116
2.225155 -3.403959 11.839996 64 65 57
2.259309 -1.504219 11.685142 26 21 15
2.392531 -2.374023 12.048543 84 76 73
2.262125 -1.096885 11.594028 134 130 119
2.198353 -3.522008 11.699655 71 64 58
2.323413 -1.308458 11.707498 116 107 98
2.283247 -1.520303 11.632861 98 95 88
2.455525 -2.490781 12.011241 26 23 14
2.538990 -2.627186 12.178405 35 28 18
2.665020 4.864859 11.570825 36 33 24
3.173091 5.878906 12.566778 26 29 22
2.355024 -3.955527 11.850888 20 15 9
2.534384 -2.637288 12.085599 86 79 69
2.297174 -2.720580 11.578011 87 90 81
3.218682 6.022944 12.618393 81 71 62
2.376508 -1.683530 11.603157 83 76 66
2.893173 3.986727 12.084061 101 93 82
2.428567 -3.575505 11.900066 97 93 84
3.166972 4.762521 12.561669 29 24 18
3.427600 5.563310 13.040009 112 113 105
3.257649 4.985651 12.727048 33 33 23
3.491345 5.520150 13.166244 112 112 102
3.296839 5.968956 12.634866 112 113 105
3.352717 6.023493 12.748220 112 113 105
2.745303 3.311882 11.663013 97 84 78
3.062520 4.110040 12.256166 121 124 113
3.062520 4.110040 12.256166 121 124 113
2.975259 3.947546 12.068521 103 101 89
3.078836 3.704572 12.265105 111 102 93
2.323973 -4.664822 11.554789 61 52 45
3.129629 4.068404 12.270937 13 10 1
2.477124 1.520115 11.031328 33 26 18
2.430701 0.595814 10.912789 25 22 15
2.553291 1.190832 11.085206 132 132 122
2.731351 1.106678 11.423356 94 84 75
3.577997 6.626904 12.352100 102 99 92
3.994056 7.045004 12.955811 115 118 111
3.882053 6.818521 12.744496 98 98 90
2.668150 -3.822871 11.422015 58 55 48
3.179921 -1.737972 12.166285 94 87 77
3.610214 5.364163 12.274238 129 122 112
3.757366 6.686190 12.403920 46 49 40
4.316886 7.420583 13.415120 53 54 48
4.119917 5.512260 13.206980 116 122 110
4.152125 4.876636 13.322450 92 82 72
4.154814 5.883621 13.176388 46 43 34
2.770631 0.518121 10.919700 102 89 80
4.633984 6.301360 13.909671 44 44 36
4.128473 4.389253 13.127236 45 35 25
4.038470 6.300826 12.673579 112 118 108
3.226574 -0.442443 11.810337 90 93 84
3.971391 4.193736 12.754468 117 114 105
3.450261 2.771496 11.868378 20 21 16
4.509685 4.977812 13.613987 20 20 10
3.762111 3.320489 12.306978 111 98 90
3.762111 3.320489 12.306978 111 98 90
2.840394 0.969610 10.795535 98 88 78
3.667111 2.984236 12.142847 117 111 99
3.369757 2.622384 11.609138 97 82 75
3.604862 -1.053548 12.394684 80 83 74
3.309396 1.042993 11.606673 98 90 79
3.354694 2.107216 11.553339 92 94 80
3.267522 0.983009 11.428301 34 26 15
3.267522 0.983009 11.428301 34 26 15
3.272741 1.046493 11.385421 103 100 93
3.272741 1.046493 11.385421 103 100 93
3.195585 0.631162 11.242296 113 115 104
3.619321 -0.188341 11.950206 99 86 78
4.165617 5.483766 12.365877 41 38 31
4.944306 6.086010 13.597732 118 119 113
4.288204 4.977675 12.479813 34 31 24
4.413866 5.576144 12.600944 38 35 28
4.413866 5.576144 12.600944 38 35 28
3.762837 -3.544423 12.364442 7 4 0
4.990430 6.155593 13.568759 46 48 37
3.987912 -1.672847 12.513179 75 75 67
4.384437 3.909933 12.619534 89 78 72
4.615724 5.647228 12.828826 37 37 29
3.992938 -1.782526 12.472798 80 73 65
5.141452 4.187592 13.724418 104 91 85
5.217312 4.374959 13.810148 113 118 112
3.743702 -3.492906 12.028799 75 68 60
5.660589 3.994024 14.518729 110 110 102
4.428780 3.853014 12.384393 25 30 23
4.691791 2.340187 12.975643 21 21 11
1.445950 0.870506 7.471742 117 113 101
4.308498 0.856443 12.385792 130 119 113
5.250772 6.973034 13.367562 108 113 106
4.264396 1.232519 12.202908 50 46 34
4.656610 1.315804 12.772412 113 109 97
4.455848 1.193542 12.433636 103 105 94
5.913896 6.798927 14.239018 112 117 111
5.103772 6.086950 12.897202 24 25 19
4.659310 -0.603759 12.809329 24 21 16
6.000353 7.352048 14.225706 112 119 111
4.278112 -3.486186 12.349693 8 8 0
4.278112 -3.486186 12.349693 8 8 0
5.713608 7.039799 13.655293 103 113 104
4.977088 4.879447 12.569316 24 21 12
4.709936 8.493495 11.782270 109 134 130
4.709936 8.493495 11.782270 109 134 130
5.018596 -1.861683 13.265441 17 16 11
5.749417 4.342218 13.771926 54 50 41
6.801413 3.453057 15.488523 102 103 98
5.718385 2.315027 13.809180 94 87 79
5.595978 2.948974 13.524030 22 17 14
6.326591 4.881523 14.478704 106 100 86
5.496910 1.794544 13.369882 100 103 96
6.529853 3.711555 14.788447 111 103 90
6.529853 3.711555 14.788447 111 103 90
5.009821 1.634838 12.541273 26 27 19
8.921266 9.098170 17.836061 113 123 114
-6.565618 9.896320 16.311140 142 163 144
-6.166585 9.891921 15.365252 133 154 135
-6.038176 9.904396 15.048105 143 164 145
-5.951506 9.900556 14.828745 138 159 140
-5.875707 9.899678 14.645134 145 168 148
-6.144800 -5.987532 17.084667 174 170 158
-6.604315 3.907990 20.072308 199 192 166
-5.790173 -5.300572 16.363482 172 164 153
-5.845806 -0.089953 17.371601 197 194 175
-5.727759 -0.092353 17.247906 203 200 181
-5.408235 -2.957972 15.638400 173 170 151
-5.234179 -3.817598 15.238688 95 90 71
-5.474207 3.903542 17.091555 191 195 172
-5.456363 3.184678 17.016453 117 110 92
-3.980038 -3.341370 12.112292 167 168 154
-3.336555 -2.683236 10.699771 157 165 150
-3.318210 0.443207 11.157253 187 193 179
-3.250058 0.927891 10.975483 211 199 185
-3.200359 -2.811438 9.970419 178 168 156
-3.201241 -1.681912 10.354836 197 194 177
-3.160793 -4.062210 9.895879 170 160 148
-3.019229 0.934880 10.359930 196 184 170
-3.044853 -2.507050 10.044260 191 199 186
-2.941342 4.858673 10.755857 179 171 160
-2.969246 0.710138 10.250292 131 121 109
-2.954748 1.910866 10.381166 128 122 106
-2.950159 1.968184 10.360845 142 132 120
-2.955144 -0.087757 10.132304 180 181 165
-2.996850 -4.343535 9.637596 140 132 121
-2.902134 -1.049114 10.083075 219 213 201
-2.769194 4.119655 10.708982 146 146 138
-2.753063 3.395467 10.613451 139 124 117
-2.647386 3.858494 10.711460 130 125 106
-2.539848 1.306455 10.561569 176 175 154
-2.606689 -3.979079 9.869658 160 151 146
-2.593465 -3.680931 9.915260 141 138 131
-2.390099 5.227719 10.987722 151 145 129
-2.361139 2.162450 10.704510 145 135 126
-2.394319 -0.820928 10.359903 145 136 127
-2.098680 5.395322 11.192332 137 143 131
-2.218706 -0.832632 10.446395 177 171 159
-2.142695 -0.777366 10.486336 54 51 44
-2.066604 -1.265549 10.417041 167 164 159
-2.041785 -1.443014 10.405058 126 115 109
-1.912976 -2.566737 10.375852 132 132 124
-1.647749 5.240148 11.283738 126 108 98
-1.932289 -4.591643 10.073767 127 116 110
-1.685456 3.337560 11.012305 135 118 108
-1.766945 -2.562229 10.404420 144 144 136
-1.479913 0.380845 10.920608 52 49 42
-1.563871 -1.712692 10.475125 128 126 113
-1.358413 -5.047852 10.298905 29 29 21
-1.215826 -4.360697 10.401627 112 108 105
-0.858864 2.060940 11.289413 135 122 114
-0.506939 7.387657 12.173435 119 123 109
-0.965532 -2.754491 10.689196 114 100 97
-0.977700 -3.373265 10.676478 110 107 100
-0.381555 7.969186 12.205413 124 130 116
-0.356141 3.205196 11.671082 156 134 120
-0.461628 -1.436143 11.092275 138 141 132
-0.210804 -3.469248 10.984524 94 94 84
-0.161606 -4.638479 10.853632 112 110 97
-0.154113 -5.235731 10.756163 84 78 66
0.108989 -2.069717 11.248779 133 140 133
-0.034304 -4.478837 10.922239 83 88 82
0.421875 -2.086813 11.382697 110 116 106
0.243961 -4.911775 10.962770 90 81 76
0.858384 -0.355988 11.864020 33 30 21
0.920272 -3.189140 11.487398 99 100 94
1.147505 -0.935010 11.915145 124 125 119
0.730645 -5.911385 11.065497 60 57 52
1.033915 -3.429647 11.589456 96 101 94
0.837321 -5.884646 11.217937 11 12 6
1.024519 -4.669196 11.397695 16 17 11
1.248581 -5.945109 11.413744 9 11 8
1.700417 -2.247659 11.902264 27 28 20
2.830576 -1.116174 12.666309 27 27 17
-8.762789 -3.304881 23.866280 234 223 205
-9.141550 -0.038783 25.437830 208 197 177
-10.075377 9.702464 29.183020 186 202 176
-9.193747 2.017860 25.842562 203 186 170
-9.831347 9.684758 28.505642 183 195 171
-7.648836 -8.892560 20.267365 171 174 165
-8.436041 -0.593176 23.591179 221 217 192
-7.798752 -4.575917 21.367550 205 187 173
-7.362427 -8.589840 19.675598 173 176 167
-8.037654 -1.831017 22.470776 211 215 192
-7.636001 0.227632 21.692127 216 210 188
-6.693310 -8.410079 17.978691 88 88 78
-7.245859 -1.808612 20.520332 196 180 164
-6.882935 -6.345325 18.936981 178 176 163
-6.890748 -3.517476 19.273594 211 202 185
-6.980982 -2.219796 19.691298 218 217 199
-6.884293 -3.648000 19.272240 196 183 167
-6.737206 -3.534569 18.885210 114 105 90
-6.673771 -4.315405 18.612764 223 211 197
-6.947846 0.016703 19.925522 152 136 120
-6.678998 -3.463565 18.745800 195 188 172
-7.092899 2.269308 20.761898 114 105 88
-6.481915 -6.670020 17.865891 102 103 89
-6.215695 -3.894634 17.590353 135 138 117
-6.593974 3.732165 19.672358 201 196 176
-6.132930 -3.449949 17.489595 179 163 150
-6.210011 -1.496340 18.060003 123 111 95
-6.583844 9.653588 20.427328 196 213 194
-5.792987 -5.269322 16.328638 172 170 157
-6.201433 9.631938 19.473845 206 221 202
-5.946559 3.106017 17.974453 104 99 80
-5.750980 1.903244 17.182264 139 132 114
-5.654569 -0.072201 16.770205 204 203 183
-5.461558 -5.770477 15.524645 85 87 76
-5.365423 -6.370774 15.131076 76 79 70
-5.349027 -3.253205 15.520280 165 151 140
-5.206100 -5.535398 14.766127 142 139 130
-5.184307 -3.808850 14.863509 174 168 156
-5.138712 9.674785 15.906932 196 213 195
-5.080298 -0.645983 15.176495 180 162 150
-5.240704 7.053030 16.761194 114 117 100
-4.973944 -0.523927 14.974777 195 196 180
-4.827842 -4.782136 13.909160 132 135 124
-4.755175 -0.464072 14.269887 199 203 188
-4.668973 7.735113 15.417232 117 122 102
-4.317317 -0.983813 13.256070 186 203 187
-4.049433 -1.591850 12.463039 98 92 78
-4.141560 7.874177 14.126744 173 176 157
-3.996670 -3.372771 12.221561 171 169 156
-3.912241 -5.266667 11.690066 94 91 72
-3.933955 2.782819 12.777780 138 135 120
-3.921899 -4.597230 11.891423 149 142 134
-3.910826 2.174155 12.671197 129 126 109
-3.881003 -4.569339 11.767651 140 136 124
-3.697798 -1.565061 11.738935 168 154 143
-3.600636 2.434989 11.924395 198 189 174
-3.286333 3.410999 11.360005 61 61 49
-3.266894 -2.711093 10.465764 175 165 153
-3.133067 -1.343082 10.427057 198 206 191
-3.129075 -1.404599 10.434077 102 104 90
-3.081523 -1.439550 10.102888 199 197 182
-3.085308 -3.110577 9.955197 167 169 156
-3.029807 -0.046250 10.291286 219 200 186
-3.025079 0.146761 10.314437 204 181 167
-3.068284 -4.289780 9.773373 152 155 144
-3.059417 -4.011619 9.799660 126 124 111
-2.951699 3.340244 10.587680 127 108 93
-2.985459 0.839352 10.366446 131 94 78
-2.961188 2.476828 10.493898 106 97 90
-2.986350 0.084072 10.294031 140 137 122
-2.990062 -0.678071 10.213661 166 176 165
-2.909321 5.076417 10.746617 89 83 71
-2.962658 0.482386 10.350389 153 153 143
-2.963459 -0.798411 10.199248 150 143 137
-2.915080 2.225075 10.509878 57 50 40
-2.862143 5.376828 10.825108 136 146 138
-2.794621 5.118302 10.784266 174 172 157
-2.824103 1.083917 10.404050 177 185 162
-2.759023 3.402078 10.625073 135 121 112
-2.844712 -3.719370 9.941401 150 158 147
-2.740103 2.280056 10.557123 70 63 53
-2.770885 -3.337354 9.982581 138 136 124
-2.726156 -1.320200 10.280466 163 169 157
-2.583821 4.123315 10.793822 141 143 132
-2.723626 -3.709322 9.956162 133 133 125
-2.498887 4.914038 10.890950 164 162 147
-2.628001 -3.927332 9.983145 143 138 134
-2.628001 -3.927332 9.983145 143 138 134
-2.616628 -3.861051 10.009187 119 114 108
-2.507962 0.225029 10.565673 103 93 83
-2.589927 -3.741739 10.057186 131 131 123
-2.503598 0.053259 10.508076 186 182 170
-2.504305 -2.436357 10.203947 122 131 110
-2.333191 4.726992 10.888256 132 136 122
-2.424350 0.366921 10.626158 129 125 114
-2.479357 -2.641989 10.161522 134 127 119
-2.324444 3.388900 10.819725 113 103 93
-2.455659 -3.912989 10.064073 122 119 114
-2.235135 5.307097 10.967991 94 99 92
-2.267142 2.751811 10.834022 125 98 89
-2.175207 5.977099 11.149899 124 126 115
-2.372992 -3.378767 10.130906 148 148 138
-2.136616 5.992982 11.151560 33 36 25
-2.337823 -2.356688 10.263627 160 167 151
-2.186049 3.458533 10.924018 55 55 45
-2.220535 1.607746 10.873009 36 42 32
-2.126926 4.917691 11.080685 116 119 110
-2.111761 5.354975 11.127915 129 140 126
-2.297699 -2.540070 10.220737 165 173 162
-2.156411 2.852782 10.934031 146 162 149
-2.133991 3.680812 10.955820 142 138 126
-2.159160 2.659539 10.891459 158 162 148
-2.247212 -0.878092 10.591296 50 49 44
-2.277341 -2.318499 10.341799 165 172 164
-2.179330 1.507951 10.812264 163 163 151
-2.217330 -0.082924 10.658973 183 179 167
-2.215190 -0.144082 10.668601 161 163 152
-2.220992 -1.031579 10.537338 166 166 158
-2.218787 -0.963402 10.534545 162 165 154
-2.276334 -4.498485 10.115532 89 90 84
-2.244934 -3.374195 10.183796 106 99 91
-2.136623 0.394808 10.769326 52 43 36
-2.069768 2.233238 10.869007 163 169 157
-2.226468 -3.764655 10.170703 141 149 138
-2.068090 -0.276256 10.637183 140 131 126
-2.102667 -4.454768 10.175959 28 30 25
-1.827046 1.515705 10.951415 130 110 103
-1.729478 2.736559 11.092017 118 104 95
-1.737137 -3.291975 10.365745 117 108 103
-1.746252 -3.919051 10.334322 104 95 90
-1.661994 -2.126622 10.605398 154 143 139
-1.388230 4.695738 11.425912 34 30 21
-1.470552 2.083793 11.182269 118 103 96
-1.406006 2.798123 11.283160 41 41 33
-1.491356 0.320608 11.026554 127 114 106
-1.349857 3.335341 11.303315 119 121 110
-1.385251 2.018532 11.216966 159 157 142
-1.424601 0.478181 11.095688 164 161 152
-1.267035 3.397877 11.329144 39 40 32
-1.310417 1.515962 11.221654 136 124 112
-1.454396 -1.908201 10.719877 175 172 163
-1.491822 -3.938119 10.465928 127 120 110
-1.235150 1.602358 11.252365 143 151 140
-1.481358 -5.122096 10.373410 29 35 25
-1.204860 0.310490 11.140996 117 100 90
-1.174518 0.884364 11.187331 135 117 107
-1.287897 -2.632728 10.705400 127 133 123
-1.050250 1.498173 11.309278 118 100 90
-1.176268 -3.364825 10.614070 110 109 107
-1.178673 -4.555056 10.507729 79 70 63
-0.989418 -1.247760 10.988033 129 126 121
-1.195558 -5.144590 10.397319 90 86 77
-0.826676 1.580284 11.385114 144 152 139
-0.556378 7.230672 11.947052 112 124 110
-1.034789 -2.619761 10.750311 127 133 123
-1.153551 -5.044724 10.457846 86 93 85
-0.783852 0.856512 11.350907 165 156 141
-0.428960 7.825220 12.048796 115 123 108
-0.660018 2.978082 11.535225 91 65 52
-0.931249 -3.890280 10.709622 91 90 85
-0.526169 3.764695 11.643614 128 132 118
-0.497363 4.052927 11.725423 131 134 125
-0.568574 2.577334 11.569024 146 142 130
-0.844252 -2.778269 10.837859 46 35 31
-0.976903 -5.186426 10.514378 95 93 81
-0.360694 5.905131 11.921666 22 19 10
-0.317243 5.913921 11.887342 121 127 115
-0.314167 5.807549 11.851297 104 86 76
-0.565174 0.356993 11.434093 149 163 148
-0.710160 -2.339942 10.949419 12 11 6
-0.725028 -3.684261 10.794862 144 148 133
-0.721681 -3.622863 10.791715 151 155 140
-0.720765 -3.734995 10.800235 133 137 122
-0.043001 7.855028 12.222194 98 98 88
-0.457183 -0.849320 11.262548 141 142 134
-0.697516 -5.099375 10.697838 94 101 93
-0.679842 -4.608699 10.686689 38 38 28
0.018349 6.534345 12.102709 117 119 108
-0.590708 -5.116953 10.723206 79 84 78
-0.019978 4.528726 11.834573 95 81 68
-0.124719 1.447537 11.642025 137 123 110
-0.145574 0.236704 11.477132 117 104 95
0.191006 5.748711 12.043748 101 83 73
0.242648 5.238587 12.090646 36 37 29
0.326374 5.155995 12.095604 100 80 69
0.493709 7.827887 12.409850 34 42 31
0.206878 1.628974 11.798393 141 148 141
0.243474 2.149693 11.862767 126 138 126
-0.162541 -3.956855 10.930579 18 18 10
0.361851 3.325473 11.986487 24 19 13
0.207521 0.701211 11.697939 140 152 140
0.229910 0.832715 11.756015 127 134 126
0.490295 5.145715 12.131040 95 80 75
0.227754 0.767086 11.698971 151 152 136
-0.101680 -3.909278 11.001907 91 103 89
-0.012942 -2.870451 11.148545 83 86 77
0.547349 5.212517 12.141848 115 118 111
0.126925 -1.789529 11.341670 135 136 131
0.120258 -1.881997 11.317349 131 132 127
-0.081659 -4.919014 10.949614 34 35 29
0.391016 1.423369 11.823974 138 128 118
0.166586 -1.632428 11.357951 86 94 83
0.642958 4.623690 12.185665 138 150 138
0.313466 -0.389880 11.601810 91 71 62
0.026100 -4.425051 11.009204 72 74 71
0.306868 -1.591654 11.398350 98 91 83
1.169954 7.239168 12.669777 59 59 49
1.200764 7.628637 12.715480 88 88 78
1.110343 6.409811 12.543390 94 81 73
1.088234 5.892146 12.517109 123 123 115
1.207491 7.381860 12.680158 109 109 99
1.132079 5.111653 12.430237 125 123 111
0.731559 -0.423131 11.764354 98 83 76
0.968830 2.366348 12.109796 17 20 9
1.088470 3.864642 12.302098 118 116 104
0.719239 -0.918273 11.691586 127 128 120
0.363165 -5.616019 11.104239 59 61 58
1.014459 2.102456 12.110512 123 126 117
0.922836 0.890246 11.969962 8 16 5
0.870005 0.185752 11.851096 127 119 108
1.007700 1.386749 12.035679 130 133 122
1.007700 1.386749 12.035679 130 133 122
0.804444 -1.068654 11.694998 129 127 114
0.985622 0.176871 11.916154 141 139 126
0.985622 0.176871 11.916154 141 139 126
0.995212 -0.081862 11.899986 130 130 120
0.909099 -2.294188 11.572456 16 15 10
0.878255 -3.409826 11.485920 82 89 81
0.898440 -3.539138 11.527017 104 107 98
1.922892 6.492797 12.884225 124 129 122
1.843814 5.210251 12.753837 125 126 118
1.891750 5.721160 12.740111 20 20 8
1.962940 5.696095 12.827072 115 113 101
2.120360 7.147756 13.073842 106 118 108
1.961955 5.409810 12.803070 122 118 106
1.758616 2.702747 12.450864 132 139 131
1.895566 4.080207 12.641892 50 42 31
1.385178 -1.070278 11.844027 92 79 73
1.976515 4.579426 12.773152 120 132 122
2.299012 7.793698 13.266437 31 32 24
1.893414 3.116391 12.521375 112 102 93
1.681156 0.749521 12.194303 87 68 62
2.412547 7.927061 13.350503 96 108 96
1.865012 2.673158 12.451670 112 124 112
1.870372 2.678599 12.457752 112 124 112
2.115004 5.180422 12.828126 123 133 124
1.412985 -2.288412 11.720382 95 91 80
1.636189 -0.494459 12.017983 122 123 115
1.755206 0.342209 12.153570 120 113 103
2.477916 7.011778 13.184740 100 94 82
1.726189 -0.834891 12.032495 107 122 115
1.726189 -0.834891 12.032495 107 122 115
2.017951 1.324360 12.416005 107 110 91
1.993226 1.058692 12.308017 136 142 132
2.691761 6.546651 13.262982 116 118 107
2.796738 7.043204 13.366326 92 88 79
2.037168 -0.996797 12.158772 81 81 73
1.623774 -5.606377 11.591612 15 12 3
2.793652 5.055161 13.108122 95 92 85
2.774753 4.524204 13.008864 119 122 113
2.054819 -2.216686 12.004398 92 100 89
2.745928 3.793893 12.948159 98 85 76
2.967694 5.754277 13.249846 11 13 8
2.637153 2.595646 12.794582 12 15 6
3.401728 9.036627 13.774143 119 134 127
2.037624 -4.048342 11.892839 61 67 55
3.251950 6.996190 13.503023 97 93 82
3.555653 9.405956 13.923590 74 94 85
2.607870 1.099832 12.546483 136 145 128
2.389616 -1.069773 12.281709 14 11 6
3.532399 8.045005 13.792941 58 64 54
2.631222 -1.052032 12.427099 96 106 95
3.282452 3.883715 13.147528 113 118 111
3.673568 6.484071 13.696349 105 112 104
2.614009 -2.432726 12.296609 93 93 85
3.827766 6.995468 13.796777 102 104 93
3.941030 7.742756 13.938430 32 42 34
3.495367 3.914948 13.336595 113 118 111
3.788562 6.446138 13.698618 114 119 112
3.820892 6.678377 13.711519 111 113 102
3.545129 3.985992 13.312345 58 54 45
3.586550 3.266108 13.263515 110 117 109
3.575974 3.125647 13.219866 102 108 98
3.420040 1.668270 12.967256 57 49 38
3.487249 1.839108 13.038198 108 109 101
3.490623 1.747953 13.030534 118 115 106
4.224763 7.011810 13.829641 105 115 104
4.394157 7.146126 14.161550 39 40 32
3.426843 0.139532 12.824417 99 102 93
4.120307 4.484154 13.647038 25 18 8
4.811357 9.234898 14.461136 48 71 65
4.122976 3.899578 13.570353 118 123 116
4.607412 7.012526 14.124083 78 73 67
4.518925 6.298671 14.018931 113 111 99
4.567008 5.865562 14.037563 114 122 109
3.577485 -1.721912 12.780828 81 80 75
3.277491 -4.236904 12.392520 11 10 6
4.501902 4.498063 13.837547 22 19 12
4.604828 5.081461 13.940841 26 21 17
3.704143 -1.730883 12.868363 77 77 69
4.393412 2.238040 13.485778 92 89 82
5.255060 5.877787 14.481802 16 16 8
5.515642 7.677401 14.540189 26 33 26
5.582334 6.633645 14.580753 35 36 28
5.632473 7.136769 14.584412 103 111 98
5.715911 7.091222 14.637654 20 28 17
5.353378 5.083136 14.181705 28 29 23
5.127045 3.122156 13.973309 85 80 74
5.583020 5.784999 14.471108 14 15 7
5.330956 3.838293 14.146616 14 17 6
4.244877 -3.776465 12.911041 67 64 59
6.117801 7.790244 14.917016 29 34 28
5.172929 1.790041 13.835261 95 92 83
6.209257 7.760039 14.926686 33 38 32
5.301752 1.426479 13.847301 105 99 87
6.353674 7.821870 15.001995 101 108 101
6.052265 5.737645 14.683147 87 78 69
-9.131739 10.154605 22.615538 110 129 109
-9.131739 10.154605 22.615538 110 129 109
-8.244016 10.328875 20.699873 105 129 107
-8.244016 10.328875 20.699873 105 129 107
-8.096025 10.301638 20.324034 118 140 119
-7.959752 10.270301 19.977427 103 127 105
-7.649731 10.091279 19.071579 97 122 103
-7.649731 10.091279 19.071579 97 122 103
-7.441143 10.112741 18.486441 191 214 196
-7.574947 10.184391 19.112068 183 208 187
-9.578241 0.521106 27.933601 119 107 83
-9.578241 0.521106 27.933601 119 107 83
-9.670648 4.530986 28.834167 180 174 152
-9.602689 4.602789 29.146656 106 101 81
-9.064783 -1.966258 26.072285 142 123 106
-9.079926 -1.657380 26.210436 124 112 90
-9.056041 -0.151004 26.372011 125 119 95
-8.882827 -0.925929 25.525757 198 176 155
-6.993139 10.101491 17.521807 115 142 123
-9.169013 7.662722 28.143240 105 92 73
-7.047851 10.079523 17.973852 197 216 196
-7.384110 10.218081 19.734020 144 161 142
-8.746352 6.903453 26.637615 171 170 149
-8.604694 1.540703 25.493801 199 194 174
-6.923555 10.119243 17.795172 196 218 197
-6.678276 10.040154 16.611217 185 212 193
-8.610509 3.571374 25.954046 133 112 93
-8.511381 0.815979 25.294514 207 201 177
-8.455946 1.527054 25.309311 110 99 79
-8.538254 6.276011 26.425570 186 175 155
-8.344224 6.839244 25.461918 180 172 153
-8.435153 2.310791 25.646936 127 112 91
-8.190469 -1.341559 23.966471 222 216 192
-8.187045 2.931470 24.611671 196 179 159
-8.203568 1.529933 24.578753 124 109 88
-8.128008 1.021055 24.119041 139 127 105
-8.128008 1.021055 24.119041 139 127 105
-8.135696 2.330424 24.393234 210 204 182
-8.097477 0.041601 23.936642 116 104 82
-8.181855 3.856420 24.837534 196 188 165
-8.098727 2.401708 24.256193 151 143 122
-8.070807 -2.215659 23.650528 208 190 168
-8.128777 3.012778 24.570930 98 92 68
-8.121167 4.507970 24.767338 114 99 80
-8.085310 5.969303 24.767412 115 102 83
-7.952187 -1.963482 23.128666 213 217 194
-8.048985 3.110713 24.307850 202 204 180
-8.055799 6.087097 24.704752 202 196 172
-8.055799 6.087097 24.704752 202 196 172
-8.005998 2.565924 24.048664 168 147 128
-8.111624 4.669987 24.903994 190 188 165
-7.731520 -6.692457 21.467232 208 211 194
-8.028009 0.829439 24.167992 106 95 73
-7.995772 5.444375 24.669621 193 185 162
-7.900527 6.944447 24.493193 176 174 151
-7.967790 7.050347 24.908575 173 171 148
-7.733788 -2.112702 22.617676 210 195 176
-7.622009 -2.797677 22.059645 206 187 170
-7.665110 0.771665 22.777018 185 164 145
-7.605141 -4.726446 21.733896 218 221 200
-7.727840 2.405658 23.340370 204 202 181
-7.683850 -0.612313 22.768862 122 109 90
-7.641986 3.129356 23.210503 201 199 178
-7.613702 1.716730 22.888433 141 134 116
-7.616754 2.313052 23.022049 121 108 89
-7.619345 5.364459 23.493441 192 184 161
-7.539322 4.752129 23.025087 139 128 110
-7.563882 6.766243 23.431032 189 184 162
-7.633146 8.408276 24.054970 187 182 162
-7.565151 -1.193103 22.609318 202 201 181
-7.534701 7.632976 23.657959 173 170 151
-7.530733 4.629535 23.319033 106 100 78
-7.456474 4.641954 22.922293 191 190 169
-7.464274 6.217558 23.362495 186 182 157
-7.306865 0.820196 22.015200 200 179 160
-7.186494 -3.956658 20.651249 118 105 89
-7.249872 1.558141 21.869871 177 151 134
-7.179058 -0.080280 21.439447 137 124 107
-7.220428 1.653424 22.017746 108 95 76
-7.173018 0.201528 21.558487 124 116 97
-6.956311 -6.395066 19.463781 170 171 157
-7.105307 -0.481594 21.268044 116 107 90
-7.078191 0.308631 21.246904 208 210 188
-6.868669 -7.147143 18.871595 168 161 145
-7.076773 8.273498 22.455309 115 114 94
-7.036376 10.252060 22.428888 196 214 192
-7.036376 10.252060 22.428888 196 214 192
-7.063546 2.471390 21.595484 195 201 175
-7.034607 -0.384637 21.058617 213 218 196
-6.938443 -5.230759 19.799440 113 105 86
-7.072989 3.223276 21.835960 203 203 179
-6.901172 -1.162046 20.370459 189 176 159
-6.942736 3.113085 21.298416 112 99 80
-6.864009 3.869698 21.020851 200 187 168
-6.746359 -7.016659 18.718454 89 93 78
-6.885652 3.201408 21.205257 201 203 181
-6.719246 -3.507275 19.359879 124 117 99
-6.719246 -3.507275 19.359879 124 117 99
-6.762504 4.479860 20.814074 123 115 96
-6.750322 4.619032 20.839916 193 193 169
-6.758371 -0.653889 20.226728 133 128 109
-6.730499 0.360519 20.185776 212 212 188
-6.717424 7.512117 21.081968 183 180 161
-6.717424 7.512117 21.081968 183 180 161
-6.694579 -4.442676 19.251741 110 104 88
-6.794423 3.169481 21.061312 114 107 88
-6.688516 -2.309985 19.578793 132 135 114
-6.763277 -0.423101 20.391544 114 102 86
-6.739032 3.816203 20.840738 116 103 84
-6.696473 3.259794 20.551367 134 125 108
-6.702348 3.185984 20.574408 200 199 178
-6.703516 0.969372 20.289877 124 116 95
-6.678254 -1.661122 19.754976 220 223 202
-6.702153 2.411992 20.546688 107 102 82
-6.688780 5.270483 20.901682 114 103 83
-6.653343 4.633326 20.662327 140 142 118
-6.598619 -2.312241 19.395767 191 193 171
-6.585060 10.164757 21.097651 198 215 196
-6.626941 3.251984 20.559053 187 185 164
-6.596225 4.670808 20.664684 192 194 173
-6.622123 0.402900 20.294624 205 209 186
-6.447625 -6.908430 17.976374 77 73 62
-6.536257 10.144860 21.198471 143 156 136
-6.527591 -1.089319 19.537596 195 178 162
-6.521784 -1.649133 19.507223 209 212 191
-6.512426 5.295677 20.497942 103 92 74
-6.354698 -5.465022 17.911577 178 189 172
-6.491087 -0.362725 19.792553 115 110 91
-6.399702 -1.067394 19.104635 187 169 155
-6.341279 1.131681 19.268469 212 216 193
-6.301823 -4.962698 18.079245 110 109 91
-6.305821 -2.987421 18.536953 111 104 85
-6.288234 5.324348 19.759960 196 199 178
-6.313581 3.177411 19.661005 115 103 87
-6.317942 3.187289 19.711910 115 103 87
-6.294172 3.926795 19.653818 198 201 180
-6.280139 5.955016 19.893749 107 104 85
-6.209705 -6.178609 17.414049 175 173 161
-6.252199 4.588364 19.487030 188 190 169
-6.258295 1.182672 19.192181 143 145 124
-6.162823 -6.733635 17.168842 75 79 64
-6.162823 -6.733635 17.168842 75 79 64
-6.230048 2.985198 19.360857 186 169 153
-6.131146 -6.803648 17.033136 144 142 130
-6.179737 6.721021 19.637865 184 187 166
-6.216205 5.324176 19.719187 106 97 80
-6.186251 5.338864 19.542734 188 187 167
-6.170346 3.961797 19.375782 201 204 187
-6.128647 -1.028410 18.366814 203 185 165
-6.084283 -2.819626 17.812672 190 192 170
-6.058522 6.183452 19.382204 170 176 150
-6.013163 8.127693 19.388971 182 181 161
-6.081285 1.899321 18.916853 201 200 179
-6.053867 3.314271 19.040529 197 200 179
-5.959748 -3.369015 17.267492 189 194 172
-5.945045 -3.163991 17.259483 211 203 182
-5.897211 -6.058801 16.361456 162 175 145
-5.928280 1.162531 17.941696 212 213 195
-5.951971 8.180574 19.321224 166 164 151
-5.949522 7.477946 19.206413 193 198 176
-5.907507 -3.193993 17.214611 127 119 100
-5.951077 0.517221 18.256235 202 210 187
-5.921733 0.546877 18.102625 190 198 175
-5.845115 6.691073 18.652084 189 194 174
-5.873825 3.672266 18.386467 206 198 177
-5.844327 -5.650768 16.469067 170 171 157
-5.862934 8.122644 19.132029 98 99 83
-5.861874 6.052162 18.768368 190 193 172
-5.900988 -0.261381 18.030102 107 108 92
-5.874074 -4.133265 17.086182 87 85 70
-5.850099 3.837680 18.338512 111 103 84
-5.845221 -2.258220 17.259129 190 177 160
-5.846093 4.656189 18.515413 194 197 176
-5.849450 6.707119 18.912939 108 105 88
-5.845099 8.234294 19.164162 182 180 165
-5.805682 5.415100 18.648117 182 184 162
-5.771070 5.055722 18.385805 190 177 161
-5.798477 0.494572 17.835682 122 109 93
-5.781974 1.871909 18.018236 95 94 74
-5.784108 3.269980 18.335716 101 93 74
-5.776203 3.353992 18.361961 193 201 178
-5.730739 6.088026 18.483995 187 190 171
-5.740812 4.651928 18.355747 86 80 64
-5.724332 -5.345475 16.407225 81 79 66
-5.680750 -4.102823 16.427607 177 164 148
-5.686492 1.814164 17.664782 224 210 184
-5.655245 1.949501 17.598747 205 207 186
-5.644576 -0.860355 17.147074 197 184 167
-5.608551 -3.276727 16.395369 174 186 164
-5.559579 6.044693 17.925766 173 181 158
-5.597623 -5.303876 16.061428 94 84 74
-5.601701 -5.229349 16.117426 155 159 144
-5.561335 -3.996740 16.189791 92 91 73
-5.560317 -1.493253 16.830673 178 160 146
-5.438895 7.165245 17.526945 99 108 87
-5.481126 3.154761 17.219076 174 155 138
-5.505700 -0.899421 16.770508 127 120 104
-5.505700 -0.899421 16.770508 127 120 104
-5.488368 1.578349 17.125130 190 174 158
-5.459474 4.582379 17.496006 92 87 68
-5.501688 0.548158 17.150814 99 97 76
-5.441667 0.126805 16.716415 218 210 191
-5.444258 0.034741 16.726601 204 201 182
-5.424550 0.613230 16.664925 202 211 190
-5.429121 -5.876997 15.370003 139 130 123
-5.439417 -0.715686 16.685061 207 219 195
-5.443276 -2.151643 16.416159 166 159 143
-5.384501 2.611607 17.152781 93 90 71
-5.348577 3.988542 17.094585 200 201 183
-5.380533 1.225704 16.929239 76 70 54
-5.353956 1.274481 16.713015 206 209 192
-5.349814 1.986725 16.864651 190 198 177
-5.375395 -4.515834 15.690903 171 182 165
-5.376772 -3.321788 16.092247 163 172 151
-5.335753 -1.326297 16.293982 181 193 171
-5.327945 -5.764862 15.156781 82 82 72
-5.195947 -4.140576 15.023286 190 191 175
-5.202473 -3.787807 15.188701 173 180 162
-5.117295 8.105926 17.063791 176 185 166
-5.117997 8.183323 17.209412 176 185 166
-5.176968 -1.910678 15.586863 185 194 175
-5.185466 -5.127320 14.992805 69 71 58
-5.147180 -0.631565 15.854727 187 191 176
-5.082548 3.280839 16.131084 196 200 183
-5.097115 2.010566 16.079218 201 213 193
-5.058812 4.655095 16.327995 178 192 169
-5.058671 4.681683 16.413820 178 192 169
-5.034244 6.613745 16.623871 81 85 70
-5.087888 1.267104 16.001646 80 79 59
-5.030133 5.254884 16.352095 87 89 68
-5.060036 2.060349 15.879519 139 131 118
-5.075531 -0.056225 15.698672 102 100 85
-5.086569 -2.507913 15.219173 178 191 171
-5.086698 -3.760064 14.930880 162 166 151
-5.055431 0.742788 15.746561 141 138 121
-5.055431 0.742788 15.746561 141 138 121
-5.012403 4.604778 16.288315 85 82 65
-4.988635 6.023169 16.523705 95 103 82
-4.975132 6.036197 16.392601 179 187 166
-4.967041 6.702579 16.474642 174 186 166
-4.961729 6.666523 16.552864 94 98 81
-4.997219 1.985453 15.889820 68 65 48
-4.960511 4.723507 16.238117 180 193 173
-4.879405 9.857904 16.692362 131 152 133
-4.990763 1.298619 15.866982 97 94 75
-5.009201 -3.137064 14.903169 184 188 171
-4.939571 3.975186 15.984625 176 188 164
-4.842764 9.823072 16.350615 188 211 191
-4.874885 8.040468 16.426870 82 89 73
-4.940375 0.724167 15.424819 193 201 186
-4.848050 4.591453 15.769195 74 71 56
-4.860732 2.647426 15.377537 185 192 174
-4.930149 -2.566631 14.902785 89 86 71
-4.795735 8.066946 16.140078 181 190 173
-4.823747 3.280313 15.369352 201 202 186
-4.811497 6.048878 15.998272 173 182 161
-4.750816 7.141786 15.835839 179 177 152
-4.823154 -3.611625 14.097185 151 162 145
-4.840219 -4.432148 14.140285 152 142 132
-4.811776 -2.432764 14.506680 169 178 159
-4.813054 -1.915177 14.873714 85 84 66
-4.684439 7.331254 15.872079 79 88 67
-4.723728 2.972013 15.110345 197 180 164
-4.755620 0.617839 14.868243 172 145 126
-4.716236 3.009567 15.034118 198 185 168
-4.784732 -1.310057 14.878405 175 161 148
-4.723310 1.944819 14.964364 170 156 145
-4.771535 -3.542194 14.043898 109 106 97
-4.771535 -3.542194 14.043898 109 106 97
-4.665296 5.320353 15.398230 181 190 171
-4.676863 4.597440 15.352422 75 74 56
-4.659510 5.924829 15.501872 67 74 56
-4.702495 1.988081 14.920839 93 89 78
-4.695003 2.168986 14.916768 192 186 174
-4.721105 0.681294 14.895656 100 95 76
-4.782782 -4.387190 14.171419 78 76 64
-4.719171 0.793911 14.916084 137 129 116
-4.742151 -0.599632 14.905994 106 105 87
-4.692748 1.457533 14.848073 125 115 103
-4.666803 2.579645 14.936994 162 140 126
-4.593542 5.383260 15.357847 172 185 165
-4.593546 4.639602 15.254539 99 93 81
-4.537089 7.734364 15.474450 179 182 153
-4.610879 2.711339 14.920419 196 205 188
-4.564184 5.400181 15.199080 176 191 170
-4.649835 -2.370533 14.008178 172 173 159
-4.622548 0.708666 14.812589 81 84 67
-4.488107 8.028171 15.477243 79 88 69
-4.529047 3.962576 14.892305 74 72 57
-4.603687 -1.842245 14.285110 101 102 88
-4.464791 5.916276 14.981200 81 74 58
-4.559536 -1.099643 14.215943 191 208 190
-4.561638 -2.942158 13.696239 184 195 179
-4.506171 -1.704509 13.781897 192 199 183
-4.395898 4.706448 14.626069 179 191 171
-4.337723 8.041348 14.999895 162 177 158
-4.512073 -4.122667 13.282011 150 163 146
-4.328201 5.952825 14.516873 173 182 165
-4.326962 5.960542 14.534177 173 182 165
-4.382981 2.059244 14.040298 205 218 201
-4.459315 -2.904779 13.389758 179 191 171
-4.380111 2.107733 14.073602 149 150 134
-4.380630 1.322756 13.921258 165 148 132
-4.355712 1.982371 14.005471 159 139 128
-4.326720 3.774183 14.206668 189 171 157
-4.261184 8.001515 14.873173 75 82 66
-4.367211 0.078108 13.713901 182 164 154
-4.387481 -1.120863 13.711571 101 102 86
-4.299392 4.009126 14.200130 176 189 169
-4.282648 5.261588 14.425858 66 70 55
-4.311736 2.678010 14.072499 72 70 55
-4.308644 2.148413 13.817400 136 116 107
-4.219586 7.309702 14.604521 82 86 69
-4.323264 0.837535 13.800424 194 207 189
-4.237812 5.967291 14.442763 78 79 65
-4.317107 0.889609 13.782937 144 138 124
-4.392406 -5.238968 12.723934 132 133 117
-4.229430 4.707947 14.234765 183 192 173
-4.247296 3.356782 14.068303 66 63 48
-4.219064 4.028646 14.249975 113 107 91
-4.293916 -0.849560 13.451997 186 180 168
-4.314322 -3.542274 13.022746 67 79 65
-4.262736 -0.934557 13.205347 165 166 152
-4.268302 -0.985518 13.419920 131 137 123
-4.338121 -5.317557 12.582549 59 49 40
-4.205407 2.695903 13.977966 90 90 78
-4.274351 -2.256811 13.061828 185 189 174
-4.195697 2.136560 13.629284 147 135 121
-4.249766 -1.030964 13.443761 201 214 197
-4.231941 -0.825288 13.278057 131 125 113
-4.231941 -0.825288 13.278057 131 125 113
-4.046942 7.194558 13.954407 73 75 61
-4.179740 0.173845 13.558063 64 60 48
-4.013640 8.023060 14.123288 168 175 159
-4.169236 -0.828379 13.107304 186 178 165
-4.002222 7.148819 13.860055 171 165 153
-4.226219 -5.259264 12.287377 62 52 40
-4.180599 -2.980998 12.689092 150 126 116
-4.170748 -3.996065 12.463995 151 168 152
-4.019111 3.968907 13.410403 63 57 45
-3.981026 5.927942 13.710848 71 69 54
-4.085541 -0.456763 12.941222 176 156 145
-4.071173 -0.171323 12.918660 196 170 153
-4.049712 0.734133 12.880047 175 157 147
-4.065491 -0.084584 12.948713 199 176 160
-3.971515 4.534251 13.415048 171 159 145
-4.120544 -3.372677 12.384793 162 170 155
-4.050867 0.168388 12.889859 202 189 173
-3.933962 5.969788 13.546183 174 187 167
-3.932922 5.917515 13.576035 74 78 64
-4.099556 -2.888601 12.547832 82 79 62
-4.145391 -5.210901 12.195403 119 122 111
-3.953837 4.613431 13.415569 58 56 41
-3.988210 2.745204 13.138587 196 213 197
-4.010385 0.215007 12.951650 83 80 65
-3.997408 0.833560 12.965787 87 85 72
-3.879313 6.662506 13.563900 172 180 165
-3.939286 3.443788 13.233159 180 188 167
-3.995932 0.264875 12.862921 205 216 200
-3.963153 1.644983 12.894826 188 179 164
-3.978992 0.309329 12.862679 143 135 124
-3.898527 4.040365 13.285365 57 57 45
-3.972277 -0.332429 12.811471 189 200 184
-3.977019 -1.011728 12.783874 68 66 53
-3.908388 2.187983 12.842494 134 136 114
-3.982130 -1.617749 12.702088 174 185 168
-3.902966 2.107044 12.977552 75 73 58
-3.926972 0.855573 12.952935 156 169 152
-3.775058 7.965872 13.376779 164 175 159
-3.929548 -0.491795 12.681513 184 170 159
-3.909720 -0.384293 12.780586 105 104 86
-3.823994 3.437066 13.136851 71 67 55
-3.731173 8.019460 13.490050 73 81 66
-3.927884 -1.566745 12.469949 192 194 180
-3.841690 2.169671 12.750032 187 200 182
-3.721956 7.270690 13.151909 166 177 160
-3.758319 4.104018 12.878942 158 171 153
-3.809493 1.452850 12.517919 170 148 134
-3.736427 4.752649 13.084248 60 51 36
-3.764889 2.163223 12.559501 188 197 180
-3.759609 1.620573 12.391933 204 195 180
-3.863331 -3.303087 11.726917 167 169 155
-3.680391 3.990807 12.498085 57 53 41
-3.783566 -0.952768 12.074966 79 73 59
-3.597693 7.243592 12.789620 169 182 164
-3.606527 6.500924 12.731547 150 144 132
-3.586346 5.966824 12.632214 176 180 165
-3.531737 7.983770 12.825864 165 176 159
-3.600042 4.081756 12.412986 187 193 179
-3.525466 6.943223 12.627124 210 213 194
-3.698255 -0.907890 11.874562 103 100 85
-3.594990 3.446569 12.328037 177 185 170
-3.523480 6.648313 12.563323 168 177 158
-3.636472 1.441070 12.050877 171 164 146
-3.646747 0.961805 12.046522 195 208 191
-3.642800 1.125340 12.001811 196 190 168
-3.513577 6.665293 12.709460 105 106 92
-3.552731 4.728284 12.442549 71 68 53
-3.552731 4.728284 12.442549 71 68 53
-3.496132 7.333121 12.660578 164 177 157
-3.498518 6.945218 12.558234 170 173 152
-3.516417 6.019605 12.539779 178 187 170
-3.501653 6.682751 12.491428 160 172 150
-3.601611 2.278863 11.991559 204 191 182
-3.732414 -3.549275 11.346947 84 81 72
-3.517620 5.352209 12.502194 94 98 83
-3.746491 -4.544433 11.313762 69 68 47
-3.597308 1.592919 12.133197 193 205 185
-3.466465 7.194836 12.469975 77 86 65
-3.657356 -2.171764 11.675781 143 151 140
-3.594531 0.350098 11.949985 195 214 195
-3.594531 0.350098 11.949985 195 214 195
-3.427336 7.155598 12.381243 185 184 164
-3.528626 2.321603 11.987361 147 130 122
-3.638145 -2.680467 11.479687 175 183 170
-3.651832 -3.329078 11.525797 161 169 154
-3.682423 -4.551864 11.198503 118 124 114
-3.498287 3.265999 11.889318 184 172 156
-3.498287 3.265999 11.889318 184 172 156
-3.493220 3.292316 11.941762 177 168 153
-3.477509 2.801419 11.957021 62 64 50
-3.593490 -2.122139 11.522450 66 68 55
-3.656704 -4.506897 11.143997 60 72 60
-3.472359 2.832158 11.845941 190 203 186
-3.581626 -2.154847 11.369639 189 184 165
-3.485634 1.496359 11.561098 184 166 152
-3.613198 -4.433794 11.021461 152 164 150
-3.422451 2.808687 11.788640 64 70 60
-3.314849 6.603332 11.955009 168 179 162
-3.550364 -3.766297 10.842329 166 174 161
-3.374727 2.847550 11.565800 187 205 189
-3.403474 1.609865 11.480980 197 208 192
-3.222531 7.252099 12.027681 78 87 70
-3.348516 2.120473 11.378383 162 138 126
-3.396792 -0.179751 11.183085 199 208 191
-3.381217 0.450723 11.210189 151 145 133
-3.246724 5.894252 11.686674 82 83 69
-3.251303 5.387356 11.696651 178 189 172
-3.392210 -0.279167 11.169576 169 161 150
-3.266095 4.662457 11.571620 76 74 62
-3.203887 6.634703 11.778408 78 80 69
-3.406360 -1.507576 10.971254 173 163 151
-3.334586 1.720424 11.161830 155 133 119
-3.291934 2.183153 11.349908 86 84 72
-3.208622 5.370389 11.653773 55 62 46
-3.208622 5.370389 11.653773 55 62 46
-3.337280 0.558870 11.101237 160 142 132
-3.348712 -0.220991 11.026407 101 99 86
-3.375940 -1.447985 10.915002 107 105 90
-3.355773 -0.646104 10.943469 209 211 197
-3.355773 -0.646104 10.943469 209 211 197
-3.211083 4.742548 11.496387 175 186 169
-3.302854 0.963817 11.187076 72 69 54
-3.255063 2.822158 11.343673 67 63 54
-3.313884 0.511449 11.060845 149 146 131
-3.197846 4.731065 11.542358 75 84 63
-3.276380 1.846486 11.144366 214 213 192
-3.312279 0.496484 11.037755 149 146 131
-3.277379 1.019006 11.173280 193 207 194
-3.317430 -0.653307 10.894322 142 150 137
-3.413632 -3.912422 10.421721 106 119 109
-3.321922 -0.797389 10.776860 97 97 85
-3.132659 6.691980 11.445816 172 177 157
-3.132659 6.691980 11.445816 172 177 157
-3.337553 -2.069350 10.691148 166 156 147
-3.349911 -2.672775 10.637686 158 170 156
-3.213933 2.285846 11.022711 148 140 129
-3.305598 -1.468885 10.707936 187 190 171
-3.224228 0.992351 11.160735 76 78 64
-3.224228 0.992351 11.160735 76 78 64
-3.373375 -3.845940 10.271487 163 164 150
-3.270511 -1.471311 10.565585 206 208 194
-3.247303 -0.727834 10.631591 200 202 188
-3.171468 1.541460 10.796105 164 147 131
-3.252680 -2.045753 10.361426 165 155 145
-3.136773 1.868067 10.754779 208 210 188
-3.067084 3.502096 10.934800 201 203 192
-3.187435 -1.369948 10.459330 163 172 151
-2.972401 6.589777 11.162170 70 74 60
-3.219292 -2.620972 10.155703 171 161 151
-3.040045 3.450181 10.804383 52 48 36
-3.040045 3.450181 10.804383 52 48 36
-3.063700 2.733997 10.666623 168 150 140
-2.937125 6.534491 10.967322 54 67 50
-2.970456 5.457956 10.822938 153 144 127
-3.029597 2.674303 10.483790 164 146 136
-3.124207 -1.352122 10.332057 86 95 78
-2.975915 4.107016 10.721567 180 183 164
-3.002406 3.235975 10.588067 198 192 170
-3.188637 -3.170699 9.955016 194 192 180
-2.996449 3.371999 10.587461 201 194 175
-2.996449 3.371999 10.587461 201 194 175
-2.955463 4.762928 10.708666 116 118 105
-2.906539 5.995337 10.898823 175 186 170
-2.980354 3.415408 10.612185 190 187 168
-3.155935 -2.597548 10.009753 182 176 164
-2.939294 4.851237 10.738296 190 190 178
-2.939294 4.851237 10.738296 190 190 178
-3.016166 2.144954 10.467632 206 216 189
-2.961163 4.028206 10.645028 169 153 138
-2.992021 2.760706 10.544386 147 119 107
-2.988698 2.922406 10.544723 202 195 176
-3.023324 1.534888 10.393337 172 145 128
-2.920720 4.829843 10.735860 111 109 97
-2.875679 5.977996 10.932566 41 49 36
-2.943403 3.908870 10.622411 118 96 83
-2.936727 3.993221 10.644360 117 104 88
-3.065239 -0.066639 10.134301 158 144 133
-2.889875 5.343979 10.834233 59 61 50
-3.025070 0.797193 10.339190 202 193 178
-3.000086 1.673723 10.387242 140 136 124
-2.995622 1.678179 10.406963 140 136 124
-3.160147 -3.702866 9.787925 68 72 55
-2.953103 2.914992 10.512633 136 113 95
-2.978929 1.693873 10.479301 140 136 124
-3.000559 1.270795 10.328710 142 119 103
-2.941594 2.983139 10.543943 125 99 86
-3.076386 -1.382884 10.018231 210 207 190
-3.025225 0.235644 10.204140 203 186 168
-2.993715 1.047781 10.360218 216 213 198
-2.972574 1.906641 10.392953 107 101 85
-2.970855 1.840265 10.394402 130 120 108
-2.891710 4.279836 10.654957 103 95 82
-2.857465 5.279474 10.814838 156 158 145
-3.018723 0.182811 10.198986 133 114 97
-2.959107 1.662953 10.504752 179 187 176
-3.048829 -0.770026 10.070195 177 159 149
-2.804214 6.633994 10.978024 129 141 129
-3.031712 -0.455545 10.134072 190 177 169
-2.884346 4.127926 10.667663 135 141 129
-2.846888 5.265249 10.819893 154 161 145
-2.955933 1.747218 10.387253 128 111 103
-2.974607 1.170294 10.305917 188 183 163
-2.946972 1.756415 10.426095 128 111 103
-3.107340 -3.019316 9.789371 180 182 169
-2.922035 2.210887 10.468806 55 52 43
-2.868286 3.533152 10.611725 169 163 147
-3.027447 -1.244291 9.978531 143 143 131
-3.026073 -1.442133 9.985110 134 127 119
-2.845268 4.017062 10.690349 165 167 146
-2.995823 -1.355202 10.112619 47 47 35
-2.900699 1.632277 10.375109 153 165 151
-3.017897 -1.880489 9.929354 192 199 183
-2.802418 4.168207 10.667775 98 83 76
-2.889149 1.024595 10.388936 54 52 40
-2.954221 -1.033362 10.053857 154 141 133
-2.989369 -1.987347 9.898883 170 179 158
-3.015061 -3.156426 9.746593 157 155 143
-2.714427 4.794075 10.825416 149 156 140
-2.684144 5.367683 10.891941 129 131 126
-3.008352 -3.744192 9.674952 136 129 121
-2.873154 -0.201484 10.181693 144 130 127
-2.916493 -1.897545 9.994345 171 174 163
-2.940010 -2.585432 9.855518 133 128 122
-2.659963 5.290607 10.886014 156 160 145
-2.747128 2.244779 10.539597 149 157 146
-2.890094 -2.537014 9.937363 46 49 38
-2.755662 0.963837 10.392124 141 124 117
-2.649875 3.873665 10.740761 120 117 98
-2.872586 -2.448835 9.881685 160 173 156
-2.734344 1.105412 10.402848 191 210 190
-2.847045 -2.311997 9.953030 142 145 124
-2.877506 -3.167275 9.790606 142 135 125
-2.580090 4.039092 10.787413 170 175 152
-2.743968 -0.829495 10.164756 126 116 106
-2.768059 -1.990321 10.030830 178 182 165
-2.522097 4.127246 10.840998 140 152 142
-2.459800 5.287511 10.973317 157 157 145
-2.725820 -2.438129 9.978036 116 125 106
-2.474227 3.730146 10.768816 151 150 130
-2.552630 1.060544 10.480991 164 175 158
-2.326801 6.663111 11.215597 130 138 125
-2.596977 -0.697870 10.271123 186 194 181
-2.629678 -1.883825 10.085330 154 160 146
-2.659834 -2.582659 9.973849 133 129 120
-2.316946 5.281691 11.027799 145 142 127
-2.506954 -0.704263 10.332002 175 186 172
-2.458097 -0.700036 10.328228 178 189 173
-2.526749 -2.394782 10.067105 118 127 106
-2.596804 -3.829965 9.815935 148 144 141
-2.422338 -0.130872 10.426194 168 174 160
-2.221772 4.777687 11.039285 137 140 129
-2.237289 3.934694 10.915092 163 166 147
-2.534492 -3.200623 9.963156 147 147 135
-2.348293 0.332099 10.551701 144 138 126
-2.118872 6.003006 11.250190 30 30 22
-2.175176 4.727838 11.047453 40 36 25
-2.431925 -2.087150 10.205196 165 173 149
-2.076284 6.518420 11.290748 123 123 113
-2.336300 -0.125954 10.461428 174 178 163
-2.055349 6.079341 11.316085 135 145 134
-2.335628 -1.319623 10.355159 168 174 162
-2.329390 -0.894075 10.334475 153 143 131
-2.424254 -3.221206 10.019749 131 124 114
-2.334954 -1.992755 10.309200 42 48 38
-2.293720 -0.874094 10.395813 58 56 43
-2.434264 -3.790273 9.918496 111 102 97
-2.414156 -3.347746 9.963372 161 165 150
-2.300525 -1.310063 10.355531 31 34 25
-2.378008 -3.211476 10.138132 34 34 26
-2.193882 1.053361 10.689335 155 165 154
-2.410457 -3.484899 9.947662 143 149 139
-2.339167 -2.484076 10.168840 88 99 85
-2.241198 -0.737698 10.497060 166 183 167
-2.266919 -1.307071 10.358940 186 187 179
-2.255870 -1.062448 10.388256 154 154 146
-2.356246 -3.238025 10.047107 30 31 25
-2.210251 -0.045217 10.504428 119 105 92
-2.303598 -2.415954 10.169728 164 171 163
-2.042246 2.728700 10.899332 126 116 104
-2.103285 0.471352 10.616305 123 111 99
-2.152360 -0.822912 10.421867 135 122 114
-2.098654 0.330704 10.578066 130 115 108
-2.179466 -1.992993 10.325272 41 42 36
-2.237054 -3.168750 10.082420 43 45 34
-2.054108 0.433740 10.659126 165 176 162
-1.970680 2.248959 10.887126 148 154 142
-1.872866 3.387931 11.040721 135 118 108
-2.168558 -4.381803 10.071515 18 27 22
-2.121240 -3.188257 10.164084 35 35 25
-1.926581 -1.147728 10.507238 106 93 85
-1.698667 2.227399 11.020144 153 165 151
-2.000683 -3.804811 10.169088 29 28 23
-2.000683 -3.804811 10.169088 29 28 23
-1.842271 -0.846707 10.548439 137 126 124
-1.483597 4.642382 11.360569 114 100 87
-1.544986 2.283314 11.083865 108 108 98
-1.310372 6.648395 11.691415 33 28 22
-1.536744 2.087413 11.051121 124 107 97
-1.421350 4.110152 11.347784 155 163 152
-1.205703 7.272822 11.810853 46 49 38
-1.542068 0.907175 10.899548 137 125 113
-1.679022 -1.967390 10.528999 152 160 149
-1.471225 1.562938 11.074857 33 33 25
-1.471225 1.562938 11.074857 33 33 25
-1.525902 0.435509 10.892722 154 162 149
-1.569860 -0.282489 10.763671 135 107 95
-1.600389 -0.856660 10.652587 127 114 106
-1.376837 2.890887 11.208246 159 157 145
-1.412664 2.091029 11.126063 160 162 148
-1.548215 -0.280835 10.757751 142 126 113
-1.360399 2.827231 11.254812 151 159 146
1.407522 6.004344 21.752464 162 173 156
-1.588178 -1.478579 10.571913 139 127 115
-1.459109 0.415517 10.904564 167 178 164
-1.436342 0.844400 10.963229 173 183 172
-1.573550 -1.525006 10.574535 162 156 142
-1.602012 -2.078330 10.502418 120 109 103
-1.255882 4.150952 11.411692 147 145 132
-1.418343 0.746890 10.932117 126 116 107
-1.480562 -0.774094 10.740396 186 188 177
-1.606519 -3.886911 10.402546 20 17 10
-1.487620 -1.471859 10.655627 188 192 177
-1.487620 -1.471859 10.655627 188 192 177
-1.462620 -1.389726 10.718756 168 175 159
-1.225073 2.814389 11.295802 143 153 142
-1.404382 -0.672276 10.785234 119 106 98
-1.306998 0.983580 11.031955 163 171 158
-1.478138 -1.938235 10.572449 149 166 148
-1.513026 -2.697948 10.483421 144 160 147
-1.437545 -1.557732 10.620752 105 96 87
-1.513317 -3.288388 10.402003 107 104 99
-1.540256 -4.308267 10.244390 114 125 117
-1.121747 0.978492 11.112953 157 167 156
-0.813029 5.382766 11.729802 123 134 120
-1.361893 -2.905251 10.309742 113 110 105
-1.361893 -2.905251 10.309742 113 110 105
-1.152452 -0.805729 10.885396 149 152 143
-0.943694 2.065422 11.313692 123 110 102
-1.264815 -3.178850 10.506747 117 124 116
-1.229142 -2.739196 10.557920 101 90 86
-1.314726 -4.379349 10.283295 20 19 15
-0.527866 7.894018 12.148776 42 39 30
-0.928427 1.150404 11.195762 217 199 185
-1.153031 -2.618601 10.637820 116 124 113
-1.192462 -3.844839 10.464762 24 20 17
-0.485479 7.280737 12.101472 39 39 27
-0.551458 6.008521 11.904409 125 133 120
-1.120225 -3.760386 10.536695 97 94 89
-0.701983 2.679365 11.466650 124 104 93
-0.795250 0.851088 11.201429 90 82 69
-0.644791 3.017659 11.537468 134 116 102
-0.640702 2.179781 11.516256 10 16 14
-1.062921 -3.817816 10.526200 94 97 90
-0.884819 -1.415055 10.914242 134 139 132
-0.620191 2.069079 11.454386 116 103 95
-0.358733 6.033432 12.022129 125 127 116
-0.933911 -2.738935 10.704299 106 99 93
-1.315608 4.509312 9.068174 131 127 118
-0.870497 -2.670994 10.788204 19 27 16
-0.920015 -3.223381 10.667500 131 139 128
-0.634522 0.989986 11.295285 152 163 149
-0.837978 -2.645472 10.838125 118 124 114
-0.622795 0.357556 11.265257 149 163 150
-0.649827 0.109581 11.189586 147 153 141
-0.662870 -0.159679 11.083740 153 154 140
-0.820252 -2.758029 10.747469 115 106 101
-0.704358 -2.062295 10.963074 14 24 13
-0.683327 -1.390027 10.970218 153 161 148
-0.536619 0.305409 11.300319 37 34 25
-0.398940 2.669760 11.580280 114 92 81
-0.432412 2.062244 11.492061 119 99 90
-0.557691 -0.886197 11.120328 27 26 21
-0.557691 -0.886197 11.120328 27 26 21
-0.628306 -2.151083 10.892034 113 108 102
-0.012118 6.555016 12.179691 46 39 29
-0.404972 0.854808 11.337419 154 150 138
-0.404577 0.820566 11.339542 155 146 131
-0.645627 -3.276881 10.803995 18 28 19
-0.660498 -3.824952 10.672826 105 113 102
-0.658472 -3.827843 10.676250 105 113 102
-0.420081 -0.809872 11.138957 150 158 147
-0.243342 0.943539 11.459551 140 150 141
-0.254957 0.862498 11.412825 143 137 125
-0.385614 -1.542732 11.083498 104 99 93
-0.571079 -4.402100 10.626637 88 101 91
-0.288459 -0.832942 11.176642 130 138 127
0.372102 6.600756 12.391150 32 25 15
0.372102 6.600756 12.391150 32 25 15
0.288096 5.294603 12.210764 30 27 18
0.242522 4.046627 12.100625 23 20 15
0.459958 7.022304 12.496445 111 109 97
0.158392 2.784015 11.875304 135 151 141
-0.323072 -3.400686 10.891044 94 91 82
0.077762 1.530411 11.693349 142 154 142
0.226671 3.429464 11.982944 125 137 127
-0.194688 -2.175159 11.081845 114 115 109
0.396481 5.254595 12.217713 42 33 24
0.116689 0.880499 11.651956 25 28 21
0.116689 0.880499 11.651956 25 28 21
-0.149562 -2.168743 11.068516 118 123 116
0.274667 2.819091 11.914006 136 148 136
0.610148 7.220873 12.573103 41 38 29
0.118202 0.310549 11.585409 7 12 6
-0.141742 -2.681802 11.042838 106 116 107
0.512913 5.280746 12.263279 131 139 128
0.658352 7.172250 12.534495 51 47 35
0.069106 -0.914591 11.395110 25 26 18
0.155316 0.329986 11.527509 128 134 122
-0.027648 -2.063396 11.160527 115 122 114
0.647733 6.535728 12.457169 43 35 24
0.614127 5.871661 12.385311 125 113 101
-0.085634 -3.266533 10.994190 96 107 99
0.146246 -0.433748 11.425954 57 43 34
0.058412 -2.098540 11.241570 9 16 8
0.179397 -1.513419 11.379929 9 19 10
0.139760 -1.635047 11.271064 84 96 86
-0.000008 -3.424501 11.003664 78 78 70
0.277381 -0.891461 11.480016 129 132 123
0.455164 1.426744 11.807903 139 129 120
0.064706 -4.515549 10.910325 7 11 10
0.222241 -2.789861 11.206623 13 12 7
0.302916 -1.836719 11.300509 117 140 132
0.520265 0.794628 11.686040 112 98 89
1.218374 7.204734 12.809305 20 23 12
1.218374 7.204734 12.809305 20 23 12
0.915755 3.284117 12.236237 101 91 81
1.304639 7.897929 12.900757 116 128 116
1.194355 5.931916 12.681170 38 32 20
1.094687 4.629286 12.494410 29 31 20
0.305484 -5.094282 10.976583 50 55 48
0.320616 -4.441826 10.980645 78 90 76
0.955383 2.082649 12.141604 31 30 25
1.102672 3.355979 12.380666 30 29 25
1.407017 7.208430 12.853957 117 125 114
0.939839 0.856415 12.019143 17 16 12
0.939210 0.890794 12.001720 8 18 9
0.836480 0.192388 11.773877 113 109 100
1.333631 5.175672 12.607486 111 102 93
0.484024 -4.495809 11.097798 76 90 77
1.107906 1.444585 12.156297 8 18 7
0.864502 -1.574072 11.634847 22 23 18
1.073980 0.068662 12.032126 153 154 140
1.129588 1.390586 12.091353 101 101 91
1.592414 6.558080 12.859988 115 116 108
0.810055 -3.493460 11.523071 12 13 7
1.780380 7.887336 13.161998 37 40 31
0.941121 -1.049222 11.671202 115 117 106
1.220693 1.469298 12.134076 131 138 131
1.290887 2.095458 12.253448 130 136 126
1.903702 7.945116 13.205852 107 117 106
1.096153 -0.930851 11.781513 117 122 115
0.930963 -2.732054 11.490877 103 119 109
0.946412 -2.736705 11.516283 103 119 109
0.818404 -4.567152 11.283012 67 77 66
1.784265 5.843877 12.904461 120 111 102
1.865085 7.056165 12.993015 109 101 88
1.709047 4.632787 12.727633 126 133 126
1.047557 -2.758993 11.560328 95 108 99
0.841312 -5.225839 11.212211 4 2 3
0.844365 -5.120208 11.192955 93 98 92
2.063211 6.559711 13.117275 23 20 15
2.063211 6.559711 13.117275 23 20 15
1.900901 4.527877 12.814010 101 88 79
2.169011 7.084964 13.183501 112 114 103
1.812216 2.741757 12.569633 127 137 128
1.563573 0.725129 12.137947 105 90 85
1.895898 2.700458 12.661682 22 25 16
2.343125 7.848541 13.363097 38 41 34
2.034973 4.515882 12.849107 112 115 104
1.429678 -1.548833 11.826826 100 105 98
1.806339 1.423062 12.430077 33 34 29
2.053476 4.002597 12.815306 122 133 119
1.763235 1.326710 12.311044 108 104 93
1.762771 0.801147 12.297426 14 11 6
1.902935 2.064675 12.520258 121 132 124
2.012846 3.212557 12.693494 102 98 89
1.868034 1.355591 12.386441 109 107 95
1.831560 0.718923 12.301182 124 123 118
2.468536 7.098765 13.316512 110 100 91
1.830229 0.623194 12.279845 120 123 112
2.567953 7.903780 13.468647 114 124 113
1.723383 -0.768422 12.079150 74 87 78
1.754788 -0.653151 12.080044 117 127 118
1.875480 -0.325401 12.242681 100 101 95
1.699263 -2.935019 11.960378 10 12 7
1.789088 -1.624874 12.060375 94 101 94
1.480528 -4.642899 11.520181 2 7 0
1.752639 -2.173709 11.918404 99 105 95
1.750770 -2.960213 11.876969 95 101 91
1.823592 -2.341456 11.936156 94 91 82
2.748985 6.501919 13.368871 37 39 28
1.711701 -4.173707 11.694381 68 63 57
3.086584 7.869046 13.732478 25 36 28
2.573793 2.600151 12.884683 107 109 98
2.459203 1.921813 12.690827 100 87 79
2.920871 5.866061 13.397644 18 24 14
2.920871 5.866061 13.397644 18 24 14
2.920871 5.866061 13.397644 18 24 14
3.228589 8.533410 13.820066 114 118 101
2.054493 -2.357689 12.021038 79 72 64
2.025376 -2.887498 11.947409 16 19 12
2.069549 -2.843519 11.993645 70 81 73
2.906853 4.554827 13.221207 10 15 8
2.685240 2.011527 12.867486 25 26 20
2.530022 0.805648 12.627012 123 129 119
2.865236 3.348734 13.095825 128 135 128
2.640372 1.366721 12.753679 21 27 17
2.279835 -1.779881 12.191002 97 98 92
2.778249 2.511140 12.938030 145 145 133
3.329880 7.789165 13.742260 33 45 33
3.269021 7.168696 13.641165 100 106 96
2.267673 -2.241980 12.122494 86 94 83
3.549514 9.089778 14.029236 139 152 143
3.549514 9.089778 14.029236 139 152 143
2.386814 -1.644821 12.280736 98 101 94
2.692595 0.826583 12.697867 122 130 119
2.698520 0.940956 12.681458 135 139 124
2.582050 -0.484971 12.511478 12 11 7
3.584870 7.871892 13.924013 36 48 36
2.325849 -3.459796 12.057124 63 69 59
2.647786 -0.414973 12.507632 98 106 95
2.325663 -3.608767 12.009588 69 65 62
2.315362 -4.074398 11.981137 56 64 53
3.574471 6.536071 13.727369 118 125 117
2.448083 -4.136613 12.013462 4 4 2
2.492645 -3.613021 12.064496 87 84 75
2.487803 -3.957429 12.041739 74 74 66
2.721544 -1.803642 12.351629 82 75 69
3.808991 6.505840 13.858317 25 33 22
3.808991 6.505840 13.858317 25 33 22
3.232316 1.899908 13.001714 106 95 89
4.004398 7.795392 14.045201 41 53 43
3.715051 4.568573 13.567023 124 134 125
3.691980 3.938894 13.473503 116 124 113
3.823188 4.549100 13.654760 11 17 13
4.170591 7.852106 14.125484 113 125 113
3.553840 1.340361 13.175897 12 11 6
4.176649 6.512125 13.978967 123 128 121
3.603250 1.408041 13.153363 127 127 119
3.658778 0.689144 13.082096 21 18 11
3.476675 -1.089056 12.836654 92 93 85
4.603339 7.774417 14.296184 41 48 40
3.400791 -3.045422 12.678436 11 12 6
3.442546 -1.810290 12.688577 87 83 74
4.755775 7.841836 14.377622 110 120 109
4.656543 6.456734 14.194304 26 32 22
4.865291 7.833725 14.453757 43 50 42
4.712223 5.858829 14.189713 31 28 19
4.479503 3.873443 13.841152 14 19 12
3.374246 -4.285499 12.365066 67 62 58
3.374246 -4.285499 12.365066 67 62 58
3.863076 -0.497214 13.003274 87 93 83
4.653353 5.055780 14.016069 111 107 98
4.653297 4.611683 13.981373 117 120 113
4.565080 3.125013 13.761377 97 84 78
4.503197 2.498429 13.638306 98 101 92
5.472564 7.816338 14.696930 29 39 28
4.743372 2.491344 13.735602 102 102 92
4.256671 -1.802409 13.070865 16 15 10
4.472461 -1.154377 13.354452 83 93 85
5.579012 6.488678 14.588131 24 29 22
5.579012 6.488678 14.588131 24 29 22
4.163722 -3.720383 12.785089 67 62 56
5.168771 3.737916 14.015144 99 90 81
4.445064 -2.331269 13.036970 67 75 64
12.460498 -5.205895 24.211536 73 79 69
5.484102 3.833360 14.222040 14 15 9
5.348908 2.544426 14.060129 12 15 8
5.348908 2.544426 14.060129 12 15 8
5.508667 3.905762 14.220113 108 109 101
5.086767 -0.549675 13.571442 95 105 94
5.102037 -0.552172 13.588058 95 105 94
4.930304 -1.783972 13.332087 74 75 69
-6.287311 -6.677282 16.914360 168 168 144
-6.313135 -6.043262 17.066086 152 147 128
-6.452002 -3.530648 17.769218 173 160 143
-6.506058 -2.979862 18.075039 178 167 149
-6.169528 -6.639248 16.694117 70 73 62
-6.295518 -4.766881 17.192986 178 173 154
-6.295518 -4.766881 17.192986 178 173 154
-6.194686 -5.950096 16.949018 87 96 79
-6.497555 -0.482586 18.513714 189 172 156
-6.202451 -3.923006 17.254478 109 121 97
-6.551302 0.368353 18.760448 140 129 111
-6.186167 -3.546576 17.255457 122 119 102
-6.186062 -3.386736 17.396627 187 195 172
-6.171557 -2.868481 17.301207 183 171 149
-6.155143 -2.759830 17.391491 180 182 160
-6.273301 -1.014428 17.775038 181 164 146
-6.606529 3.555740 19.346798 196 192 165
-6.200567 -1.569392 17.719446 105 98 79
-6.196721 -0.947302 17.562269 114 115 101
-5.807126 -5.727548 16.028406 156 160 145
-5.881780 -4.595161 16.331030 81 83 69
-6.205591 -0.228035 17.792995 122 127 105
-5.961242 -3.280051 16.707684 174 182 159
-6.119746 -0.779901 17.483604 229 224 205
-5.793545 -5.279364 16.048014 166 165 147
-6.695955 7.388831 19.959694 104 103 83
-5.733012 -5.664913 15.697770 132 145 127
-6.463579 4.214203 19.224302 92 79 60
-6.488859 4.881245 19.195864 186 188 164
-6.488859 4.881245 19.195864 186 188 164
-5.857042 -3.866957 16.382765 189 197 174
-5.899925 -3.150316 16.511415 204 200 171
-6.678822 9.421067 18.976955 191 209 185
-6.374303 3.525506 18.854061 106 98 77
-6.296361 2.900857 18.473782 94 85 68
-5.882601 -2.772779 16.562210 188 183 161
-5.743024 -4.634316 15.955261 148 136 124
-6.590318 7.424340 19.798756 111 108 89
-5.783397 -4.010560 16.150415 179 172 156
-6.226789 2.313033 18.286156 202 200 179
-6.342288 4.895000 18.833452 190 192 168
-6.094635 1.043968 17.890463 214 217 196
-5.896683 -1.559333 16.800552 178 161 145
-6.117869 1.686363 17.982786 201 203 182
-5.771706 -3.209337 16.294275 174 183 164
-6.234900 3.554653 18.514030 94 87 68
-6.614951 9.379206 20.114340 197 215 193
-6.120111 2.303087 18.077658 105 100 81
-6.542126 9.402396 19.933033 192 210 188
-6.042521 1.661906 17.935003 92 84 63
-6.042521 1.661906 17.935003 92 84 63
-5.812157 -1.476905 16.640232 113 107 91
-6.055580 3.024302 17.940456 203 205 184
-6.330589 7.496106 19.249605 94 96 75
-5.499913 -5.095085 15.360350 74 72 57
-5.459361 -5.740366 15.280682 72 80 67
-5.845500 0.356470 17.114660 188 171 153
-6.025540 3.004617 18.082460 102 100 79
-5.652259 -2.148696 16.147062 180 164 148
-5.513424 -3.933917 15.537386 166 152 139
-6.221125 7.482201 18.974058 108 104 79
-5.673950 -0.863413 16.438450 184 166 146
-5.984239 4.329156 18.005817 190 192 170
-5.433309 -4.549549 15.299039 143 146 127
-5.714915 -0.173041 16.864290 197 202 179
-5.894408 3.061724 17.699625 188 191 172
-6.077165 6.289760 18.463856 165 177 153
-5.382258 -5.014496 15.104708 142 144 123
-5.525741 -2.116738 15.798414 178 169 152
-5.508539 -2.147353 15.811905 189 180 165
-5.819180 3.052266 17.397617 204 207 186
-5.822742 3.222149 17.344856 196 183 164
-5.478129 -2.546145 15.734856 111 115 98
-5.645113 0.380233 16.504223 183 161 147
-6.067299 7.556264 18.665808 90 88 67
-6.067299 7.556264 18.665808 90 88 67
-5.491093 -2.004922 15.704282 96 98 77
-6.058868 7.573050 18.562252 172 175 154
-5.723304 1.790541 17.081797 198 199 181
-5.524906 -1.448596 16.052673 170 154 138
-5.445155 -2.625277 15.655250 85 82 67
-5.777845 3.163854 17.278236 134 133 112
-5.514740 -1.350140 16.109879 181 189 166
-5.406840 -2.920732 15.260495 152 157 135
-5.651357 1.132757 16.840511 206 208 186
-5.966345 6.919000 18.236151 189 192 171
-5.470382 -1.270725 15.836842 124 132 111
-5.200206 -5.527603 14.539890 125 131 119
-5.717408 3.693632 17.278833 188 196 173
-5.598656 1.900832 16.730185 146 124 110
-5.461632 -0.025050 16.088751 134 127 109
-5.141017 -5.581438 14.401928 65 67 54
-5.192657 -4.289615 14.625073 158 171 153
-5.193724 -3.839138 14.693933 173 170 153
-5.482749 1.445988 16.432085 121 98 84
-5.497398 1.720822 16.488569 189 168 149
-5.148685 -4.253438 14.607488 97 105 90
-5.741457 6.910107 17.778564 84 87 66
-5.741457 6.910107 17.778564 84 87 66
-5.197851 -3.072341 14.827762 155 165 141
-5.857398 9.345439 18.415390 136 153 134
-5.724447 7.598320 17.784719 176 179 160
-5.188660 -2.490980 15.035028 161 175 152
-5.101059 -3.813644 14.525693 145 141 130
-5.588176 5.660327 17.350780 77 71 55
-5.641719 6.938557 17.591204 72 77 55
-5.444153 3.753278 16.636639 177 186 165
-5.723524 9.360977 18.060482 130 149 129
-5.010967 -4.366626 14.400321 72 73 59
-5.317918 1.967116 16.041389 186 177 160
-5.406786 3.834018 16.542778 131 119 107
-5.220591 0.477880 15.542209 162 139 123
-4.919014 -5.452793 13.902645 107 108 94
-5.358972 3.720289 16.506161 88 85 70
-4.926643 -4.840919 14.045992 132 141 120
-5.100333 -0.710306 15.057737 171 154 138
-5.331627 4.380252 16.650930 91 90 70
-5.055608 -1.228849 14.966541 188 203 184
-4.926053 -3.644488 14.148365 145 152 136
-5.043888 -0.654873 15.106428 84 85 67
-5.352723 6.344204 16.876057 86 83 66
-4.815495 -5.405457 13.657974 115 113 101
-4.836485 -4.814064 13.768263 129 131 118
-4.794804 -5.520488 13.698730 52 50 37
-4.963855 -1.284436 14.835979 94 97 80
-5.380837 9.458072 17.183058 186 205 186
-4.734245 -5.534959 13.454094 125 126 110
-4.724676 -5.362124 13.409554 119 120 106
-5.336997 9.376455 17.117666 126 143 124
-5.325087 9.443825 17.195005 126 143 124
-4.793728 -3.005173 13.997155 156 160 143
-4.997042 3.139789 15.576247 64 58 44
-4.789142 -1.769772 14.231591 183 192 173
-4.887386 0.712528 14.813981 147 148 134
-4.797797 -1.133347 14.266500 134 143 124
-5.091386 6.285969 16.060234 60 69 48
-4.951525 3.183542 15.463868 184 185 169
-5.017045 5.107039 15.838174 180 190 166
-5.041618 5.723768 15.909728 181 190 171
-5.068380 6.680522 16.043823 174 171 140
-4.754298 -1.158090 14.249430 171 184 166
-4.647827 -3.648192 13.445315 136 124 112
-4.875202 3.840925 15.404219 181 188 170
-5.077918 9.441816 16.559931 119 142 126
-4.592069 -3.523799 13.398712 153 160 144
-4.898396 5.094013 15.640778 73 66 48
-5.030741 9.378593 16.441536 170 193 175
-4.648441 -0.513451 14.134601 197 202 182
-4.942376 7.649763 15.845411 168 175 157
-4.896195 6.855917 15.562679 167 169 147
-4.712110 2.627910 14.768456 179 187 166
-4.438099 -4.818631 12.970194 49 40 31
-4.842513 7.045280 15.555152 169 178 157
-4.698692 3.008872 14.756246 128 112 97
-4.853329 7.736426 15.733414 151 162 145
-4.648265 2.573641 14.684676 69 67 54
-4.626412 1.937848 14.554967 82 75 59
-4.652821 2.667021 14.579531 114 112 99
-4.554102 0.691865 14.222365 86 87 69
-4.759292 7.300721 15.470534 169 179 145
-4.625715 3.835327 14.803437 73 72 54
-4.519543 0.762360 14.001948 193 202 185
-4.723375 7.043843 15.265585 172 184 160
-4.515758 0.764348 14.018012 193 202 185
-4.466141 -0.911725 13.562699 112 100 88
-4.373437 -3.628696 12.983245 64 70 58
-4.369453 -3.493455 13.041803 152 165 148
-4.719022 7.573555 15.362599 158 162 139
-4.720015 7.674656 15.407896 68 80 58
-4.591268 3.902851 14.744894 182 195 177
-4.447837 -0.883321 13.493826 167 153 142
-4.566128 3.248739 14.555231 195 199 184
-4.302146 -4.776243 12.683857 52 46 34
-4.414419 -0.501218 13.684836 63 61 46
-4.324702 -3.567160 12.927776 58 64 50
-4.466664 1.919518 14.077312 153 131 117
-4.641429 7.707689 15.160011 174 183 164
-4.614362 7.015840 15.089897 82 85 66
-4.350487 -1.762781 13.090774 164 145 131
-4.335142 -1.095108 13.334550 145 156 139
-4.262374 -3.482964 12.857620 148 162 147
-4.558086 7.304032 14.800427 167 166 135
-4.549368 7.326452 14.862481 167 166 135
-4.549368 7.326452 14.862481 167 166 135
-4.231798 -3.523751 12.806211 53 60 42
-4.213931 -4.591456 12.259249 118 116 104
-4.518678 7.750431 14.954215 168 181 163
-4.333950 1.370959 13.730602 84 83 63
-4.318818 2.025948 13.726303 194 205 189
-4.331887 3.492550 13.934220 180 167 150
-4.306201 3.496225 13.848956 133 127 111
-4.294364 3.857478 14.036953 84 85 69
-4.318885 5.143331 14.011094 173 188 169
-4.311155 6.416242 14.196091 170 179 162
-4.066192 -3.460403 12.150883 65 55 43
-4.280680 7.760107 14.389284 164 176 156
-4.065280 -1.637279 12.473360 84 77 61
-4.075196 -0.767157 12.591573 100 80 71
-4.148592 3.380386 13.494443 183 187 172
-4.076887 -0.010093 12.735346 195 182 165
-4.191324 5.842336 13.986210 179 183 169
-4.232302 7.731393 14.344254 71 80 61
-4.026937 -0.223858 12.626390 148 122 109
-4.009224 -0.349797 12.664515 187 195 180
-4.042861 1.626839 12.863329 201 175 162
-3.961686 -1.616315 12.406655 92 96 82
-4.109786 5.784500 13.730660 51 55 38
-3.931952 -2.709392 11.993548 164 175 159
-4.111446 7.115490 13.895288 164 173 154
-3.875894 -4.522826 11.588199 129 133 118
-3.960870 0.872690 12.745684 180 193 176
-3.960870 0.872690 12.745684 180 193 176
-3.842714 -4.620542 11.465393 117 103 90
-4.045322 7.739574 13.823651 70 74 60
-4.045322 7.739574 13.823651 70 74 60
-3.867625 -2.702375 11.776924 160 173 155
-3.852860 -2.120469 11.969488 160 171 154
-3.826577 -0.973739 12.138227 76 67 52
-3.861672 1.461734 12.493795 80 71 56
-3.878528 2.177606 12.556573 140 132 113
-3.815925 0.853852 12.546504 70 68 53
-3.896081 5.840072 13.159245 162 169 153
-3.818202 0.252421 12.091087 103 97 83
-3.784346 -0.859293 12.010153 179 188 171
-3.784210 -0.858899 12.010209 179 188 171
-3.767330 -2.578536 11.510876 172 166 152
-3.767330 -2.578536 11.510876 172 166 152
-3.761959 -0.967495 11.851188 169 147 134
-3.730980 -3.393735 11.391354 141 126 119
-3.742610 -2.159509 11.647002 73 66 56
-3.820448 4.649995 12.948872 182 186 171
-3.796992 3.376722 12.627839 181 189 174
-3.704586 -3.559320 11.375440 79 80 72
-3.785895 2.190816 12.289753 148 149 133
-3.771324 1.557805 12.224856 113 110 95
-3.677482 -2.068497 11.526390 170 184 171
-3.705023 0.276172 11.861835 100 95 75
-3.666710 -0.955524 11.717900 163 161 148
-3.651979 -0.963858 11.690893 161 172 158
-3.591372 -2.099055 11.554104 170 178 163
-3.597708 -2.127495 11.492049 51 53 39
-3.668124 4.215407 12.403458 128 120 107
-3.660232 4.227158 12.345809 226 220 206
-3.660232 4.227158 12.345809 226 220 206
-3.572623 -0.904286 11.599134 95 92 77
-3.611440 2.262721 11.924744 195 189 173
-3.544806 -1.429797 11.327781 187 200 182
-3.548318 -1.520138 11.244420 184 176 165
-3.531223 0.317997 11.728922 65 66 50
-3.594727 6.494937 12.639289 74 81 65
-3.594825 6.534218 12.566947 166 177 160
-3.553023 3.434151 11.954644 132 129 114
-3.567650 7.113244 12.598986 73 80 64
-3.491242 -3.313281 10.806515 148 140 129
-3.518007 5.860815 12.324100 61 59 44
-3.478987 0.697993 11.439507 194 175 161
-3.452296 -4.096142 10.529363 156 142 133
-3.431226 -3.849797 10.639010 55 49 37
-3.463519 5.273238 12.110808 55 56 42
-3.446299 2.825207 11.690978 182 199 181
-3.445471 5.874015 12.176836 55 56 40
-3.398016 -1.308105 10.928191 186 186 174
-3.417290 3.949262 11.699491 155 139 126
-3.360307 -3.886130 10.538969 133 143 134
-3.354578 -1.978008 10.797971 174 187 170
-3.379610 6.549542 12.008044 155 166 149
-3.347934 -0.334093 10.958181 188 189 171
-3.348577 -0.468179 10.932004 201 208 190
-3.329135 -3.218661 10.546584 28 26 14
-3.310259 -3.854150 10.449464 57 55 42
-3.335973 -3.256355 10.379742 151 134 124
-3.350305 1.798530 11.163675 157 129 115
-3.330872 1.662428 11.214082 138 126 114
-3.289511 1.575427 11.184644 56 56 44
-3.294704 -3.233935 10.312541 151 137 128
-3.288893 2.338956 11.226348 127 109 99
-3.255577 -2.738773 10.499931 164 156 143
-3.261520 1.608898 11.098810 182 193 177
-3.264402 0.918391 10.974067 197 190 174
-3.240738 0.491334 11.014309 183 177 165
-3.270482 6.566485 11.775064 159 167 152
-3.272809 2.268531 11.052313 126 116 107
-3.260252 -0.827585 10.617539 170 156 147
-3.239313 -3.213015 10.330658 58 48 38
-3.239313 -3.213015 10.330658 58 48 38
-3.181381 1.734041 11.079603 204 216 196
-3.209141 -1.450116 10.359712 198 201 180
-3.166430 -0.442780 10.685277 194 189 170
-3.209873 -3.824829 9.968375 163 161 146
-3.189866 -2.835847 9.969781 160 152 141
-3.138270 1.342962 10.712075 136 126 116
-3.164435 -3.067105 9.980941 166 174 159
-3.126087 0.713101 10.625361 187 182 163
-3.131537 -1.236043 10.282828 192 190 177
-3.108349 3.385873 10.903437 207 199 180
-3.111226 -1.285052 10.200166 135 146 129
-3.073034 2.155391 10.683037 196 206 182
-3.074137 6.542913 11.208262 153 167 142
-3.069331 3.279141 10.780305 142 137 117
-3.071533 1.069827 10.467585 139 119 108
-3.077877 -2.583844 9.910849 157 147 138
-3.070401 -1.997149 9.999695 161 147 136
-3.060087 -1.410677 10.069833 193 190 171
-3.028829 -3.153302 9.891845 34 31 16
-3.053880 -1.465800 9.980062 197 190 180
-2.997236 6.598578 11.169129 167 178 162
-3.011786 0.950324 10.354145 199 186 167
-3.014631 0.239813 10.244293 193 177 161
-3.004135 4.382979 10.763011 195 198 179
-3.010010 -2.546109 9.912796 53 57 42
-3.004551 -0.059658 10.210580 164 148 133
-3.001309 1.672314 10.420779 130 128 116
-3.003831 0.707641 10.288939 191 190 170
-3.006362 0.012448 10.199825 152 120 107
-2.995494 1.822785 10.425310 218 222 199
-2.995280 1.158199 10.337130 126 113 96
-2.984862 1.481713 10.387258 129 113 98
-2.990189 3.023855 10.523997 179 174 155
-2.982375 0.715311 10.277186 117 111 99
-2.977538 0.797672 10.299314 131 108 90
-2.947147 3.302444 10.583920 135 107 93
-2.957649 3.041426 10.512376 102 84 72
-2.955353 3.145678 10.525417 114 98 83
-2.945928 2.065216 10.415404 121 117 106
-2.935753 4.077623 10.658040 25 33 20
-2.934448 1.544674 10.346835 162 173 156
-2.910009 6.608824 10.970894 173 187 170
-2.915439 5.889411 10.865005 123 120 113
-2.923470 4.904097 10.697726 108 110 97
-2.902416 -0.177782 10.176380 146 135 131
-2.892311 2.772536 10.518888 133 119 110
-2.862672 6.600554 10.997277 46 59 49
-2.849983 0.784056 10.349650 169 156 148
-2.849983 0.784056 10.349650 169 156 148
-2.862641 4.728455 10.716228 125 136 122
-2.845577 5.385703 10.808745 125 142 134
-2.805909 5.102212 10.767239 166 173 157
-2.809415 4.695286 10.690022 129 137 124
-2.755182 0.968139 10.423145 140 123 115
-2.746019 4.103670 10.710140 142 147 141
-2.747470 -2.619902 9.982595 123 114 109
-2.717574 2.165832 10.529570 153 140 131
-2.699399 5.962770 10.932579 126 134 123
-2.698111 4.966012 10.790108 144 153 136
-2.710115 -3.078817 9.931924 152 159 151
-2.671622 4.045798 10.698504 22 32 21
-2.611280 3.493127 10.753218 142 150 139
-2.642857 -1.429507 10.162654 134 123 117
-2.584414 -2.310566 10.238447 165 168 147
-2.543697 2.775434 10.666192 120 105 100
-2.530124 0.232309 10.418123 122 113 104
-2.471720 6.268345 11.119192 135 139 124
-2.557333 -3.884123 9.908702 167 164 159
-2.458874 1.638133 10.639420 160 172 162
-2.392483 1.639734 10.642270 162 175 165
-2.405312 -0.802391 10.362618 162 159 150
-2.374439 -2.032745 10.228728 168 177 156
-2.384813 -3.495532 10.051538 135 139 124
-2.307047 3.808608 10.837646 123 126 107
-2.235005 6.594427 11.179878 129 139 128
-2.325641 -1.420305 10.294429 132 123 116
-2.315165 -2.641670 10.147465 141 138 131
-2.274189 -3.249427 10.136533 124 124 114
-2.172775 2.228913 10.787967 161 173 163
-2.190823 0.106255 10.556015 101 88 80
-2.250195 -3.254975 10.120943 72 67 63
-2.143392 1.576371 10.767942 39 44 37
-2.066733 6.624565 11.279077 133 144 130
-2.074606 2.295104 10.831214 115 108 98
-2.018118 5.348038 11.158716 134 144 136
-2.080774 -1.285424 10.376301 126 134 123
-2.054600 -1.444305 10.411611 125 116 109
-2.040861 -1.921705 10.337777 146 154 143
-2.046227 -2.554615 10.280546 127 133 123
-1.974081 -4.331662 10.093730 118 128 120
-1.726508 2.208587 10.983642 148 159 153
-1.797405 -0.267453 10.654047 152 145 139
-1.854644 -4.038654 10.085405 110 112 107
-1.457194 6.595881 11.578528 27 30 19
-1.559171 2.318908 11.052886 213 213 203
-1.559171 2.318908 11.052886 213 213 203
-1.398602 4.060677 11.364057 33 34 28
-1.373154 5.336530 11.482655 26 28 17
-1.336830 6.608121 11.632481 33 28 22
-1.352963 3.412740 11.310211 143 151 140
-1.511572 -1.609991 10.644383 122 133 117
-1.291807 5.982872 11.545792 127 143 130
-1.343079 2.161146 11.181386 29 34 27
-1.249391 5.363782 11.499275 121 129 118
-1.292182 3.389142 11.293147 30 31 25
-1.378371 -0.184812 10.889529 148 162 149
-1.388464 -0.243007 10.834161 42 45 36
-1.290918 0.891044 11.037525 134 127 119
-1.379982 -3.377023 10.505121 114 116 111
-1.083752 4.569508 11.471514 114 100 91
-0.837039 6.635461 11.844858 126 133 125
-0.622651 5.937650 11.863029 30 30 20
-0.598335 4.071261 11.681065 111 124 114
-0.497644 5.964023 11.939153 34 37 30
-0.497644 5.964023 11.939153 34 37 30
-0.948614 -4.422730 10.535444 96 105 100
-0.337224 6.579226 12.024288 120 127 119
-0.831342 -4.537215 10.641464 18 23 19
-0.410374 3.940623 11.732624 119 117 104
-0.499606 2.074517 11.493015 112 103 98
-0.338458 5.237060 11.901030 117 108 99
-0.734731 -2.464421 10.851824 72 63 56
-0.126674 5.985477 12.087132 121 129 118
-0.525896 -2.120033 11.023572 20 25 18
-0.447616 -1.451016 11.092267 135 145 134
-0.332085 -1.612726 11.129613 129 129 121
-0.155902 0.238575 11.428046 120 112 101
-0.304652 -1.920419 11.094316 134 137 130
-0.254686 -2.274243 11.118155 107 110 103
0.286546 5.297639 12.210923 35 33 21
0.164671 2.128888 11.865014 20 30 22
0.434117 7.244395 12.445650 114 125 111
0.387942 5.958129 12.307779 114 125 111
0.084018 1.479375 11.621120 28 34 24
0.359283 5.302939 12.198026 118 121 114
0.294742 3.401591 11.982332 121 142 127
0.284098 3.272541 11.960549 132 124 113
0.482412 6.638694 12.393139 131 127 115
-0.140951 -3.445534 11.021176 88 91 82
-0.024356 -2.792692 11.162436 18 21 12
-0.008848 -2.226641 11.196354 119 130 122
0.571561 5.874871 12.326557 34 29 23
0.906165 7.980292 12.802198 125 135 126
0.327920 -1.904810 11.402500 116 136 125
0.975919 7.204998 12.665615 115 127 115
0.980049 7.207034 12.671386 115 127 115
0.933289 2.140152 12.180478 132 144 134
0.548745 -2.553538 11.454410 96 107 99
0.860484 0.918553 12.018874 131 139 128
1.287250 7.170554 12.806721 34 42 31
1.287250 7.170554 12.806721 34 42 31
1.292564 6.583323 12.766438 120 125 119
0.412367 -4.688007 11.100102 78 76 64
1.458191 6.516622 12.816122 27 24 19
1.418901 5.295649 12.652020 113 125 115
1.016751 -0.327106 11.915093 121 133 123
1.154768 1.484951 12.152780 138 149 143
1.041967 -0.079612 11.898569 113 110 103
1.790254 6.590493 12.978437 128 134 124
1.797793 5.905010 12.925745 35 35 25
1.986317 7.170954 13.122102 56 57 51
2.474827 9.715275 13.636896 134 160 151
2.045772 3.890559 12.834846 102 93 84
2.363728 7.160776 13.285049 21 31 20
1.968929 2.082378 12.615878 117 127 119
1.224617 -4.649765 11.437601 15 18 9
2.119892 3.309643 12.798059 0 4 0
2.433694 7.127775 13.279520 42 45 36
1.864738 0.237342 12.339563 118 125 118
1.889601 0.626414 12.363924 122 125 116
2.700424 7.304565 13.578367 42 45 36
2.921651 7.452028 13.825861 42 45 36
1.823997 -0.997802 12.166366 108 115 107
1.473057 -5.329421 11.509488 11 11 9
1.618877 -4.131331 11.713192 11 16 9
2.651629 9.832877 13.211565 160 187 178
2.651629 9.832877 13.211565 160 187 178
2.738513 4.648221 13.195953 120 132 120
2.808596 4.609157 13.231666 20 28 15
2.043274 -2.276539 12.113008 94 106 94
2.397494 0.345121 12.531138 109 111 108
2.748756 9.816198 12.979128 155 186 178
2.758949 2.580631 12.899651 28 39 23
2.707833 0.754738 12.777758 19 22 15
2.809795 1.303446 12.865982 126 130 116
3.158671 9.815197 13.318789 105 135 125
3.781362 7.742630 13.910534 68 78 67
2.786074 -1.110121 12.540681 16 26 17
3.064681 0.210204 12.817469 101 108 100
3.917409 5.877409 13.866278 44 52 41
4.142157 7.781292 14.133626 121 135 122
4.239007 7.847506 14.176858 54 68 55
3.890709 4.594761 13.649102 109 121 109
3.944357 9.837136 13.672680 151 178 173
3.726238 1.851364 13.356246 110 112 99
3.846176 2.669503 13.465924 113 122 117
4.143234 9.810761 13.675675 143 173 165
4.702189 7.175723 14.310360 47 50 43
4.220876 3.284579 13.639960 122 131 128
4.466570 1.299950 13.613547 30 33 26
4.620810 2.630623 13.780268 116 126 115
4.538990 2.495809 13.662100 94 96 85
5.580304 6.572104 14.630616 107 116 113
5.655597 6.543887 14.677455 33 39 35
4.649102 0.478646 13.512148 137 130 124
4.123598 -3.710421 12.851758 11 12 6
5.407794 3.870168 14.238235 14 21 13
5.492795 3.068733 14.153025 96 91 88
5.272920 1.771842 13.912827 108 107 102
4.356416 9.821795 12.757247 159 191 186
5.453404 1.963933 14.071019 112 122 114
6.095691 5.232449 14.681515 115 125 114
6.054765 3.745482 14.448727 102 99 90
6.326129 4.510725 14.701851 23 28 21
